season,circuit,Driver,compound,tyre_age,stint,stint_lap,lap_time_s,driver_fastest_lap_s,fuel_corrected_delta,lap_time_delta
2023,Silverstone,VER,MEDIUM,2,1,1,93.433,90.275,3.2130000000000014,3.2130000000000014
2023,Silverstone,VER,MEDIUM,3,1,2,92.73,90.275,2.564999999999998,2.564999999999998
2023,Silverstone,VER,MEDIUM,4,1,3,92.78,90.275,2.6699999999999955,2.6699999999999955
2023,Silverstone,VER,MEDIUM,5,1,4,92.582,90.275,2.526999999999988,2.526999999999988
2023,Silverstone,VER,MEDIUM,6,1,5,93.027,90.275,3.0269999999999953,3.0269999999999953
2023,Silverstone,VER,MEDIUM,7,1,6,93.1,90.275,3.1549999999999887,3.1549999999999887
2023,Silverstone,VER,MEDIUM,8,1,7,92.884,90.275,2.9939999999999944,2.9939999999999944
2023,Silverstone,VER,MEDIUM,9,1,8,92.822,90.275,2.986999999999997,2.986999999999997
2023,Silverstone,VER,MEDIUM,10,1,9,92.594,90.275,2.8139999999999885,2.8139999999999885
2023,Silverstone,VER,MEDIUM,11,1,10,92.597,90.275,2.8719999999999883,2.8719999999999883
2023,Silverstone,VER,MEDIUM,12,1,11,92.687,90.275,3.016999999999992,3.016999999999992
2023,Silverstone,VER,MEDIUM,13,1,12,92.678,90.275,3.0629999999999917,3.0629999999999917
2023,Silverstone,VER,MEDIUM,14,1,13,93.046,90.275,3.4860000000000007,3.4860000000000007
2023,Silverstone,VER,MEDIUM,15,1,14,92.99,90.275,3.484999999999989,3.484999999999989
2023,Silverstone,VER,MEDIUM,16,1,15,92.808,90.275,3.3580000000000014,3.3580000000000014
2023,Silverstone,VER,MEDIUM,17,1,16,92.603,90.275,3.2079999999999886,3.2079999999999886
2023,Silverstone,VER,MEDIUM,18,1,17,92.507,90.275,3.1669999999999994,3.1669999999999994
2023,Silverstone,VER,MEDIUM,19,1,18,92.338,90.275,3.0529999999999884,3.0529999999999884
2023,Silverstone,VER,MEDIUM,20,1,19,92.295,90.275,3.064999999999996,3.064999999999996
2023,Silverstone,VER,MEDIUM,21,1,20,92.494,90.275,3.318999999999994,3.318999999999994
2023,Silverstone,VER,MEDIUM,22,1,21,92.184,90.275,3.063999999999992,3.063999999999992
2023,Silverstone,VER,MEDIUM,23,1,22,92.272,90.275,3.207,3.207
2023,Silverstone,VER,MEDIUM,24,1,23,92.35,90.275,3.3399999999999883,3.3399999999999883
2023,Silverstone,VER,MEDIUM,25,1,24,92.295,90.275,3.3399999999999963,3.3399999999999963
2023,Silverstone,VER,MEDIUM,26,1,25,92.276,90.275,3.3759999999999906,3.3759999999999906
2023,Silverstone,VER,MEDIUM,27,1,26,92.138,90.275,3.2929999999999993,3.2929999999999993
2023,Silverstone,VER,MEDIUM,28,1,27,92.215,90.275,3.424999999999998,3.424999999999998
2023,Silverstone,VER,MEDIUM,29,1,28,92.251,90.275,3.515999999999999,3.515999999999999
2023,Silverstone,VER,MEDIUM,30,1,29,92.363,90.275,3.6829999999999936,3.6829999999999936
2023,Silverstone,VER,MEDIUM,31,1,30,92.388,90.275,3.7629999999999995,3.7629999999999995
2023,Silverstone,VER,MEDIUM,32,1,31,92.21,90.275,3.639999999999988,3.639999999999988
2023,Silverstone,VER,SOFT,9,2,1,90.348,90.275,0.12799999999999329,0.12799999999999329
2023,Silverstone,VER,SOFT,10,2,2,90.547,90.275,0.38199999999999135,0.38199999999999135
2023,Silverstone,VER,SOFT,11,2,3,90.688,90.275,0.5779999999999967,0.5779999999999967
2023,Silverstone,VER,SOFT,12,2,4,90.275,90.275,0.22,0.22
2023,Silverstone,VER,SOFT,13,2,5,90.535,90.275,0.5349999999999909,0.5349999999999909
2023,Silverstone,VER,SOFT,14,2,6,90.648,90.275,0.7029999999999905,0.7029999999999905
2023,Silverstone,VER,SOFT,15,2,7,91.342,90.275,1.451999999999993,1.451999999999993
2023,Silverstone,VER,SOFT,16,2,8,91.114,90.275,1.2789999999999986,1.2789999999999986
2023,Silverstone,VER,SOFT,17,2,9,91.148,90.275,1.3679999999999906,1.3679999999999906
2023,Silverstone,VER,SOFT,18,2,10,91.4,90.275,1.675,1.675
2023,Silverstone,VER,SOFT,19,2,11,91.218,90.275,1.5479999999999978,1.5479999999999978
2023,Silverstone,VER,SOFT,20,2,12,91.292,90.275,1.676999999999996,1.676999999999996
2023,Silverstone,VER,SOFT,21,2,13,91.397,90.275,1.8369999999999997,1.8369999999999997
2023,Silverstone,VER,SOFT,22,2,14,90.975,90.275,1.4699999999999886,1.4699999999999886
2023,Silverstone,GAS,MEDIUM,2,1,1,94.706,91.539,3.2220000000000018,3.2220000000000018
2023,Silverstone,GAS,MEDIUM,3,1,2,93.605,91.539,2.1760000000000024,2.1760000000000024
2023,Silverstone,GAS,MEDIUM,4,1,3,93.349,91.539,1.9750000000000023,1.9750000000000023
2023,Silverstone,GAS,MEDIUM,5,1,4,93.863,91.539,2.5439999999999983,2.5439999999999983
2023,Silverstone,GAS,MEDIUM,6,1,5,94.143,91.539,2.878999999999999,2.878999999999999
2023,Silverstone,GAS,MEDIUM,7,1,6,94.399,91.539,3.1899999999999995,3.1899999999999995
2023,Silverstone,GAS,MEDIUM,8,1,7,93.905,91.539,2.7509999999999994,2.7509999999999994
2023,Silverstone,GAS,MEDIUM,9,1,8,93.592,91.539,2.492999999999997,2.492999999999997
2023,Silverstone,GAS,MEDIUM,10,1,9,93.855,91.539,2.8110000000000026,2.8110000000000026
2023,Silverstone,GAS,MEDIUM,11,1,10,93.836,91.539,2.846999999999997,2.846999999999997
2023,Silverstone,GAS,MEDIUM,12,1,11,93.705,91.539,2.770999999999997,2.770999999999997
2023,Silverstone,GAS,MEDIUM,13,1,12,93.683,91.539,2.8040000000000056,2.8040000000000056
2023,Silverstone,GAS,MEDIUM,14,1,13,93.843,91.539,3.019000000000002,3.019000000000002
2023,Silverstone,GAS,MEDIUM,15,1,14,93.769,91.539,3.000000000000004,3.000000000000004
2023,Silverstone,GAS,MEDIUM,16,1,15,93.535,91.539,2.8209999999999953,2.8209999999999953
2023,Silverstone,GAS,MEDIUM,17,1,16,93.138,91.539,2.4790000000000036,2.4790000000000036
2023,Silverstone,GAS,MEDIUM,18,1,17,93.291,91.539,2.6869999999999954,2.6869999999999954
2023,Silverstone,GAS,MEDIUM,19,1,18,93.199,91.539,2.649999999999997,2.649999999999997
2023,Silverstone,GAS,MEDIUM,20,1,19,93.248,91.539,2.754000000000003,2.754000000000003
2023,Silverstone,GAS,MEDIUM,21,1,20,93.098,91.539,2.6589999999999976,2.6589999999999976
2023,Silverstone,GAS,MEDIUM,22,1,21,93.168,91.539,2.784000000000005,2.784000000000005
2023,Silverstone,GAS,MEDIUM,23,1,22,92.846,91.539,2.517000000000002,2.517000000000002
2023,Silverstone,GAS,MEDIUM,24,1,23,93.164,91.539,2.8899999999999997,2.8899999999999997
2023,Silverstone,GAS,MEDIUM,25,1,24,93.098,91.539,2.878999999999998,2.878999999999998
2023,Silverstone,GAS,MEDIUM,26,1,25,93.243,91.539,3.0789999999999935,3.0789999999999935
2023,Silverstone,GAS,MEDIUM,27,1,26,92.988,91.539,2.878999999999998,2.878999999999998
2023,Silverstone,GAS,MEDIUM,28,1,27,93.255,91.539,3.2009999999999943,3.2009999999999943
2023,Silverstone,GAS,MEDIUM,29,1,28,93.283,91.539,3.284,3.284
2023,Silverstone,GAS,MEDIUM,30,1,29,93.299,91.539,3.355000000000005,3.355000000000005
2023,Silverstone,GAS,SOFT,11,2,1,92.98,91.539,1.4960000000000024,1.4960000000000024
2023,Silverstone,GAS,SOFT,12,2,2,92.823,91.539,1.393999999999992,1.393999999999992
2023,Silverstone,GAS,SOFT,13,2,3,91.827,91.539,0.45299999999999674,0.45299999999999674
2023,Silverstone,GAS,SOFT,14,2,4,91.539,91.539,0.22,0.22
2023,Silverstone,GAS,SOFT,15,2,5,91.648,91.539,0.3839999999999947,0.3839999999999947
2023,Silverstone,GAS,SOFT,16,2,6,92.862,91.539,1.6529999999999934,1.6529999999999934
2023,Silverstone,GAS,SOFT,17,2,7,96.665,91.539,5.511000000000005,5.511000000000005
2023,Silverstone,PER,MEDIUM,2,1,1,95.482,90.914,4.6229999999999976,4.6229999999999976
2023,Silverstone,PER,MEDIUM,3,1,2,94.38,90.914,3.575999999999994,3.575999999999994
2023,Silverstone,PER,MEDIUM,4,1,3,94.339,90.914,3.589999999999997,3.589999999999997
2023,Silverstone,PER,MEDIUM,5,1,4,94.073,90.914,3.378999999999992,3.378999999999992
2023,Silverstone,PER,MEDIUM,6,1,5,93.671,90.914,3.032000000000005,3.032000000000005
2023,Silverstone,PER,MEDIUM,7,1,6,93.919,90.914,3.3349999999999955,3.3349999999999955
2023,Silverstone,PER,MEDIUM,8,1,7,93.568,90.914,3.038999999999996,3.038999999999996
2023,Silverstone,PER,MEDIUM,9,1,8,93.271,90.914,2.7969999999999993,2.7969999999999993
2023,Silverstone,PER,MEDIUM,10,1,9,93.364,90.914,2.945000000000003,2.945000000000003
2023,Silverstone,PER,MEDIUM,11,1,10,93.547,90.914,3.1829999999999954,3.1829999999999954
2023,Silverstone,PER,MEDIUM,12,1,11,93.429,90.914,3.1200000000000006,3.1200000000000006
2023,Silverstone,PER,MEDIUM,13,1,12,93.452,90.914,3.197999999999997,3.197999999999997
2023,Silverstone,PER,MEDIUM,14,1,13,93.751,90.914,3.552000000000003,3.552000000000003
2023,Silverstone,PER,MEDIUM,15,1,14,93.48,90.914,3.3360000000000025,3.3360000000000025
2023,Silverstone,PER,MEDIUM,16,1,15,93.055,90.914,2.9660000000000055,2.9660000000000055
2023,Silverstone,PER,MEDIUM,17,1,16,93.28,90.914,3.2459999999999996,3.2459999999999996
2023,Silverstone,PER,MEDIUM,18,1,17,93.099,90.914,3.1200000000000023,3.1200000000000023
2023,Silverstone,PER,MEDIUM,19,1,18,93.276,90.914,3.351999999999995,3.351999999999995
2023,Silverstone,PER,MEDIUM,20,1,19,93.202,90.914,3.3329999999999966,3.3329999999999966
2023,Silverstone,PER,MEDIUM,21,1,20,93.233,90.914,3.4190000000000027,3.4190000000000027
2023,Silverstone,PER,MEDIUM,22,1,21,93.026,90.914,3.266999999999995,3.266999999999995
2023,Silverstone,PER,MEDIUM,23,1,22,93.262,90.914,3.557999999999999,3.557999999999999
2023,Silverstone,PER,MEDIUM,24,1,23,92.726,90.914,3.0769999999999973,3.0769999999999973
2023,Silverstone,PER,MEDIUM,25,1,24,92.907,90.914,3.3129999999999953,3.3129999999999953
2023,Silverstone,PER,MEDIUM,26,1,25,92.962,90.914,3.423000000000002,3.423000000000002
2023,Silverstone,PER,MEDIUM,27,1,26,92.742,90.914,3.2580000000000027,3.2580000000000027
2023,Silverstone,PER,SOFT,2,2,1,91.408,90.914,0.5489999999999998,0.5489999999999998
2023,Silverstone,PER,SOFT,3,2,2,91.532,90.914,0.727999999999995,0.727999999999995
2023,Silverstone,PER,SOFT,11,2,3,92.503,90.914,1.7539999999999987,1.7539999999999987
2023,Silverstone,PER,SOFT,12,2,4,91.909,90.914,1.2150000000000045,1.2150000000000045
2023,Silverstone,PER,SOFT,13,2,5,91.391,90.914,0.7520000000000039,0.7520000000000039
2023,Silverstone,PER,SOFT,14,2,6,91.716,90.914,1.1319999999999926,1.1319999999999926
2023,Silverstone,PER,SOFT,15,2,7,92.005,90.914,1.475999999999994,1.475999999999994
2023,Silverstone,PER,SOFT,16,2,8,91.712,90.914,1.2380000000000018,1.2380000000000018
2023,Silverstone,PER,SOFT,17,2,9,91.571,90.914,1.1519999999999966,1.1519999999999966
2023,Silverstone,PER,SOFT,18,2,10,91.675,90.914,1.3109999999999957,1.3109999999999957
2023,Silverstone,PER,SOFT,19,2,11,91.505,90.914,1.195999999999994,1.195999999999994
2023,Silverstone,PER,SOFT,20,2,12,91.209,90.914,0.9550000000000017,0.9550000000000017
2023,Silverstone,PER,SOFT,21,2,13,91.36,90.914,1.1609999999999978,1.1609999999999978
2023,Silverstone,PER,SOFT,22,2,14,91.139,90.914,0.9949999999999943,0.9949999999999943
2023,Silverstone,PER,SOFT,23,2,15,90.914,90.914,0.825,0.825
2023,Silverstone,PER,SOFT,24,2,16,91.188,90.914,1.1540000000000008,1.1540000000000008
2023,Silverstone,ALO,MEDIUM,3,1,1,94.419,91.338,3.1360000000000032,3.1360000000000032
2023,Silverstone,ALO,MEDIUM,4,1,2,93.424,91.338,2.1960000000000126,2.1960000000000126
2023,Silverstone,ALO,MEDIUM,5,1,3,93.156,91.338,1.983000000000012,1.983000000000012
2023,Silverstone,ALO,MEDIUM,6,1,4,94.157,91.338,3.039000000000003,3.039000000000003
2023,Silverstone,ALO,MEDIUM,7,1,5,94.636,91.338,3.5730000000000017,3.5730000000000017
2023,Silverstone,ALO,MEDIUM,8,1,6,94.645,91.338,3.6370000000000022,3.6370000000000022
2023,Silverstone,ALO,MEDIUM,9,1,7,94.019,91.338,3.0660000000000114,3.0660000000000114
2023,Silverstone,ALO,MEDIUM,10,1,8,93.657,91.338,2.7590000000000026,2.7590000000000026
2023,Silverstone,ALO,MEDIUM,11,1,9,93.711,91.338,2.8680000000000048,2.8680000000000048
2023,Silverstone,ALO,MEDIUM,12,1,10,93.737,91.338,2.9490000000000007,2.9490000000000007
2023,Silverstone,ALO,MEDIUM,13,1,11,93.951,91.338,3.2179999999999995,3.2179999999999995
2023,Silverstone,ALO,MEDIUM,14,1,12,93.565,91.338,2.887000000000004,2.887000000000004
2023,Silverstone,ALO,MEDIUM,15,1,13,93.88,91.338,3.2570000000000014,3.2570000000000014
2023,Silverstone,ALO,MEDIUM,16,1,14,93.736,91.338,3.1680000000000104,3.1680000000000104
2023,Silverstone,ALO,MEDIUM,17,1,15,93.437,91.338,2.924000000000004,2.924000000000004
2023,Silverstone,ALO,MEDIUM,18,1,16,93.188,91.338,2.7300000000000084,2.7300000000000084
2023,Silverstone,ALO,MEDIUM,19,1,17,93.317,91.338,2.9139999999999993,2.9139999999999993
2023,Silverstone,ALO,MEDIUM,20,1,18,93.185,91.338,2.8370000000000086,2.8370000000000086
2023,Silverstone,ALO,MEDIUM,21,1,19,93.016,91.338,2.7230000000000114,2.7230000000000114
2023,Silverstone,ALO,MEDIUM,22,1,20,93.19,91.338,2.952000000000004,2.952000000000004
2023,Silverstone,ALO,MEDIUM,23,1,21,93.092,91.338,2.909000000000005,2.909000000000005
2023,Silverstone,ALO,MEDIUM,24,1,22,93.026,91.338,2.8980000000000024,2.8980000000000024
2023,Silverstone,ALO,MEDIUM,25,1,23,93.017,91.338,2.9440000000000017,2.9440000000000017
2023,Silverstone,ALO,MEDIUM,26,1,24,93.078,91.338,3.0600000000000094,3.0600000000000094
2023,Silverstone,ALO,MEDIUM,27,1,25,93.152,91.338,3.189000000000007,3.189000000000007
2023,Silverstone,ALO,MEDIUM,28,1,26,92.914,91.338,3.0060000000000073,3.0060000000000073
2023,Silverstone,ALO,MEDIUM,29,1,27,92.744,91.338,2.8910000000000062,2.8910000000000062
2023,Silverstone,ALO,MEDIUM,30,1,28,92.727,91.338,2.92900000000001,2.92900000000001
2023,Silverstone,ALO,MEDIUM,31,1,29,92.686,91.338,2.943000000000013,2.943000000000013
2023,Silverstone,ALO,MEDIUM,32,1,30,92.916,91.338,3.228000000000003,3.228000000000003
2023,Silverstone,ALO,SOFT,9,2,1,92.32,91.338,1.0369999999999993,1.0369999999999993
2023,Silverstone,ALO,SOFT,10,2,2,91.691,91.338,0.4630000000000086,0.4630000000000086
2023,Silverstone,ALO,SOFT,11,2,3,91.652,91.338,0.4790000000000072,0.4790000000000072
2023,Silverstone,ALO,SOFT,12,2,4,91.829,91.338,0.7109999999999996,0.7109999999999996
2023,Silverstone,ALO,SOFT,13,2,5,91.747,91.338,0.684000000000006,0.684000000000006
2023,Silverstone,ALO,SOFT,14,2,6,92.131,91.338,1.1230000000000064,1.1230000000000064
2023,Silverstone,ALO,SOFT,15,2,7,92.036,91.338,1.0830000000000075,1.0830000000000075
2023,Silverstone,ALO,SOFT,16,2,8,92.891,91.338,1.9930000000000114,1.9930000000000114
2023,Silverstone,ALO,SOFT,17,2,9,91.828,91.338,0.9850000000000091,0.9850000000000091
2023,Silverstone,ALO,SOFT,18,2,10,91.338,91.338,0.55,0.55
2023,Silverstone,ALO,SOFT,19,2,11,92.075,91.338,1.342000000000009,1.342000000000009
2023,Silverstone,ALO,SOFT,20,2,12,91.999,91.338,1.3210000000000015,1.3210000000000015
2023,Silverstone,ALO,SOFT,21,2,13,91.93,91.338,1.3070000000000128,1.3070000000000128
2023,Silverstone,ALO,SOFT,22,2,14,91.711,91.338,1.1430000000000047,1.1430000000000047
2023,Silverstone,LEC,MEDIUM,2,1,1,93.994,91.255,2.7940000000000045,2.7940000000000045
2023,Silverstone,LEC,MEDIUM,3,1,2,92.934,91.255,1.7890000000000021,1.7890000000000021
2023,Silverstone,LEC,MEDIUM,4,1,3,92.961,91.255,1.871000000000003,1.871000000000003
2023,Silverstone,LEC,MEDIUM,5,1,4,94.409,91.255,3.3740000000000108,3.3740000000000108
2023,Silverstone,LEC,MEDIUM,6,1,5,93.761,91.255,2.781,2.781
2023,Silverstone,LEC,MEDIUM,7,1,6,93.403,91.255,2.4780000000000104,2.4780000000000104
2023,Silverstone,LEC,MEDIUM,8,1,7,93.244,91.255,2.374000000000004,2.374000000000004
2023,Silverstone,LEC,MEDIUM,9,1,8,93.087,91.255,2.272000000000008,2.272000000000008
2023,Silverstone,LEC,MEDIUM,10,1,9,93.167,91.255,2.4070000000000062,2.4070000000000062
2023,Silverstone,LEC,MEDIUM,11,1,10,93.048,91.255,2.343000000000006,2.343000000000006
2023,Silverstone,LEC,MEDIUM,12,1,11,93.621,91.255,2.9709999999999996,2.9709999999999996
2023,Silverstone,LEC,MEDIUM,13,1,12,93.214,91.255,2.6190000000000033,2.6190000000000033
2023,Silverstone,LEC,MEDIUM,14,1,13,93.523,91.255,2.9830000000000005,2.9830000000000005
2023,Silverstone,LEC,MEDIUM,15,1,14,93.542,91.255,3.057000000000006,3.057000000000006
2023,Silverstone,LEC,MEDIUM,16,1,15,93.248,91.255,2.8180000000000094,2.8180000000000094
2023,Silverstone,LEC,MEDIUM,17,1,16,93.151,91.255,2.7760000000000007,2.7760000000000007
2023,Silverstone,LEC,HARD,2,2,1,92.87,91.255,1.670000000000009,1.670000000000009
2023,Silverstone,LEC,HARD,3,2,2,92.848,91.255,1.7030000000000036,1.7030000000000036
2023,Silverstone,LEC,HARD,4,2,3,93.035,91.255,1.9450000000000012,1.9450000000000012
2023,Silverstone,LEC,HARD,5,2,4,92.554,91.255,1.5190000000000066,1.5190000000000066
2023,Silverstone,LEC,HARD,6,2,5,92.731,91.255,1.750999999999999,1.750999999999999
2023,Silverstone,LEC,HARD,7,2,6,92.798,91.255,1.8730000000000064,1.8730000000000064
2023,Silverstone,LEC,HARD,8,2,7,92.794,91.255,1.9240000000000015,1.9240000000000015
2023,Silverstone,LEC,HARD,9,2,8,92.942,91.255,2.1269999999999976,2.1269999999999976
2023,Silverstone,LEC,HARD,10,2,9,92.814,91.255,2.0539999999999976,2.0539999999999976
2023,Silverstone,LEC,HARD,11,2,10,92.658,91.255,1.9530000000000058,1.9530000000000058
2023,Silverstone,LEC,HARD,12,2,11,92.464,91.255,1.8140000000000032,1.8140000000000032
2023,Silverstone,LEC,HARD,13,2,12,93.233,91.255,2.638000000000009,2.638000000000009
2023,Silverstone,LEC,MEDIUM,7,3,1,92.5,91.255,1.3000000000000045,1.3000000000000045
2023,Silverstone,LEC,MEDIUM,8,3,2,92.234,91.255,1.0889999999999993,1.0889999999999993
2023,Silverstone,LEC,MEDIUM,9,3,3,91.286,91.255,0.19600000000000592,0.19600000000000592
2023,Silverstone,LEC,MEDIUM,10,3,4,91.926,91.255,0.8910000000000065,0.8910000000000065
2023,Silverstone,LEC,MEDIUM,11,3,5,92.052,91.255,1.0720000000000112,1.0720000000000112
2023,Silverstone,LEC,MEDIUM,12,3,6,92.815,91.255,1.8900000000000023,1.8900000000000023
2023,Silverstone,LEC,MEDIUM,13,3,7,91.9,91.255,1.0300000000000102,1.0300000000000102
2023,Silverstone,LEC,MEDIUM,14,3,8,91.85,91.255,1.0349999999999988,1.0349999999999988
2023,Silverstone,LEC,MEDIUM,15,3,9,91.36,91.255,0.600000000000004,0.600000000000004
2023,Silverstone,LEC,MEDIUM,16,3,10,91.255,91.255,0.55,0.55
2023,Silverstone,LEC,MEDIUM,17,3,11,91.781,91.255,1.1310000000000104,1.1310000000000104
2023,Silverstone,LEC,MEDIUM,18,3,12,91.716,91.255,1.1209999999999987,1.1209999999999987
2023,Silverstone,LEC,MEDIUM,19,3,13,91.763,91.255,1.2230000000000096,1.2230000000000096
2023,Silverstone,LEC,MEDIUM,20,3,14,92.257,91.255,1.7720000000000096,1.7720000000000096
2023,Silverstone,STR,MEDIUM,3,1,1,95.093,91.508,3.640000000000008,3.640000000000008
2023,Silverstone,STR,MEDIUM,4,1,2,94.021,91.508,2.623000000000005,2.623000000000005
2023,Silverstone,STR,MEDIUM,5,1,3,93.799,91.508,2.456000000000011,2.456000000000011
2023,Silverstone,STR,MEDIUM,6,1,4,93.856,91.508,2.567999999999999,2.567999999999999
2023,Silverstone,STR,MEDIUM,7,1,5,94.189,91.508,2.9559999999999973,2.9559999999999973
2023,Silverstone,STR,MEDIUM,8,1,6,94.115,91.508,2.9369999999999994,2.9369999999999994
2023,Silverstone,STR,MEDIUM,9,1,7,93.872,91.508,2.749000000000004,2.749000000000004
2023,Silverstone,STR,MEDIUM,10,1,8,93.871,91.508,2.8029999999999995,2.8029999999999995
2023,Silverstone,STR,MEDIUM,11,1,9,94.007,91.508,2.9940000000000095,2.9940000000000095
2023,Silverstone,STR,MEDIUM,12,1,10,94.198,91.508,3.2399999999999975,3.2399999999999975
2023,Silverstone,STR,MEDIUM,13,1,11,94.766,91.508,3.8630000000000098,3.8630000000000098
2023,Silverstone,STR,MEDIUM,14,1,12,94.308,91.508,3.4600000000000115,3.4600000000000115
2023,Silverstone,STR,MEDIUM,15,1,13,94.213,91.508,3.419999999999998,3.419999999999998
2023,Silverstone,STR,MEDIUM,16,1,14,93.931,91.508,3.193000000000002,3.193000000000002
2023,Silverstone,STR,MEDIUM,17,1,15,93.798,91.508,3.1150000000000064,3.1150000000000064
2023,Silverstone,STR,MEDIUM,18,1,16,93.651,91.508,3.0230000000000006,3.0230000000000006
2023,Silverstone,STR,MEDIUM,19,1,17,93.294,91.508,2.7210000000000014,2.7210000000000014
2023,Silverstone,STR,MEDIUM,20,1,18,93.338,91.508,2.8199999999999985,2.8199999999999985
2023,Silverstone,STR,MEDIUM,21,1,19,93.489,91.508,3.0260000000000087,3.0260000000000087
2023,Silverstone,STR,MEDIUM,22,1,20,93.498,91.508,3.090000000000009,3.090000000000009
2023,Silverstone,STR,MEDIUM,23,1,21,93.431,91.508,3.078000000000002,3.078000000000002
2023,Silverstone,STR,MEDIUM,24,1,22,93.114,91.508,2.8160000000000087,2.8160000000000087
2023,Silverstone,STR,MEDIUM,25,1,23,93.391,91.508,3.1480000000000095,3.1480000000000095
2023,Silverstone,STR,MEDIUM,26,1,24,94.28,91.508,4.092000000000006,4.092000000000006
2023,Silverstone,STR,MEDIUM,27,1,25,93.557,91.508,3.4240000000000066,3.4240000000000066
2023,Silverstone,STR,MEDIUM,28,1,26,93.237,91.508,3.158999999999999,3.158999999999999
2023,Silverstone,STR,MEDIUM,29,1,27,93.26,91.508,3.23700000000001,3.23700000000001
2023,Silverstone,STR,MEDIUM,30,1,28,93.702,91.508,3.7340000000000027,3.7340000000000027
2023,Silverstone,STR,MEDIUM,31,1,29,94.014,91.508,4.101,4.101
2023,Silverstone,STR,SOFT,11,2,1,92.306,91.508,0.8530000000000019,0.8530000000000019
2023,Silverstone,STR,SOFT,12,2,2,92.32,91.508,0.9219999999999976,0.9219999999999976
2023,Silverstone,STR,SOFT,13,2,3,91.707,91.508,0.3639999999999981,0.3639999999999981
2023,Silverstone,STR,SOFT,14,2,4,91.508,91.508,0.22,0.22
2023,Silverstone,STR,SOFT,15,2,5,91.803,91.508,0.5700000000000017,0.5700000000000017
2023,Silverstone,STR,SOFT,16,2,6,94.01,91.508,2.8320000000000096,2.8320000000000096
2023,Silverstone,STR,SOFT,17,2,7,93.008,91.508,1.885,1.885
2023,Silverstone,STR,SOFT,18,2,8,91.998,91.508,0.930000000000009,0.930000000000009
2023,Silverstone,STR,SOFT,19,2,9,91.768,91.508,0.7550000000000051,0.7550000000000051
2023,Silverstone,STR,SOFT,20,2,10,91.745,91.508,0.787000000000009,0.787000000000009
2023,Silverstone,STR,SOFT,21,2,11,91.86,91.508,0.9570000000000038,0.9570000000000038
2023,Silverstone,STR,SOFT,22,2,12,91.794,91.508,0.9460000000000014,0.9460000000000014
2023,Silverstone,STR,SOFT,23,2,13,91.691,91.508,0.8980000000000069,0.8980000000000069
2023,Silverstone,STR,SOFT,24,2,14,92.138,91.508,1.4000000000000097,1.4000000000000097
2023,Silverstone,SAR,MEDIUM,2,1,1,96.266,91.699,4.622000000000007,4.622000000000007
2023,Silverstone,SAR,MEDIUM,3,1,2,94.577,91.699,2.988,2.988
2023,Silverstone,SAR,MEDIUM,4,1,3,94.332,91.699,2.7979999999999956,2.7979999999999956
2023,Silverstone,SAR,MEDIUM,5,1,4,94.842,91.699,3.363000000000001,3.363000000000001
2023,Silverstone,SAR,MEDIUM,6,1,5,94.356,91.699,2.9319999999999964,2.9319999999999964
2023,Silverstone,SAR,MEDIUM,7,1,6,94.581,91.699,3.212000000000005,3.212000000000005
2023,Silverstone,SAR,MEDIUM,8,1,7,94.108,91.699,2.794000000000006,2.794000000000006
2023,Silverstone,SAR,MEDIUM,9,1,8,93.94,91.699,2.6809999999999996,2.6809999999999996
2023,Silverstone,SAR,MEDIUM,10,1,9,94.31,91.699,3.1060000000000043,3.1060000000000043
2023,Silverstone,SAR,MEDIUM,11,1,10,93.925,91.699,2.775999999999999,2.775999999999999
2023,Silverstone,SAR,MEDIUM,12,1,11,94.239,91.699,3.1450000000000062,3.1450000000000062
2023,Silverstone,SAR,MEDIUM,13,1,12,94.329,91.699,3.2899999999999956,3.2899999999999956
2023,Silverstone,SAR,MEDIUM,14,1,13,93.683,91.699,2.6990000000000087,2.6990000000000087
2023,Silverstone,SAR,MEDIUM,15,1,14,94.123,91.699,3.1940000000000066,3.1940000000000066
2023,Silverstone,SAR,MEDIUM,16,1,15,93.771,91.699,2.897000000000003,2.897000000000003
2023,Silverstone,SAR,MEDIUM,17,1,16,93.728,91.699,2.9089999999999963,2.9089999999999963
2023,Silverstone,SAR,MEDIUM,18,1,17,93.465,91.699,2.7010000000000054,2.7010000000000054
2023,Silverstone,SAR,MEDIUM,19,1,18,93.573,91.699,2.8639999999999954,2.8639999999999954
2023,Silverstone,SAR,MEDIUM,20,1,19,93.387,91.699,2.7330000000000023,2.7330000000000023
2023,Silverstone,SAR,MEDIUM,21,1,20,93.458,91.699,2.8590000000000004,2.8590000000000004
2023,Silverstone,SAR,MEDIUM,22,1,21,93.479,91.699,2.9350000000000014,2.9350000000000014
2023,Silverstone,SAR,MEDIUM,23,1,22,93.212,91.699,2.723000000000005,2.723000000000005
2023,Silverstone,SAR,MEDIUM,24,1,23,93.502,91.699,3.067999999999997,3.067999999999997
2023,Silverstone,SAR,MEDIUM,25,1,24,93.508,91.699,3.128999999999998,3.128999999999998
2023,Silverstone,SAR,MEDIUM,26,1,25,93.553,91.699,3.228999999999999,3.228999999999999
2023,Silverstone,SAR,MEDIUM,27,1,26,93.731,91.699,3.461999999999996,3.461999999999996
2023,Silverstone,SAR,MEDIUM,28,1,27,93.49,91.699,3.275999999999997,3.275999999999997
2023,Silverstone,SAR,SOFT,2,2,1,91.994,91.699,0.3500000000000017,0.3500000000000017
2023,Silverstone,SAR,SOFT,10,2,2,92.794,91.699,1.204999999999999,1.204999999999999
2023,Silverstone,SAR,SOFT,11,2,3,92.949,91.699,1.415,1.415
2023,Silverstone,SAR,SOFT,12,2,4,91.84,91.699,0.3610000000000053,0.3610000000000053
2023,Silverstone,SAR,SOFT,13,2,5,91.699,91.699,0.275,0.275
2023,Silverstone,SAR,SOFT,14,2,6,91.743,91.699,0.37399999999999695,0.37399999999999695
2023,Silverstone,SAR,SOFT,15,2,7,92.849,91.699,1.5350000000000057,1.5350000000000057
2023,Silverstone,SAR,SOFT,16,2,8,92.724,91.699,1.4650000000000056,1.4650000000000056
2023,Silverstone,SAR,SOFT,17,2,9,92.421,91.699,1.2170000000000085,1.2170000000000085
2023,Silverstone,SAR,SOFT,18,2,10,91.868,91.699,0.718999999999997,0.718999999999997
2023,Silverstone,SAR,SOFT,19,2,11,91.71,91.699,0.6159999999999957,0.6159999999999957
2023,Silverstone,SAR,SOFT,20,2,12,91.873,91.699,0.8340000000000066,0.8340000000000066
2023,Silverstone,SAR,SOFT,21,2,13,92.085,91.699,1.1009999999999955,1.1009999999999955
2023,Silverstone,SAR,SOFT,22,2,14,91.956,91.699,1.027000000000005,1.027000000000005
2023,Silverstone,SAR,SOFT,23,2,15,91.984,91.699,1.1099999999999965,1.1099999999999965
2023,Silverstone,MAG,MEDIUM,2,1,1,96.337,93.356,3.036000000000009,3.036000000000009
2023,Silverstone,MAG,MEDIUM,3,1,2,95.169,93.356,1.9230000000000025,1.9230000000000025
2023,Silverstone,MAG,MEDIUM,4,1,3,94.731,93.356,1.54,1.54
2023,Silverstone,MAG,MEDIUM,5,1,4,94.598,93.356,1.4620000000000044,1.4620000000000044
2023,Silverstone,MAG,MEDIUM,6,1,5,94.933,93.356,1.8520000000000123,1.8520000000000123
2023,Silverstone,MAG,MEDIUM,7,1,6,94.95,93.356,1.9240000000000084,1.9240000000000084
2023,Silverstone,MAG,MEDIUM,8,1,7,94.427,93.356,1.4560000000000122,1.4560000000000122
2023,Silverstone,MAG,MEDIUM,9,1,8,94.577,93.356,1.6610000000000036,1.6610000000000036
2023,Silverstone,MAG,MEDIUM,10,1,9,94.715,93.356,1.854000000000009,1.854000000000009
2023,Silverstone,MAG,MEDIUM,11,1,10,94.31,93.356,1.5040000000000078,1.5040000000000078
2023,Silverstone,MAG,MEDIUM,12,1,11,94.544,93.356,1.7930000000000024,1.7930000000000024
2023,Silverstone,MAG,MEDIUM,13,1,12,94.339,93.356,1.6430000000000042,1.6430000000000042
2023,Silverstone,MAG,MEDIUM,14,1,13,95.024,93.356,2.3830000000000062,2.3830000000000062
2023,Silverstone,MAG,MEDIUM,15,1,14,94.606,93.356,2.02,2.02
2023,Silverstone,MAG,MEDIUM,16,1,15,94.559,93.356,2.028000000000003,2.028000000000003
2023,Silverstone,MAG,MEDIUM,17,1,16,94.216,93.356,1.7399999999999993,1.7399999999999993
2023,Silverstone,MAG,MEDIUM,18,1,17,93.795,93.356,1.3740000000000072,1.3740000000000072
2023,Silverstone,MAG,MEDIUM,19,1,18,94.281,93.356,1.9150000000000114,1.9150000000000114
2023,Silverstone,MAG,MEDIUM,20,1,19,93.935,93.356,1.6240000000000077,1.6240000000000077
2023,Silverstone,MAG,MEDIUM,21,1,20,94.083,93.356,1.827000000000004,1.827000000000004
2023,Silverstone,MAG,MEDIUM,22,1,21,93.997,93.356,1.7960000000000054,1.7960000000000054
2023,Silverstone,MAG,MEDIUM,23,1,22,93.98,93.356,1.8340000000000094,1.8340000000000094
2023,Silverstone,MAG,MEDIUM,24,1,23,93.891,93.356,1.8000000000000107,1.8000000000000107
2023,Silverstone,MAG,MEDIUM,25,1,24,94.037,93.356,2.001000000000012,2.001000000000012
2023,Silverstone,MAG,MEDIUM,26,1,25,94.119,93.356,2.1380000000000052,2.1380000000000052
2023,Silverstone,MAG,MEDIUM,27,1,26,93.935,93.356,2.0090000000000074,2.0090000000000074
2023,Silverstone,MAG,MEDIUM,28,1,27,93.76,93.356,1.8890000000000107,1.8890000000000107
2023,Silverstone,MAG,MEDIUM,29,1,28,93.356,93.356,1.54,1.54
2023,Silverstone,MAG,MEDIUM,30,1,29,93.466,93.356,1.7049999999999994,1.7049999999999994
2023,Silverstone,MAG,MEDIUM,31,1,30,93.464,93.356,1.758000000000004,1.758000000000004
2023,Silverstone,DEV,SOFT,2,1,1,96.208,92.353,3.910000000000004,3.910000000000004
2023,Silverstone,DEV,SOFT,3,1,2,94.746,92.353,2.5030000000000006,2.5030000000000006
2023,Silverstone,DEV,SOFT,4,1,3,94.199,92.353,2.0110000000000037,2.0110000000000037
2023,Silverstone,DEV,SOFT,5,1,4,94.761,92.353,2.6280000000000014,2.6280000000000014
2023,Silverstone,DEV,SOFT,6,1,5,94.907,92.353,2.829000000000002,2.829000000000002
2023,Silverstone,DEV,SOFT,7,1,6,95.054,92.353,3.0310000000000077,3.0310000000000077
2023,Silverstone,DEV,SOFT,8,1,7,93.896,92.353,1.9280000000000064,1.9280000000000064
2023,Silverstone,DEV,SOFT,9,1,8,93.774,92.353,1.8610000000000064,1.8610000000000064
2023,Silverstone,DEV,SOFT,10,1,9,93.985,92.353,2.127000000000005,2.127000000000005
2023,Silverstone,DEV,SOFT,11,1,10,93.758,92.353,1.9550000000000012,1.9550000000000012
2023,Silverstone,DEV,SOFT,12,1,11,94.165,92.353,2.417000000000012,2.417000000000012
2023,Silverstone,DEV,SOFT,13,1,12,94.232,92.353,2.539000000000005,2.539000000000005
2023,Silverstone,DEV,SOFT,14,1,13,94.879,92.353,3.2410000000000103,3.2410000000000103
2023,Silverstone,DEV,SOFT,15,1,14,94.17,92.353,2.5870000000000073,2.5870000000000073
2023,Silverstone,DEV,SOFT,16,1,15,94.148,92.353,2.620000000000002,2.620000000000002
2023,Silverstone,DEV,SOFT,17,1,16,93.637,92.353,2.164000000000006,2.164000000000006
2023,Silverstone,DEV,SOFT,18,1,17,93.453,92.353,2.0350000000000086,2.0350000000000086
2023,Silverstone,DEV,SOFT,19,1,18,93.835,92.353,2.4719999999999995,2.4719999999999995
2023,Silverstone,DEV,SOFT,20,1,19,93.48,92.353,2.1720000000000095,2.1720000000000095
2023,Silverstone,DEV,SOFT,21,1,20,93.652,92.353,2.3990000000000067,2.3990000000000067
2023,Silverstone,DEV,SOFT,22,1,21,93.647,92.353,2.4490000000000114,2.4490000000000114
2023,Silverstone,DEV,SOFT,23,1,22,93.622,92.353,2.4790000000000054,2.4790000000000054
2023,Silverstone,DEV,SOFT,24,1,23,93.663,92.353,2.575000000000002,2.575000000000002
2023,Silverstone,DEV,SOFT,25,1,24,93.553,92.353,2.520000000000003,2.520000000000003
2023,Silverstone,DEV,SOFT,26,1,25,93.754,92.353,2.7760000000000105,2.7760000000000105
2023,Silverstone,DEV,MEDIUM,2,2,1,92.499,92.353,0.2010000000000008,0.2010000000000008
2023,Silverstone,DEV,MEDIUM,3,2,2,92.564,92.353,0.3209999999999985,0.3209999999999985
2023,Silverstone,DEV,MEDIUM,4,2,3,92.829,92.353,0.6409999999999991,0.6409999999999991
2023,Silverstone,DEV,SOFT,7,3,1,93.647,92.353,1.349000000000011,1.349000000000011
2023,Silverstone,DEV,SOFT,8,3,2,93.18,92.353,0.9370000000000124,0.9370000000000124
2023,Silverstone,DEV,SOFT,9,3,3,92.65,92.353,0.4620000000000113,0.4620000000000113
2023,Silverstone,DEV,SOFT,10,3,4,92.369,92.353,0.23600000000000534,0.23600000000000534
2023,Silverstone,DEV,SOFT,11,3,5,92.516,92.353,0.43800000000001094,0.43800000000001094
2023,Silverstone,DEV,SOFT,12,3,6,94.017,92.353,1.9940000000000015,1.9940000000000015
2023,Silverstone,DEV,SOFT,13,3,7,92.829,92.353,0.8609999999999991,0.8609999999999991
2023,Silverstone,DEV,SOFT,14,3,8,92.716,92.353,0.8029999999999995,0.8029999999999995
2023,Silverstone,DEV,SOFT,15,3,9,92.456,92.353,0.5980000000000086,0.5980000000000086
2023,Silverstone,DEV,SOFT,16,3,10,92.353,92.353,0.55,0.55
2023,Silverstone,DEV,SOFT,17,3,11,92.54,92.353,0.7920000000000118,0.7920000000000118
2023,Silverstone,DEV,SOFT,18,3,12,92.632,92.353,0.9390000000000106,0.9390000000000106
2023,Silverstone,DEV,SOFT,19,3,13,92.445,92.353,0.8069999999999987,0.8069999999999987
2023,Silverstone,DEV,SOFT,20,3,14,92.42,92.353,0.8370000000000073,0.8370000000000073
2023,Silverstone,TSU,SOFT,2,1,1,95.252,92.084,3.2229999999999923,3.2229999999999923
2023,Silverstone,TSU,SOFT,3,1,2,94.229,92.084,2.254999999999996,2.254999999999996
2023,Silverstone,TSU,SOFT,4,1,3,94.362,92.084,2.4429999999999916,2.4429999999999916
2023,Silverstone,TSU,SOFT,5,1,4,94.457,92.084,2.5929999999999906,2.5929999999999906
2023,Silverstone,TSU,SOFT,6,1,5,95.373,92.084,3.5640000000000014,3.5640000000000014
2023,Silverstone,TSU,SOFT,7,1,6,94.571,92.084,2.816999999999995,2.816999999999995
2023,Silverstone,TSU,SOFT,8,1,7,94.486,92.084,2.787000000000001,2.787000000000001
2023,Silverstone,TSU,SOFT,9,1,8,94.235,92.084,2.590999999999996,2.590999999999996
2023,Silverstone,TSU,SOFT,10,1,9,94.173,92.084,2.5839999999999987,2.5839999999999987
2023,Silverstone,TSU,SOFT,11,1,10,94.085,92.084,2.5509999999999904,2.5509999999999904
2023,Silverstone,TSU,SOFT,12,1,11,94.237,92.084,2.7579999999999916,2.7579999999999916
2023,Silverstone,TSU,SOFT,13,1,12,94.433,92.084,3.009000000000004,3.009000000000004
2023,Silverstone,TSU,HARD,2,2,1,93.058,92.084,1.0290000000000037,1.0290000000000037
2023,Silverstone,TSU,HARD,3,2,2,92.952,92.084,0.977999999999995,0.977999999999995
2023,Silverstone,TSU,HARD,4,2,3,93.094,92.084,1.174999999999991,1.174999999999991
2023,Silverstone,TSU,HARD,5,2,4,93.424,92.084,1.5600000000000034,1.5600000000000034
2023,Silverstone,TSU,HARD,6,2,5,93.281,92.084,1.4720000000000026,1.4720000000000026
2023,Silverstone,TSU,HARD,7,2,6,93.189,92.084,1.4349999999999898,1.4349999999999898
2023,Silverstone,TSU,HARD,8,2,7,93.004,92.084,1.3050000000000017,1.3050000000000017
2023,Silverstone,TSU,HARD,9,2,8,93.098,92.084,1.4539999999999957,1.4539999999999957
2023,Silverstone,TSU,HARD,10,2,9,93.205,92.084,1.6159999999999952,1.6159999999999952
2023,Silverstone,TSU,HARD,11,2,10,93.224,92.084,1.6900000000000006,1.6900000000000006
2023,Silverstone,TSU,HARD,12,2,11,93.319,92.084,1.8399999999999994,1.8399999999999994
2023,Silverstone,TSU,HARD,13,2,12,93.418,92.084,1.9940000000000033,1.9940000000000033
2023,Silverstone,TSU,HARD,14,2,13,93.275,92.084,1.9060000000000024,1.9060000000000024
2023,Silverstone,TSU,HARD,15,2,14,93.118,92.084,1.8039999999999918,1.8039999999999918
2023,Silverstone,TSU,HARD,16,2,15,93.211,92.084,1.9519999999999953,1.9519999999999953
2023,Silverstone,TSU,HARD,17,2,16,93.279,92.084,2.074999999999993,2.074999999999993
2023,Silverstone,TSU,SOFT,7,3,1,92.882,92.084,0.8530000000000019,0.8530000000000019
2023,Silverstone,TSU,SOFT,8,3,2,92.932,92.084,0.957999999999999,0.957999999999999
2023,Silverstone,TSU,SOFT,9,3,3,93.321,92.084,1.4019999999999948,1.4019999999999948
2023,Silverstone,TSU,SOFT,10,3,4,92.306,92.084,0.4419999999999942,0.4419999999999942
2023,Silverstone,TSU,SOFT,11,3,5,92.572,92.084,0.7629999999999996,0.7629999999999996
2023,Silverstone,TSU,SOFT,12,3,6,92.534,92.084,0.7800000000000029,0.7800000000000029
2023,Silverstone,TSU,SOFT,13,3,7,92.494,92.084,0.7949999999999966,0.7949999999999966
2023,Silverstone,TSU,SOFT,14,3,8,92.535,92.084,0.8909999999999934,0.8909999999999934
2023,Silverstone,TSU,SOFT,15,3,9,92.291,92.084,0.7019999999999936,0.7019999999999936
2023,Silverstone,TSU,SOFT,16,3,10,92.084,92.084,0.55,0.55
2023,Silverstone,TSU,SOFT,17,3,11,92.504,92.084,1.0250000000000017,1.0250000000000017
2023,Silverstone,TSU,SOFT,18,3,12,92.79,92.084,1.3660000000000032,1.3660000000000032
2023,Silverstone,TSU,SOFT,19,3,13,93.212,92.084,1.843,1.843
2023,Silverstone,TSU,SOFT,20,3,14,92.78,92.084,1.465999999999998,1.465999999999998
2023,Silverstone,ALB,MEDIUM,2,1,1,95.004,91.273,3.786000000000009,3.786000000000009
2023,Silverstone,ALB,MEDIUM,3,1,2,93.809,91.273,2.6460000000000012,2.6460000000000012
2023,Silverstone,ALB,MEDIUM,4,1,3,93.866,91.273,2.7580000000000036,2.7580000000000036
2023,Silverstone,ALB,MEDIUM,5,1,4,93.86,91.273,2.8070000000000035,2.8070000000000035
2023,Silverstone,ALB,MEDIUM,6,1,5,94.21,91.273,3.2119999999999975,3.2119999999999975
2023,Silverstone,ALB,MEDIUM,7,1,6,94.099,91.273,3.1560000000000077,3.1560000000000077
2023,Silverstone,ALB,MEDIUM,8,1,7,93.922,91.273,3.0340000000000007,3.0340000000000007
2023,Silverstone,ALB,MEDIUM,9,1,8,93.731,91.273,2.8979999999999984,2.8979999999999984
2023,Silverstone,ALB,MEDIUM,10,1,9,94.045,91.273,3.2670000000000057,3.2670000000000057
2023,Silverstone,ALB,MEDIUM,11,1,10,93.842,91.273,3.1190000000000024,3.1190000000000024
2023,Silverstone,ALB,MEDIUM,12,1,11,93.857,91.273,3.189000000000003,3.189000000000003
2023,Silverstone,ALB,MEDIUM,13,1,12,93.751,91.273,3.138000000000009,3.138000000000009
2023,Silverstone,ALB,MEDIUM,14,1,13,93.951,91.273,3.392999999999997,3.392999999999997
2023,Silverstone,ALB,MEDIUM,15,1,14,93.786,91.273,3.2830000000000052,3.2830000000000052
2023,Silverstone,ALB,MEDIUM,16,1,15,94.343,91.273,3.8950000000000076,3.8950000000000076
2023,Silverstone,ALB,MEDIUM,17,1,16,93.707,91.273,3.3139999999999974,3.3139999999999974
2023,Silverstone,ALB,MEDIUM,18,1,17,93.615,91.273,3.276999999999999,3.276999999999999
2023,Silverstone,ALB,MEDIUM,19,1,18,93.654,91.273,3.3710000000000004,3.3710000000000004
2023,Silverstone,ALB,MEDIUM,20,1,19,93.44,91.273,3.2120000000000015,3.2120000000000015
2023,Silverstone,ALB,MEDIUM,21,1,20,93.195,91.273,3.021999999999997,3.021999999999997
2023,Silverstone,ALB,MEDIUM,22,1,21,93.021,91.273,2.903000000000005,2.903000000000005
2023,Silverstone,ALB,MEDIUM,23,1,22,93.117,91.273,3.0540000000000083,3.0540000000000083
2023,Silverstone,ALB,MEDIUM,24,1,23,93.163,91.273,3.1550000000000002,3.1550000000000002
2023,Silverstone,ALB,MEDIUM,25,1,24,93.374,91.273,3.4209999999999994,3.4209999999999994
2023,Silverstone,ALB,MEDIUM,26,1,25,93.175,91.273,3.277000000000001,3.277000000000001
2023,Silverstone,ALB,MEDIUM,27,1,26,93.126,91.273,3.2830000000000084,3.2830000000000084
2023,Silverstone,ALB,MEDIUM,28,1,27,93.084,91.273,3.2960000000000074,3.2960000000000074
2023,Silverstone,ALB,MEDIUM,29,1,28,92.869,91.273,3.1360000000000037,3.1360000000000037
2023,Silverstone,ALB,MEDIUM,30,1,29,92.882,91.273,3.2040000000000086,3.2040000000000086
2023,Silverstone,ALB,MEDIUM,31,1,30,92.816,91.273,3.1930000000000063,3.1930000000000063
2023,Silverstone,ALB,SOFT,11,2,1,92.63,91.273,1.4119999999999993,1.4119999999999993
2023,Silverstone,ALB,SOFT,12,2,2,92.176,91.273,1.013000000000006,1.013000000000006
2023,Silverstone,ALB,SOFT,13,2,3,91.273,91.273,0.165,0.165
2023,Silverstone,ALB,SOFT,14,2,4,91.879,91.273,0.8260000000000087,0.8260000000000087
2023,Silverstone,ALB,SOFT,15,2,5,91.752,91.273,0.7539999999999992,0.7539999999999992
2023,Silverstone,ALB,SOFT,16,2,6,92.057,91.273,1.114000000000006,1.114000000000006
2023,Silverstone,ALB,SOFT,17,2,7,92.146,91.273,1.2580000000000047,1.2580000000000047
2023,Silverstone,ALB,SOFT,18,2,8,92.116,91.273,1.2830000000000035,1.2830000000000035
2023,Silverstone,ALB,SOFT,19,2,9,91.537,91.273,0.75900000000001,0.75900000000001
2023,Silverstone,ALB,SOFT,20,2,10,91.466,91.273,0.7429999999999979,0.7429999999999979
2023,Silverstone,ALB,SOFT,21,2,11,91.912,91.273,1.24400000000001,1.24400000000001
2023,Silverstone,ALB,SOFT,22,2,12,91.86,91.273,1.2470000000000034,1.2470000000000034
2023,Silverstone,ALB,SOFT,23,2,13,91.93,91.273,1.3720000000000105,1.3720000000000105
2023,Silverstone,ALB,SOFT,24,2,14,91.809,91.273,1.3060000000000014,1.3060000000000014
2023,Silverstone,ZHO,MEDIUM,2,1,1,95.912,91.769,4.198,4.198
2023,Silverstone,ZHO,MEDIUM,3,1,2,94.679,91.769,3.0199999999999965,3.0199999999999965
2023,Silverstone,ZHO,MEDIUM,4,1,3,94.408,91.769,2.803999999999996,2.803999999999996
2023,Silverstone,ZHO,MEDIUM,5,1,4,94.736,91.769,3.186999999999999,3.186999999999999
2023,Silverstone,ZHO,MEDIUM,6,1,5,94.807,91.769,3.3129999999999966,3.3129999999999966
2023,Silverstone,ZHO,MEDIUM,7,1,6,94.995,91.769,3.555999999999999,3.555999999999999
2023,Silverstone,ZHO,MEDIUM,8,1,7,94.267,91.769,2.8829999999999902,2.8829999999999902
2023,Silverstone,ZHO,MEDIUM,9,1,8,94.044,91.769,2.7149999999999914,2.7149999999999914
2023,Silverstone,ZHO,MEDIUM,10,1,9,94.392,91.769,3.1179999999999906,3.1179999999999906
2023,Silverstone,ZHO,MEDIUM,11,1,10,94.221,91.769,3.001999999999998,3.001999999999998
2023,Silverstone,ZHO,MEDIUM,12,1,11,94.235,91.769,3.070999999999994,3.070999999999994
2023,Silverstone,ZHO,MEDIUM,13,1,12,94.13,91.769,3.02099999999999,3.02099999999999
2023,Silverstone,ZHO,MEDIUM,14,1,13,94.418,91.769,3.3640000000000008,3.3640000000000008
2023,Silverstone,ZHO,MEDIUM,15,1,14,94.677,91.769,3.6780000000000013,3.6780000000000013
2023,Silverstone,ZHO,MEDIUM,16,1,15,94.263,91.769,3.319,3.319
2023,Silverstone,ZHO,MEDIUM,17,1,16,94.027,91.769,3.1379999999999955,3.1379999999999955
2023,Silverstone,ZHO,MEDIUM,18,1,17,93.861,91.769,3.026999999999999,3.026999999999999
2023,Silverstone,ZHO,MEDIUM,19,1,18,93.907,91.769,3.1279999999999912,3.1279999999999912
2023,Silverstone,ZHO,MEDIUM,20,1,19,93.726,91.769,3.0019999999999936,3.0019999999999936
2023,Silverstone,ZHO,MEDIUM,21,1,20,93.56,91.769,2.890999999999997,2.890999999999997
2023,Silverstone,ZHO,MEDIUM,22,1,21,93.679,91.769,3.064999999999997,3.064999999999997
2023,Silverstone,ZHO,MEDIUM,23,1,22,93.642,91.769,3.0829999999999904,3.0829999999999904
2023,Silverstone,ZHO,HARD,2,2,1,92.524,91.769,0.8099999999999955,0.8099999999999955
2023,Silverstone,ZHO,HARD,3,2,2,92.912,91.769,1.2530000000000008,1.2530000000000008
2023,Silverstone,ZHO,HARD,4,2,3,92.999,91.769,1.3949999999999898,1.3949999999999898
2023,Silverstone,ZHO,HARD,5,2,4,92.812,91.769,1.2629999999999921,1.2629999999999921
2023,Silverstone,ZHO,HARD,6,2,5,93.006,91.769,1.5119999999999947,1.5119999999999947
2023,Silverstone,ZHO,HARD,7,2,6,93.073,91.769,1.633999999999988,1.633999999999988
2023,Silverstone,ZHO,SOFT,6,4,1,93.188,91.769,1.4739999999999969,1.4739999999999969
2023,Silverstone,ZHO,SOFT,7,4,2,93.31,91.769,1.650999999999997,1.650999999999997
2023,Silverstone,ZHO,SOFT,8,4,3,92.655,91.769,1.0509999999999957,1.0509999999999957
2023,Silverstone,ZHO,SOFT,9,4,4,92.243,91.769,0.6939999999999895,0.6939999999999895
2023,Silverstone,ZHO,SOFT,10,4,5,92.645,91.769,1.1509999999999905,1.1509999999999905
2023,Silverstone,ZHO,SOFT,11,4,6,92.789,91.769,1.349999999999996,1.349999999999996
2023,Silverstone,ZHO,SOFT,12,4,7,92.502,91.769,1.11799999999999,1.11799999999999
2023,Silverstone,ZHO,SOFT,13,4,8,92.329,91.769,0.999999999999988,0.999999999999988
2023,Silverstone,ZHO,SOFT,14,4,9,91.957,91.769,0.6829999999999882,0.6829999999999882
2023,Silverstone,ZHO,SOFT,15,4,10,91.769,91.769,0.55,0.55
2023,Silverstone,ZHO,SOFT,16,4,11,92.599,91.769,1.4349999999999983,1.4349999999999983
2023,Silverstone,ZHO,SOFT,17,4,12,92.459,91.769,1.3499999999999979,1.3499999999999979
2023,Silverstone,ZHO,SOFT,18,4,13,92.09,91.769,1.0359999999999978,1.0359999999999978
2023,Silverstone,ZHO,SOFT,19,4,14,92.114,91.769,1.1149999999999989,1.1149999999999989
2023,Silverstone,HUL,HARD,2,1,1,95.277,91.776,3.556000000000005,3.556000000000005
2023,Silverstone,HUL,HARD,3,1,2,94.53,91.776,2.8640000000000048,2.8640000000000048
2023,Silverstone,HUL,HARD,4,1,3,94.354,91.776,2.743000000000003,2.743000000000003
2023,Silverstone,HUL,HARD,5,1,4,95.588,91.776,4.031999999999997,4.031999999999997
2023,Silverstone,HUL,HARD,6,1,5,95.631,91.776,4.130000000000004,4.130000000000004
2023,Silverstone,HUL,MEDIUM,2,2,1,93.669,91.776,1.9480000000000006,1.9480000000000006
2023,Silverstone,HUL,MEDIUM,3,2,2,93.525,91.776,1.8590000000000095,1.8590000000000095
2023,Silverstone,HUL,MEDIUM,4,2,3,93.966,91.776,2.3549999999999978,2.3549999999999978
2023,Silverstone,HUL,MEDIUM,5,2,4,94.022,91.776,2.4660000000000095,2.4660000000000095
2023,Silverstone,HUL,MEDIUM,6,2,5,94.3,91.776,2.799000000000001,2.799000000000001
2023,Silverstone,HUL,MEDIUM,7,2,6,94.186,91.776,2.740000000000011,2.740000000000011
2023,Silverstone,HUL,MEDIUM,8,2,7,93.925,91.776,2.5340000000000007,2.5340000000000007
2023,Silverstone,HUL,MEDIUM,9,2,8,93.64,91.776,2.3040000000000043,2.3040000000000043
2023,Silverstone,HUL,MEDIUM,10,2,9,93.616,91.776,2.3350000000000035,2.3350000000000035
2023,Silverstone,HUL,MEDIUM,11,2,10,93.591,91.776,2.3649999999999975,2.3649999999999975
2023,Silverstone,HUL,MEDIUM,12,2,11,93.763,91.776,2.592000000000009,2.592000000000009
2023,Silverstone,HUL,MEDIUM,13,2,12,93.555,91.776,2.4390000000000107,2.4390000000000107
2023,Silverstone,HUL,MEDIUM,14,2,13,93.35,91.776,2.288999999999998,2.288999999999998
2023,Silverstone,HUL,MEDIUM,15,2,14,93.143,91.776,2.1370000000000045,2.1370000000000045
2023,Silverstone,HUL,MEDIUM,16,2,15,93.294,91.776,2.343000000000001,2.343000000000001
2023,Silverstone,HUL,MEDIUM,17,2,16,93.461,91.776,2.565000000000002,2.565000000000002
2023,Silverstone,HUL,MEDIUM,18,2,17,93.351,91.776,2.510000000000003,2.510000000000003
2023,Silverstone,HUL,MEDIUM,19,2,18,93.644,91.776,2.8580000000000094,2.8580000000000094
2023,Silverstone,HUL,MEDIUM,20,2,19,93.122,91.776,2.3910000000000036,2.3910000000000036
2023,Silverstone,HUL,MEDIUM,21,2,20,93.28,91.776,2.604000000000005,2.604000000000005
2023,Silverstone,HUL,MEDIUM,22,2,21,93.107,91.776,2.4860000000000033,2.4860000000000033
2023,Silverstone,HUL,MEDIUM,23,2,22,93.332,91.776,2.7659999999999973,2.7659999999999973
2023,Silverstone,HUL,MEDIUM,24,2,23,93.133,91.776,2.621999999999999,2.621999999999999
2023,Silverstone,HUL,SOFT,7,3,1,92.527,91.776,0.8060000000000048,0.8060000000000048
2023,Silverstone,HUL,SOFT,8,3,2,92.932,91.776,1.266000000000006,1.266000000000006
2023,Silverstone,HUL,SOFT,9,3,3,92.104,91.776,0.493000000000003,0.493000000000003
2023,Silverstone,HUL,SOFT,10,3,4,92.097,91.776,0.5409999999999979,0.5409999999999979
2023,Silverstone,HUL,SOFT,11,3,5,92.325,91.776,0.8240000000000066,0.8240000000000066
2023,Silverstone,HUL,SOFT,12,3,6,92.441,91.776,0.9950000000000063,0.9950000000000063
2023,Silverstone,HUL,SOFT,13,3,7,92.534,91.776,1.1430000000000098,1.1430000000000098
2023,Silverstone,HUL,SOFT,14,3,8,92.584,91.776,1.2480000000000069,1.2480000000000069
2023,Silverstone,HUL,SOFT,15,3,9,92.101,91.776,0.8200000000000028,0.8200000000000028
2023,Silverstone,HUL,SOFT,16,3,10,92.06,91.776,0.8340000000000061,0.8340000000000061
2023,Silverstone,HUL,SOFT,17,3,11,92.08,91.776,0.909000000000002,0.909000000000002
2023,Silverstone,HUL,SOFT,18,3,12,92.158,91.776,1.0420000000000051,1.0420000000000051
2023,Silverstone,HUL,SOFT,19,3,13,92.166,91.776,1.1050000000000004,1.1050000000000004
2023,Silverstone,HUL,SOFT,20,3,14,91.776,91.776,0.77,0.77
2023,Silverstone,OCO,SOFT,2,1,1,95.23,93.941,1.3440000000000014,1.3440000000000014
2023,Silverstone,OCO,SOFT,3,1,2,94.113,93.941,0.28199999999999703,0.28199999999999703
2023,Silverstone,OCO,SOFT,4,1,3,93.941,93.941,0.165,0.165
2023,Silverstone,OCO,SOFT,5,1,4,93.946,93.941,0.22499999999999545,0.22499999999999545
2023,Silverstone,OCO,SOFT,6,1,5,94.381,93.941,0.7149999999999977,0.7149999999999977
2023,Silverstone,OCO,SOFT,7,1,6,94.346,93.941,0.7350000000000012,0.7350000000000012
2023,Silverstone,OCO,SOFT,8,1,7,94.032,93.941,0.475999999999994,0.475999999999994
2023,Silverstone,NOR,MEDIUM,2,1,1,93.046,90.543,2.5580000000000003,2.5580000000000003
2023,Silverstone,NOR,MEDIUM,3,1,2,93.18,90.543,2.7470000000000003,2.7470000000000003
2023,Silverstone,NOR,MEDIUM,4,1,3,92.772,90.543,2.3939999999999992,2.3939999999999992
2023,Silverstone,NOR,MEDIUM,5,1,4,93.914,90.543,3.5909999999999953,3.5909999999999953
2023,Silverstone,NOR,MEDIUM,6,1,5,93.112,90.543,2.8439999999999883,2.8439999999999883
2023,Silverstone,NOR,MEDIUM,7,1,6,93.19,90.543,2.9769999999999914,2.9769999999999914
2023,Silverstone,NOR,MEDIUM,8,1,7,93.101,90.543,2.9429999999999925,2.9429999999999925
2023,Silverstone,NOR,MEDIUM,9,1,8,92.612,90.543,2.5089999999999884,2.5089999999999884
2023,Silverstone,NOR,MEDIUM,10,1,9,92.977,90.543,2.9289999999999976,2.9289999999999976
2023,Silverstone,NOR,MEDIUM,11,1,10,92.978,90.543,2.984999999999988,2.984999999999988
2023,Silverstone,NOR,MEDIUM,12,1,11,93.116,90.543,3.1779999999999933,3.1779999999999933
2023,Silverstone,NOR,MEDIUM,13,1,12,92.986,90.543,3.102999999999998,3.102999999999998
2023,Silverstone,NOR,MEDIUM,14,1,13,93.67,90.543,3.841999999999995,3.841999999999995
2023,Silverstone,NOR,MEDIUM,15,1,14,93.221,90.543,3.4479999999999973,3.4479999999999973
2023,Silverstone,NOR,MEDIUM,16,1,15,92.903,90.543,3.1849999999999996,3.1849999999999996
2023,Silverstone,NOR,MEDIUM,17,1,16,92.985,90.543,3.321999999999993,3.321999999999993
2023,Silverstone,NOR,MEDIUM,18,1,17,92.731,90.543,3.1229999999999882,3.1229999999999882
2023,Silverstone,NOR,MEDIUM,19,1,18,92.5,90.543,2.946999999999994,2.946999999999994
2023,Silverstone,NOR,MEDIUM,20,1,19,92.77,90.543,3.2719999999999896,3.2719999999999896
2023,Silverstone,NOR,MEDIUM,21,1,20,92.604,90.543,3.160999999999993,3.160999999999993
2023,Silverstone,NOR,MEDIUM,22,1,21,92.637,90.543,3.2489999999999943,3.2489999999999943
2023,Silverstone,NOR,MEDIUM,23,1,22,92.619,90.543,3.2859999999999934,3.2859999999999934
2023,Silverstone,NOR,MEDIUM,24,1,23,92.721,90.543,3.442999999999997,3.442999999999997
2023,Silverstone,NOR,MEDIUM,25,1,24,92.949,90.543,3.725999999999992,3.725999999999992
2023,Silverstone,NOR,MEDIUM,26,1,25,92.758,90.543,3.589999999999989,3.589999999999989
2023,Silverstone,NOR,MEDIUM,27,1,26,92.734,90.543,3.620999999999988,3.620999999999988
2023,Silverstone,NOR,MEDIUM,28,1,27,92.714,90.543,3.6559999999999926,3.6559999999999926
2023,Silverstone,NOR,MEDIUM,29,1,28,92.806,90.543,3.802999999999991,3.802999999999991
2023,Silverstone,NOR,MEDIUM,30,1,29,92.609,90.543,3.660999999999988,3.660999999999988
2023,Silverstone,NOR,MEDIUM,31,1,30,92.808,90.543,3.9150000000000005,3.9150000000000005
2023,Silverstone,NOR,MEDIUM,32,1,31,92.571,90.543,3.7329999999999917,3.7329999999999917
2023,Silverstone,NOR,HARD,6,2,1,91.243,90.543,0.7549999999999887,0.7549999999999887
2023,Silverstone,NOR,HARD,7,2,2,90.997,90.543,0.5639999999999935,0.5639999999999935
2023,Silverstone,NOR,HARD,8,2,3,90.76,90.543,0.3819999999999988,0.3819999999999988
2023,Silverstone,NOR,HARD,9,2,4,90.922,90.543,0.5989999999999907,0.5989999999999907
2023,Silverstone,NOR,HARD,10,2,5,90.543,90.543,0.275,0.275
2023,Silverstone,NOR,HARD,11,2,6,90.786,90.543,0.5729999999999951,0.5729999999999951
2023,Silverstone,NOR,HARD,12,2,7,91.301,90.543,1.1429999999999956,1.1429999999999956
2023,Silverstone,NOR,HARD,13,2,8,91.094,90.543,0.9909999999999877,0.9909999999999877
2023,Silverstone,NOR,HARD,14,2,9,91.593,90.543,1.5449999999999973,1.5449999999999973
2023,Silverstone,NOR,HARD,15,2,10,91.36,90.543,1.366999999999993,1.366999999999993
2023,Silverstone,NOR,HARD,16,2,11,91.02,90.543,1.0819999999999896,1.0819999999999896
2023,Silverstone,NOR,HARD,17,2,12,91.56,90.543,1.676999999999996,1.676999999999996
2023,Silverstone,NOR,HARD,18,2,13,91.077,90.543,1.2489999999999917,1.2489999999999917
2023,Silverstone,NOR,HARD,19,2,14,91.251,90.543,1.4779999999999984,1.4779999999999984
2023,Silverstone,HAM,MEDIUM,2,1,1,94.361,90.545,3.8710000000000027,3.8710000000000027
2023,Silverstone,HAM,MEDIUM,3,1,2,93.662,90.545,3.2270000000000043,3.2270000000000043
2023,Silverstone,HAM,MEDIUM,4,1,3,93.086,90.545,2.705999999999997,2.705999999999997
2023,Silverstone,HAM,MEDIUM,5,1,4,93.718,90.545,3.393000000000002,3.393000000000002
2023,Silverstone,HAM,MEDIUM,6,1,5,94.556,90.545,4.285999999999996,4.285999999999996
2023,Silverstone,HAM,MEDIUM,7,1,6,93.328,90.545,3.1130000000000013,3.1130000000000013
2023,Silverstone,HAM,MEDIUM,8,1,7,93.483,90.545,3.323000000000002,3.323000000000002
2023,Silverstone,HAM,MEDIUM,9,1,8,93.331,90.545,3.2260000000000013,3.2260000000000013
2023,Silverstone,HAM,MEDIUM,10,1,9,93.624,90.545,3.5739999999999936,3.5739999999999936
2023,Silverstone,HAM,MEDIUM,11,1,10,93.519,90.545,3.5240000000000036,3.5240000000000036
2023,Silverstone,HAM,MEDIUM,12,1,11,93.908,90.545,3.9679999999999995,3.9679999999999995
2023,Silverstone,HAM,MEDIUM,13,1,12,93.28,90.545,3.3949999999999996,3.3949999999999996
2023,Silverstone,HAM,MEDIUM,14,1,13,93.324,90.545,3.493999999999996,3.493999999999996
2023,Silverstone,HAM,MEDIUM,15,1,14,93.156,90.545,3.3810000000000042,3.3810000000000042
2023,Silverstone,HAM,MEDIUM,16,1,15,92.931,90.545,3.210999999999996,3.210999999999996
2023,Silverstone,HAM,MEDIUM,17,1,16,93.12,90.545,3.4550000000000027,3.4550000000000027
2023,Silverstone,HAM,MEDIUM,18,1,17,93.313,90.545,3.7030000000000007,3.7030000000000007
2023,Silverstone,HAM,MEDIUM,19,1,18,93.201,90.545,3.645999999999992,3.645999999999992
2023,Silverstone,HAM,MEDIUM,20,1,19,92.956,90.545,3.4560000000000013,3.4560000000000013
2023,Silverstone,HAM,MEDIUM,21,1,20,92.779,90.545,3.3339999999999947,3.3339999999999947
2023,Silverstone,HAM,MEDIUM,22,1,21,92.821,90.545,3.4309999999999965,3.4309999999999965
2023,Silverstone,HAM,MEDIUM,23,1,22,92.974,90.545,3.639000000000002,3.639000000000002
2023,Silverstone,HAM,MEDIUM,24,1,23,92.703,90.545,3.423000000000001,3.423000000000001
2023,Silverstone,HAM,MEDIUM,25,1,24,93.087,90.545,3.862000000000002,3.862000000000002
2023,Silverstone,HAM,MEDIUM,26,1,25,92.769,90.545,3.5990000000000038,3.5990000000000038
2023,Silverstone,HAM,MEDIUM,27,1,26,92.714,90.545,3.5989999999999966,3.5989999999999966
2023,Silverstone,HAM,MEDIUM,28,1,27,92.32,90.545,3.259999999999992,3.259999999999992
2023,Silverstone,HAM,MEDIUM,29,1,28,92.155,90.545,3.1499999999999995,3.1499999999999995
2023,Silverstone,HAM,MEDIUM,30,1,29,92.246,90.545,3.295999999999993,3.295999999999993
2023,Silverstone,HAM,MEDIUM,31,1,30,92.744,90.545,3.848999999999998,3.848999999999998
2023,Silverstone,HAM,SOFT,9,2,1,91.427,90.545,0.937000000000005,0.937000000000005
2023,Silverstone,HAM,SOFT,10,2,2,91.279,90.545,0.8439999999999946,0.8439999999999946
2023,Silverstone,HAM,SOFT,11,2,3,90.673,90.545,0.29300000000000015,0.29300000000000015
2023,Silverstone,HAM,SOFT,12,2,4,91.042,90.545,0.7169999999999999,0.7169999999999999
2023,Silverstone,HAM,SOFT,13,2,5,90.545,90.545,0.275,0.275
2023,Silverstone,HAM,SOFT,14,2,6,91.589,90.545,1.373999999999997,1.373999999999997
2023,Silverstone,HAM,SOFT,15,2,7,91.359,90.545,1.198999999999993,1.198999999999993
2023,Silverstone,HAM,SOFT,16,2,8,91.559,90.545,1.4539999999999957,1.4539999999999957
2023,Silverstone,HAM,SOFT,17,2,9,91.248,90.545,1.198000000000003,1.198000000000003
2023,Silverstone,HAM,SOFT,18,2,10,91.152,90.545,1.1569999999999994,1.1569999999999994
2023,Silverstone,HAM,SOFT,19,2,11,91.286,90.545,1.3459999999999996,1.3459999999999996
2023,Silverstone,HAM,SOFT,20,2,12,91.526,90.545,1.6409999999999947,1.6409999999999947
2023,Silverstone,HAM,SOFT,21,2,13,91.703,90.545,1.873000000000001,1.873000000000001
2023,Silverstone,HAM,SOFT,22,2,14,91.823,90.545,2.0479999999999916,2.0479999999999916
2023,Silverstone,SAI,MEDIUM,2,1,1,94.177,91.366,2.866000000000007,2.866000000000007
2023,Silverstone,SAI,MEDIUM,3,1,2,93.456,91.366,2.2000000000000033,2.2000000000000033
2023,Silverstone,SAI,MEDIUM,4,1,3,92.975,91.366,1.7739999999999947,1.7739999999999947
2023,Silverstone,SAI,MEDIUM,5,1,4,93.666,91.366,2.5199999999999974,2.5199999999999974
2023,Silverstone,SAI,MEDIUM,6,1,5,94.215,91.366,3.1240000000000037,3.1240000000000037
2023,Silverstone,SAI,MEDIUM,7,1,6,93.427,91.366,2.391000000000007,2.391000000000007
2023,Silverstone,SAI,MEDIUM,8,1,7,93.442,91.366,2.460999999999993,2.460999999999993
2023,Silverstone,SAI,MEDIUM,9,1,8,93.417,91.366,2.491000000000002,2.491000000000002
2023,Silverstone,SAI,MEDIUM,10,1,9,93.405,91.366,2.5340000000000016,2.5340000000000016
2023,Silverstone,SAI,MEDIUM,11,1,10,93.279,91.366,2.4629999999999965,2.4629999999999965
2023,Silverstone,SAI,MEDIUM,12,1,11,93.323,91.366,2.5619999999999936,2.5619999999999936
2023,Silverstone,SAI,MEDIUM,13,1,12,93.105,91.366,2.3990000000000045,2.3990000000000045
2023,Silverstone,SAI,MEDIUM,14,1,13,93.941,91.366,3.2900000000000027,3.2900000000000027
2023,Silverstone,SAI,MEDIUM,15,1,14,93.623,91.366,3.027000000000005,3.027000000000005
2023,Silverstone,SAI,MEDIUM,16,1,15,93.498,91.366,2.957000000000005,2.957000000000005
2023,Silverstone,SAI,MEDIUM,17,1,16,93.076,91.366,2.5899999999999936,2.5899999999999936
2023,Silverstone,SAI,MEDIUM,18,1,17,93.302,91.366,2.871000000000007,2.871000000000007
2023,Silverstone,SAI,MEDIUM,19,1,18,93.242,91.366,2.866000000000005,2.866000000000005
2023,Silverstone,SAI,MEDIUM,20,1,19,93.007,91.366,2.6860000000000053,2.6860000000000053
2023,Silverstone,SAI,MEDIUM,21,1,20,93.261,91.366,2.994999999999996,2.994999999999996
2023,Silverstone,SAI,MEDIUM,22,1,21,92.871,91.366,2.6599999999999957,2.6599999999999957
2023,Silverstone,SAI,MEDIUM,23,1,22,92.755,91.366,2.5989999999999958,2.5989999999999958
2023,Silverstone,SAI,MEDIUM,24,1,23,92.77,91.366,2.668999999999996,2.668999999999996
2023,Silverstone,SAI,MEDIUM,25,1,24,93.133,91.366,3.086999999999996,3.086999999999996
2023,Silverstone,SAI,HARD,2,2,1,92.22,91.366,0.9089999999999993,0.9089999999999993
2023,Silverstone,SAI,HARD,3,2,2,91.945,91.366,0.6889999999999935,0.6889999999999935
2023,Silverstone,SAI,HARD,4,2,3,92.129,91.366,0.9280000000000053,0.9280000000000053
2023,Silverstone,SAI,HARD,5,2,4,92.494,91.366,1.348,1.348
2023,Silverstone,SAI,HARD,13,2,5,92.459,91.366,1.3680000000000034,1.3680000000000034
2023,Silverstone,SAI,HARD,14,2,6,91.783,91.366,0.7470000000000017,0.7470000000000017
2023,Silverstone,SAI,HARD,15,2,7,91.427,91.366,0.44600000000000706,0.44600000000000706
2023,Silverstone,SAI,HARD,16,2,8,91.643,91.366,0.717000000000001,0.717000000000001
2023,Silverstone,SAI,HARD,17,2,9,92.89,91.366,2.019000000000001,2.019000000000001
2023,Silverstone,SAI,HARD,18,2,10,94.622,91.366,3.806,3.806
2023,Silverstone,SAI,HARD,19,2,11,92.606,91.366,1.8449999999999949,1.8449999999999949
2023,Silverstone,SAI,HARD,20,2,12,91.906,91.366,1.2000000000000064,1.2000000000000064
2023,Silverstone,SAI,HARD,21,2,13,91.592,91.366,0.9409999999999991,0.9409999999999991
2023,Silverstone,SAI,HARD,22,2,14,91.438,91.366,0.8420000000000027,0.8420000000000027
2023,Silverstone,SAI,HARD,23,2,15,91.723,91.366,1.1819999999999993,1.1819999999999993
2023,Silverstone,SAI,HARD,24,2,16,91.408,91.366,0.9220000000000016,0.9220000000000016
2023,Silverstone,SAI,HARD,25,2,17,91.366,91.366,0.935,0.935
2023,Silverstone,SAI,HARD,26,2,18,91.88,91.366,1.5039999999999958,1.5039999999999958
2023,Silverstone,RUS,SOFT,5,1,1,94.115,91.124,3.046,3.046
2023,Silverstone,RUS,SOFT,6,1,2,93.096,91.124,2.0820000000000083,2.0820000000000083
2023,Silverstone,RUS,SOFT,7,1,3,93.084,91.124,2.125000000000008,2.125000000000008
2023,Silverstone,RUS,SOFT,8,1,4,94.211,91.124,3.3070000000000035,3.3070000000000035
2023,Silverstone,RUS,SOFT,9,1,5,93.839,91.124,2.9900000000000033,2.9900000000000033
2023,Silverstone,RUS,SOFT,10,1,6,93.432,91.124,2.638000000000007,2.638000000000007
2023,Silverstone,RUS,SOFT,11,1,7,93.136,91.124,2.3970000000000002,2.3970000000000002
2023,Silverstone,RUS,SOFT,12,1,8,93.154,91.124,2.470000000000001,2.470000000000001
2023,Silverstone,RUS,SOFT,13,1,9,93.424,91.124,2.7950000000000115,2.7950000000000115
2023,Silverstone,RUS,SOFT,14,1,10,93.089,91.124,2.5150000000000032,2.5150000000000032
2023,Silverstone,RUS,SOFT,15,1,11,93.354,91.124,2.835000000000004,2.835000000000004
2023,Silverstone,RUS,SOFT,16,1,12,93.159,91.124,2.695000000000011,2.695000000000011
2023,Silverstone,RUS,SOFT,17,1,13,93.729,91.124,3.320000000000004,3.320000000000004
2023,Silverstone,RUS,SOFT,18,1,14,93.27,91.124,2.916000000000001,2.916000000000001
2023,Silverstone,RUS,SOFT,19,1,15,93.309,91.124,3.0100000000000025,3.0100000000000025
2023,Silverstone,RUS,SOFT,20,1,16,93.174,91.124,2.9300000000000113,2.9300000000000113
2023,Silverstone,RUS,SOFT,21,1,17,93.072,91.124,2.8830000000000076,2.8830000000000076
2023,Silverstone,RUS,SOFT,22,1,18,92.807,91.124,2.673000000000007,2.673000000000007
2023,Silverstone,RUS,SOFT,23,1,19,92.803,91.124,2.724000000000002,2.724000000000002
2023,Silverstone,RUS,SOFT,24,1,20,92.85,91.124,2.825999999999999,2.825999999999999
2023,Silverstone,RUS,SOFT,25,1,21,92.568,91.124,2.599000000000003,2.599000000000003
2023,Silverstone,RUS,SOFT,26,1,22,92.683,91.124,2.7690000000000117,2.7690000000000117
2023,Silverstone,RUS,SOFT,27,1,23,92.852,91.124,2.9930000000000083,2.9930000000000083
2023,Silverstone,RUS,SOFT,28,1,24,92.863,91.124,3.0590000000000046,3.0590000000000046
2023,Silverstone,RUS,SOFT,29,1,25,92.958,91.124,3.209000000000003,3.209000000000003
2023,Silverstone,RUS,SOFT,30,1,26,93.062,91.124,3.368000000000002,3.368000000000002
2023,Silverstone,RUS,MEDIUM,2,2,1,91.51,91.124,0.4410000000000099,0.4410000000000099
2023,Silverstone,RUS,MEDIUM,3,2,2,91.8,91.124,0.7860000000000019,0.7860000000000019
2023,Silverstone,RUS,MEDIUM,11,2,3,91.848,91.124,0.8890000000000038,0.8890000000000038
2023,Silverstone,RUS,MEDIUM,12,2,4,91.606,91.124,0.7019999999999993,0.7019999999999993
2023,Silverstone,RUS,MEDIUM,13,2,5,91.124,91.124,0.275,0.275
2023,Silverstone,RUS,MEDIUM,14,2,6,91.188,91.124,0.3940000000000072,0.3940000000000072
2023,Silverstone,RUS,MEDIUM,15,2,7,91.231,91.124,0.4919999999999993,0.4919999999999993
2023,Silverstone,RUS,MEDIUM,16,2,8,91.568,91.124,0.8840000000000026,0.8840000000000026
2023,Silverstone,RUS,MEDIUM,17,2,9,91.718,91.124,1.0890000000000084,1.0890000000000084
2023,Silverstone,RUS,MEDIUM,18,2,10,91.984,91.124,1.4099999999999995,1.4099999999999995
2023,Silverstone,RUS,MEDIUM,19,2,11,91.644,91.124,1.1250000000000102,1.1250000000000102
2023,Silverstone,RUS,MEDIUM,20,2,12,91.569,91.124,1.1050000000000075,1.1050000000000075
2023,Silverstone,RUS,MEDIUM,21,2,13,91.612,91.124,1.2029999999999994,1.2029999999999994
2023,Silverstone,RUS,MEDIUM,22,2,14,91.421,91.124,1.0670000000000113,1.0670000000000113
2023,Silverstone,RUS,MEDIUM,23,2,15,91.563,91.124,1.2640000000000071,1.2640000000000071
2023,Silverstone,RUS,MEDIUM,24,2,16,91.433,91.124,1.1890000000000116,1.1890000000000116
2023,Silverstone,BOT,HARD,2,1,1,96.741,91.852,4.9439999999999955,4.9439999999999955
2023,Silverstone,BOT,HARD,3,1,2,94.865,91.852,3.122999999999991,3.122999999999991
2023,Silverstone,BOT,HARD,4,1,3,94.611,91.852,2.9240000000000004,2.9240000000000004
2023,Silverstone,BOT,HARD,5,1,4,94.804,91.852,3.1719999999999984,3.1719999999999984
2023,Silverstone,BOT,HARD,6,1,5,94.791,91.852,3.213999999999993,3.213999999999993
2023,Silverstone,BOT,HARD,7,1,6,94.879,91.852,3.357000000000001,3.357000000000001
2023,Silverstone,BOT,HARD,8,1,7,94.476,91.852,3.008999999999995,3.008999999999995
2023,Silverstone,BOT,HARD,9,1,8,94.386,91.852,2.9739999999999918,2.9739999999999918
2023,Silverstone,BOT,HARD,10,1,9,94.306,91.852,2.9489999999999936,2.9489999999999936
2023,Silverstone,BOT,HARD,11,1,10,94.354,91.852,3.051999999999995,3.051999999999995
2023,Silverstone,BOT,HARD,12,1,11,94.541,91.852,3.293999999999993,3.293999999999993
2023,Silverstone,BOT,HARD,13,1,12,94.618,91.852,3.4259999999999913,3.4259999999999913
2023,Silverstone,BOT,HARD,14,1,13,94.604,91.852,3.466999999999995,3.466999999999995
2023,Silverstone,BOT,HARD,15,1,14,94.627,91.852,3.5449999999999915,3.5449999999999915
2023,Silverstone,BOT,HARD,16,1,15,94.367,91.852,3.3400000000000007,3.3400000000000007
2023,Silverstone,BOT,HARD,17,1,16,93.867,91.852,2.8950000000000005,2.8950000000000005
2023,Silverstone,BOT,HARD,18,1,17,93.749,91.852,2.8319999999999914,2.8319999999999914
2023,Silverstone,BOT,HARD,19,1,18,93.73,91.852,2.8680000000000003,2.8680000000000003
2023,Silverstone,BOT,HARD,20,1,19,93.671,91.852,2.8640000000000025,2.8640000000000025
2023,Silverstone,BOT,HARD,21,1,20,93.607,91.852,2.8549999999999955,2.8549999999999955
2023,Silverstone,BOT,HARD,22,1,21,93.468,91.852,2.771,2.771
2023,Silverstone,BOT,HARD,23,1,22,93.787,91.852,3.1450000000000022,3.1450000000000022
2023,Silverstone,BOT,HARD,24,1,23,93.464,91.852,2.8769999999999945,2.8769999999999945
2023,Silverstone,BOT,HARD,25,1,24,93.292,91.852,2.759999999999998,2.759999999999998
2023,Silverstone,BOT,HARD,26,1,25,93.47,91.852,2.992999999999995,2.992999999999995
2023,Silverstone,BOT,HARD,27,1,26,93.588,91.852,3.1659999999999897,3.1659999999999897
2023,Silverstone,BOT,HARD,28,1,27,93.5,91.852,3.1329999999999965,3.1329999999999965
2023,Silverstone,BOT,HARD,29,1,28,93.351,91.852,3.0389999999999953,3.0389999999999953
2023,Silverstone,BOT,HARD,30,1,29,93.367,91.852,3.1100000000000003,3.1100000000000003
2023,Silverstone,BOT,HARD,31,1,30,93.44,91.852,3.2379999999999938,3.2379999999999938
2023,Silverstone,BOT,SOFT,7,2,1,92.618,91.852,0.8209999999999912,0.8209999999999912
2023,Silverstone,BOT,SOFT,8,2,2,93.056,91.852,1.3139999999999936,1.3139999999999936
2023,Silverstone,BOT,SOFT,9,2,3,92.229,91.852,0.5419999999999954,0.5419999999999954
2023,Silverstone,BOT,SOFT,10,2,4,91.902,91.852,0.26999999999999713,0.26999999999999713
2023,Silverstone,BOT,SOFT,11,2,5,92.047,91.852,0.4699999999999932,0.4699999999999932
2023,Silverstone,BOT,SOFT,12,2,6,92.563,91.852,1.0409999999999986,1.0409999999999986
2023,Silverstone,BOT,SOFT,13,2,7,93.177,91.852,1.7100000000000029,1.7100000000000029
2023,Silverstone,BOT,SOFT,14,2,8,92.284,91.852,0.8720000000000021,0.8720000000000021
2023,Silverstone,BOT,SOFT,15,2,9,92.079,91.852,0.7219999999999897,0.7219999999999897
2023,Silverstone,BOT,SOFT,16,2,10,91.974,91.852,0.6719999999999999,0.6719999999999999
2023,Silverstone,BOT,SOFT,17,2,11,92.167,91.852,0.9199999999999977,0.9199999999999977
2023,Silverstone,BOT,SOFT,18,2,12,92.163,91.852,0.9709999999999929,0.9709999999999929
2023,Silverstone,BOT,SOFT,19,2,13,92.133,91.852,0.9959999999999917,0.9959999999999917
2023,Silverstone,BOT,SOFT,20,2,14,91.852,91.852,0.77,0.77
2023,Silverstone,PIA,MEDIUM,2,1,1,93.845,90.85,3.0500000000000047,3.0500000000000047
2023,Silverstone,PIA,MEDIUM,3,1,2,92.499,90.85,1.759000000000001,1.759000000000001
2023,Silverstone,PIA,MEDIUM,4,1,3,92.581,90.85,1.8960000000000088,1.8960000000000088
2023,Silverstone,PIA,MEDIUM,5,1,4,93.461,90.85,2.8310000000000044,2.8310000000000044
2023,Silverstone,PIA,MEDIUM,6,1,5,93.008,90.85,2.433000000000001,2.433000000000001
2023,Silverstone,PIA,MEDIUM,7,1,6,93.29,90.85,2.770000000000012,2.770000000000012
2023,Silverstone,PIA,MEDIUM,8,1,7,93.233,90.85,2.7680000000000096,2.7680000000000096
2023,Silverstone,PIA,MEDIUM,9,1,8,92.79,90.85,2.380000000000012,2.380000000000012
2023,Silverstone,PIA,MEDIUM,10,1,9,93.379,90.85,3.0240000000000107,3.0240000000000107
2023,Silverstone,PIA,MEDIUM,11,1,10,92.976,90.85,2.6760000000000046,2.6760000000000046
2023,Silverstone,PIA,MEDIUM,12,1,11,93.464,90.85,3.2190000000000043,3.2190000000000043
2023,Silverstone,PIA,MEDIUM,13,1,12,93.144,90.85,2.9540000000000113,2.9540000000000113
2023,Silverstone,PIA,MEDIUM,14,1,13,93.603,90.85,3.468,3.468
2023,Silverstone,PIA,MEDIUM,15,1,14,93.267,90.85,3.1870000000000016,3.1870000000000016
2023,Silverstone,PIA,MEDIUM,16,1,15,93.005,90.85,2.9800000000000013,2.9800000000000013
2023,Silverstone,PIA,MEDIUM,17,1,16,92.775,90.85,2.8050000000000113,2.8050000000000113
2023,Silverstone,PIA,MEDIUM,18,1,17,93.019,90.85,3.104000000000011,3.104000000000011
2023,Silverstone,PIA,MEDIUM,19,1,18,92.88,90.85,3.0200000000000014,3.0200000000000014
2023,Silverstone,PIA,MEDIUM,20,1,19,92.66,90.85,2.855000000000002,2.855000000000002
2023,Silverstone,PIA,MEDIUM,21,1,20,92.749,90.85,2.999000000000001,2.999000000000001
2023,Silverstone,PIA,MEDIUM,22,1,21,92.537,90.85,2.842000000000012,2.842000000000012
2023,Silverstone,PIA,MEDIUM,23,1,22,92.732,90.85,3.092000000000005,3.092000000000005
2023,Silverstone,PIA,MEDIUM,24,1,23,92.676,90.85,3.0910000000000073,3.0910000000000073
2023,Silverstone,PIA,MEDIUM,25,1,24,92.809,90.85,3.2790000000000035,3.2790000000000035
2023,Silverstone,PIA,MEDIUM,26,1,25,93.052,90.85,3.5770000000000124,3.5770000000000124
2023,Silverstone,PIA,MEDIUM,27,1,26,92.844,90.85,3.4239999999999995,3.4239999999999995
2023,Silverstone,PIA,MEDIUM,28,1,27,93.19,90.85,3.8250000000000037,3.8250000000000037
2023,Silverstone,PIA,HARD,2,2,1,91.68,90.85,0.8850000000000126,0.8850000000000126
2023,Silverstone,PIA,HARD,10,2,2,91.646,90.85,0.9060000000000065,0.9060000000000065
2023,Silverstone,PIA,HARD,11,2,3,91.475,90.85,0.79,0.79
2023,Silverstone,PIA,HARD,12,2,4,90.85,90.85,0.22,0.22
2023,Silverstone,PIA,HARD,13,2,5,91.178,90.85,0.603000000000003,0.603000000000003
2023,Silverstone,PIA,HARD,14,2,6,91.011,90.85,0.4910000000000014,0.4910000000000014
2023,Silverstone,PIA,HARD,15,2,7,91.465,90.85,1.000000000000009,1.000000000000009
2023,Silverstone,PIA,HARD,16,2,8,91.406,90.85,0.9960000000000115,0.9960000000000115
2023,Silverstone,PIA,HARD,17,2,9,91.496,90.85,1.141000000000001,1.141000000000001
2023,Silverstone,PIA,HARD,18,2,10,91.427,90.85,1.1270000000000124,1.1270000000000124
2023,Silverstone,PIA,HARD,19,2,11,91.159,90.85,0.9140000000000117,0.9140000000000117
2023,Silverstone,PIA,HARD,20,2,12,91.422,90.85,1.2320000000000029,1.2320000000000029
2023,Silverstone,PIA,HARD,21,2,13,91.752,90.85,1.6170000000000009,1.6170000000000009
2023,Silverstone,PIA,HARD,22,2,14,91.305,90.85,1.2250000000000125,1.2250000000000125
2023,Silverstone,PIA,HARD,23,2,15,90.941,90.85,0.9160000000000081,0.9160000000000081
2023,Monza,VER,MEDIUM,2,1,1,86.163,85.24,0.9780000000000019,0.9780000000000019
2023,Monza,VER,MEDIUM,3,1,2,85.702,85.24,0.5720000000000033,0.5720000000000033
2023,Monza,VER,MEDIUM,4,1,3,86.05,85.24,0.9750000000000023,0.9750000000000023
2023,Monza,VER,MEDIUM,5,1,4,86.176,85.24,1.156000000000007,1.156000000000007
2023,Monza,VER,MEDIUM,6,1,5,86.837,85.24,1.8720000000000083,1.8720000000000083
2023,Monza,VER,MEDIUM,7,1,6,86.368,85.24,1.4580000000000002,1.4580000000000002
2023,Monza,VER,MEDIUM,8,1,7,85.99,85.24,1.135,1.135
2023,Monza,VER,MEDIUM,9,1,8,86.605,85.24,1.805000000000009,1.805000000000009
2023,Monza,VER,MEDIUM,10,1,9,86.603,85.24,1.8579999999999997,1.8579999999999997
2023,Monza,VER,MEDIUM,11,1,10,86.643,85.24,1.9530000000000058,1.9530000000000058
2023,Monza,VER,MEDIUM,12,1,11,86.442,85.24,1.8069999999999982,1.8069999999999982
2023,Monza,VER,MEDIUM,13,1,12,86.666,85.24,2.086000000000002,2.086000000000002
2023,Monza,VER,MEDIUM,14,1,13,87.028,85.24,2.5030000000000108,2.5030000000000108
2023,Monza,VER,MEDIUM,15,1,14,86.782,85.24,2.3120000000000016,2.3120000000000016
2023,Monza,VER,MEDIUM,16,1,15,86.718,85.24,2.303000000000009,2.303000000000009
2023,Monza,VER,MEDIUM,17,1,16,86.733,85.24,2.373000000000009,2.373000000000009
2023,Monza,VER,MEDIUM,18,1,17,86.273,85.24,1.9680000000000013,1.9680000000000013
2023,Monza,VER,MEDIUM,19,1,18,86.438,85.24,2.1880000000000077,2.1880000000000077
2023,Monza,VER,HARD,2,2,1,85.885,85.24,0.7000000000000103,0.7000000000000103
2023,Monza,VER,HARD,3,2,2,86.159,85.24,1.0290000000000112,1.0290000000000112
2023,Monza,VER,HARD,4,2,3,86.327,85.24,1.2520000000000033,1.2520000000000033
2023,Monza,VER,HARD,5,2,4,85.914,85.24,0.8940000000000066,0.8940000000000066
2023,Monza,VER,HARD,6,2,5,85.786,85.24,0.8210000000000065,0.8210000000000065
2023,Monza,VER,HARD,7,2,6,85.501,85.24,0.59100000000001,0.59100000000001
2023,Monza,VER,HARD,8,2,7,85.434,85.24,0.5790000000000026,0.5790000000000026
2023,Monza,VER,HARD,9,2,8,85.471,85.24,0.6710000000000087,0.6710000000000087
2023,Monza,VER,HARD,10,2,9,85.398,85.24,0.6530000000000012,0.6530000000000012
2023,Monza,VER,HARD,11,2,10,85.502,85.24,0.8120000000000005,0.8120000000000005
2023,Monza,VER,HARD,12,2,11,85.41,85.24,0.7750000000000017,0.7750000000000017
2023,Monza,VER,HARD,13,2,12,85.24,85.24,0.66,0.66
2023,Monza,VER,HARD,14,2,13,85.683,85.24,1.158000000000012,1.158000000000012
2023,Monza,VER,HARD,15,2,14,85.815,85.24,1.3450000000000029,1.3450000000000029
2023,Monza,VER,HARD,16,2,15,85.598,85.24,1.183000000000004,1.183000000000004
2023,Monza,VER,HARD,17,2,16,85.683,85.24,1.323000000000012,1.323000000000012
2023,Monza,VER,HARD,18,2,17,85.585,85.24,1.279999999999999,1.279999999999999
2023,Monza,VER,HARD,19,2,18,85.486,85.24,1.2360000000000093,1.2360000000000093
2023,Monza,VER,HARD,20,2,19,85.901,85.24,1.7060000000000013,1.7060000000000013
2023,Monza,VER,HARD,21,2,20,85.779,85.24,1.6390000000000016,1.6390000000000016
2023,Monza,VER,HARD,22,2,21,85.912,85.24,1.8270000000000113,1.8270000000000113
2023,Monza,VER,HARD,23,2,22,85.994,85.24,1.9640000000000049,1.9640000000000049
2023,Monza,VER,HARD,24,2,23,85.751,85.24,1.7760000000000098,1.7760000000000098
2023,Monza,VER,HARD,25,2,24,85.916,85.24,1.996000000000002,1.996000000000002
2023,Monza,VER,HARD,26,2,25,86.185,85.24,2.3200000000000074,2.3200000000000074
2023,Monza,VER,HARD,27,2,26,86.137,85.24,2.3270000000000053,2.3270000000000053
2023,Monza,VER,HARD,28,2,27,87.235,85.24,3.480000000000005,3.480000000000005
2023,Monza,VER,HARD,29,2,28,87.907,85.24,4.207000000000002,4.207000000000002
2023,Monza,VER,HARD,30,2,29,88.393,85.24,4.7480000000000055,4.7480000000000055
2023,Monza,VER,HARD,31,2,30,87.525,85.24,3.9350000000000107,3.9350000000000107
2023,Monza,GAS,MEDIUM,2,1,1,88.696,85.758,2.9930000000000025,2.9930000000000025
2023,Monza,GAS,MEDIUM,3,1,2,87.916,85.758,2.268000000000001,2.268000000000001
2023,Monza,GAS,MEDIUM,4,1,3,87.472,85.758,1.8789999999999987,1.8789999999999987
2023,Monza,GAS,MEDIUM,5,1,4,87.694,85.758,2.1560000000000072,2.1560000000000072
2023,Monza,GAS,MEDIUM,6,1,5,87.324,85.758,1.8410000000000024,1.8410000000000024
2023,Monza,GAS,MEDIUM,7,1,6,87.21,85.758,1.7819999999999983,1.7819999999999983
2023,Monza,GAS,MEDIUM,8,1,7,87.24,85.758,1.8669999999999993,1.8669999999999993
2023,Monza,GAS,MEDIUM,9,1,8,87.366,85.758,2.048000000000004,2.048000000000004
2023,Monza,GAS,HARD,5,2,1,87.431,85.758,1.7280000000000018,1.7280000000000018
2023,Monza,GAS,HARD,6,2,2,87.368,85.758,1.7199999999999995,1.7199999999999995
2023,Monza,GAS,HARD,7,2,3,87.348,85.758,1.7550000000000034,1.7550000000000034
2023,Monza,GAS,HARD,8,2,4,87.363,85.758,1.825000000000004,1.825000000000004
2023,Monza,GAS,HARD,9,2,5,87.088,85.758,1.6049999999999982,1.6049999999999982
2023,Monza,GAS,HARD,10,2,6,87.076,85.758,1.647999999999998,1.647999999999998
2023,Monza,GAS,HARD,11,2,7,87.053,85.758,1.6800000000000017,1.6800000000000017
2023,Monza,GAS,HARD,12,2,8,87.136,85.758,1.818,1.818
2023,Monza,GAS,HARD,13,2,9,87.035,85.758,1.7720000000000011,1.7720000000000011
2023,Monza,GAS,HARD,14,2,10,87.706,85.758,2.4980000000000073,2.4980000000000073
2023,Monza,GAS,HARD,15,2,11,87.219,85.758,2.0659999999999985,2.0659999999999985
2023,Monza,GAS,HARD,16,2,12,87.454,85.758,2.355999999999998,2.355999999999998
2023,Monza,GAS,HARD,17,2,13,87.06,85.758,2.0170000000000066,2.0170000000000066
2023,Monza,GAS,HARD,18,2,14,87.223,85.758,2.2350000000000034,2.2350000000000034
2023,Monza,GAS,HARD,19,2,15,87.59,85.758,2.657000000000008,2.657000000000008
2023,Monza,GAS,HARD,20,2,16,87.189,85.758,2.3109999999999973,2.3109999999999973
2023,Monza,GAS,HARD,21,2,17,87.521,85.758,2.6980000000000053,2.6980000000000053
2023,Monza,GAS,HARD,22,2,18,87.383,85.758,2.615,2.615
2023,Monza,GAS,HARD,23,2,19,87.658,85.758,2.9450000000000056,2.9450000000000056
2023,Monza,GAS,MEDIUM,2,3,1,86.439,85.758,0.7359999999999974,0.7359999999999974
2023,Monza,GAS,MEDIUM,3,3,2,86.877,85.758,1.2289999999999999,1.2289999999999999
2023,Monza,GAS,MEDIUM,4,3,3,86.903,85.758,1.3100000000000103,1.3100000000000103
2023,Monza,GAS,MEDIUM,5,3,4,86.797,85.758,1.2590000000000015,1.2590000000000015
2023,Monza,GAS,MEDIUM,6,3,5,86.499,85.758,1.0159999999999996,1.0159999999999996
2023,Monza,GAS,MEDIUM,7,3,6,86.357,85.758,0.9290000000000038,0.9290000000000038
2023,Monza,GAS,MEDIUM,8,3,7,86.736,85.758,1.3630000000000086,1.3630000000000086
2023,Monza,GAS,MEDIUM,9,3,8,86.548,85.758,1.2300000000000062,1.2300000000000062
2023,Monza,GAS,MEDIUM,10,3,9,86.346,85.758,1.0830000000000082,1.0830000000000082
2023,Monza,GAS,MEDIUM,11,3,10,86.425,85.758,1.2170000000000016,1.2170000000000016
2023,Monza,GAS,MEDIUM,12,3,11,85.921,85.758,0.7680000000000109,0.7680000000000109
2023,Monza,GAS,MEDIUM,13,3,12,85.758,85.758,0.66,0.66
2023,Monza,GAS,MEDIUM,14,3,13,86.297,85.758,1.2540000000000013,1.2540000000000013
2023,Monza,GAS,MEDIUM,15,3,14,86.292,85.758,1.304000000000006,1.304000000000006
2023,Monza,GAS,MEDIUM,16,3,15,86.144,85.758,1.2110000000000098,1.2110000000000098
2023,Monza,GAS,MEDIUM,17,3,16,86.288,85.758,1.410000000000001,1.410000000000001
2023,Monza,GAS,MEDIUM,18,3,17,87.913,85.758,3.090000000000001,3.090000000000001
2023,Monza,GAS,MEDIUM,19,3,18,87.375,85.758,2.6070000000000046,2.6070000000000046
2023,Monza,PER,MEDIUM,2,1,1,86.881,85.522,1.4139999999999946,1.4139999999999946
2023,Monza,PER,MEDIUM,3,1,2,86.143,85.522,0.7309999999999951,0.7309999999999951
2023,Monza,PER,MEDIUM,4,1,3,86.019,85.522,0.6619999999999999,0.6619999999999999
2023,Monza,PER,MEDIUM,5,1,4,86.354,85.522,1.0519999999999936,1.0519999999999936
2023,Monza,PER,MEDIUM,6,1,5,86.465,85.522,1.2179999999999978,1.2179999999999978
2023,Monza,PER,MEDIUM,7,1,6,86.333,85.522,1.140999999999993,1.140999999999993
2023,Monza,PER,MEDIUM,8,1,7,86.887,85.522,1.749999999999995,1.749999999999995
2023,Monza,PER,MEDIUM,9,1,8,86.564,85.522,1.4819999999999873,1.4819999999999873
2023,Monza,PER,MEDIUM,10,1,9,86.454,85.522,1.426999999999988,1.426999999999988
2023,Monza,PER,MEDIUM,11,1,10,87.245,85.522,2.272999999999999,2.272999999999999
2023,Monza,PER,MEDIUM,12,1,11,86.968,85.522,2.050999999999998,2.050999999999998
2023,Monza,PER,MEDIUM,13,1,12,87.014,85.522,2.1519999999999904,2.1519999999999904
2023,Monza,PER,MEDIUM,14,1,13,87.451,85.522,2.6439999999999877,2.6439999999999877
2023,Monza,PER,MEDIUM,15,1,14,86.779,85.522,2.026999999999991,2.026999999999991
2023,Monza,PER,MEDIUM,16,1,15,86.823,85.522,2.125999999999988,2.125999999999988
2023,Monza,PER,MEDIUM,17,1,16,87.011,85.522,2.36899999999999,2.36899999999999
2023,Monza,PER,MEDIUM,18,1,17,86.765,85.522,2.177999999999995,2.177999999999995
2023,Monza,PER,MEDIUM,19,1,18,86.669,85.522,2.1369999999999916,2.1369999999999916
2023,Monza,PER,MEDIUM,20,1,19,86.509,85.522,2.0319999999999947,2.0319999999999947
2023,Monza,PER,HARD,2,2,1,85.564,85.522,0.09699999999998737,0.09699999999998737
2023,Monza,PER,HARD,3,2,2,85.759,85.522,0.34699999999999476,0.34699999999999476
2023,Monza,PER,HARD,4,2,3,86.005,85.522,0.6479999999999899,0.6479999999999899
2023,Monza,PER,HARD,5,2,4,85.884,85.522,0.5819999999999947,0.5819999999999947
2023,Monza,PER,HARD,6,2,5,86.456,85.522,1.2089999999999974,1.2089999999999974
2023,Monza,PER,HARD,7,2,6,85.584,85.522,0.39199999999999763,0.39199999999999763
2023,Monza,PER,HARD,8,2,7,85.606,85.522,0.468999999999989,0.468999999999989
2023,Monza,PER,HARD,9,2,8,85.757,85.522,0.6749999999999994,0.6749999999999994
2023,Monza,PER,HARD,10,2,9,86.415,85.522,1.3880000000000008,1.3880000000000008
2023,Monza,PER,HARD,11,2,10,85.88,85.522,0.9079999999999899,0.9079999999999899
2023,Monza,PER,HARD,12,2,11,86.02,85.522,1.1029999999999904,1.1029999999999904
2023,Monza,PER,HARD,13,2,12,85.948,85.522,1.0859999999999879,1.0859999999999879
2023,Monza,PER,HARD,14,2,13,85.651,85.522,0.8439999999999906,0.8439999999999906
2023,Monza,PER,HARD,15,2,14,85.627,85.522,0.8749999999999898,0.8749999999999898
2023,Monza,PER,HARD,16,2,15,85.757,85.522,1.0599999999999994,1.0599999999999994
2023,Monza,PER,HARD,17,2,16,85.584,85.522,0.9419999999999976,0.9419999999999976
2023,Monza,PER,HARD,18,2,17,85.522,85.522,0.935,0.935
2023,Monza,PER,HARD,19,2,18,85.626,85.522,1.0939999999999992,1.0939999999999992
2023,Monza,PER,HARD,20,2,19,86.719,85.522,2.2419999999999884,2.2419999999999884
2023,Monza,PER,HARD,21,2,20,86.539,85.522,2.116999999999996,2.116999999999996
2023,Monza,PER,HARD,22,2,21,86.624,85.522,2.25699999999999,2.25699999999999
2023,Monza,PER,HARD,23,2,22,86.329,85.522,2.016999999999988,2.016999999999988
2023,Monza,PER,HARD,24,2,23,86.573,85.522,2.3159999999999874,2.3159999999999874
2023,Monza,PER,HARD,25,2,24,85.598,85.522,1.3959999999999935,1.3959999999999935
2023,Monza,PER,HARD,26,2,25,86.476,85.522,2.3289999999999935,2.3289999999999935
2023,Monza,PER,HARD,27,2,26,86.108,85.522,2.0159999999999982,2.0159999999999982
2023,Monza,PER,HARD,28,2,27,86.006,85.522,1.9689999999999948,1.9689999999999948
2023,Monza,PER,HARD,29,2,28,86.385,85.522,2.4029999999999996,2.4029999999999996
2023,Monza,PER,HARD,30,2,29,85.903,85.522,1.9760000000000002,1.9760000000000002
2023,Monza,ALO,MEDIUM,2,1,1,88.012,86.105,1.9619999999999964,1.9619999999999964
2023,Monza,ALO,MEDIUM,3,1,2,87.546,86.105,1.5510000000000026,1.5510000000000026
2023,Monza,ALO,MEDIUM,4,1,3,87.221,86.105,1.2809999999999997,1.2809999999999997
2023,Monza,ALO,MEDIUM,5,1,4,87.033,86.105,1.1479999999999972,1.1479999999999972
2023,Monza,ALO,MEDIUM,6,1,5,87.175,86.105,1.344999999999993,1.344999999999993
2023,Monza,ALO,MEDIUM,7,1,6,86.929,86.105,1.1539999999999981,1.1539999999999981
2023,Monza,ALO,MEDIUM,8,1,7,86.943,86.105,1.2229999999999939,1.2229999999999939
2023,Monza,ALO,MEDIUM,9,1,8,87.383,86.105,1.7179999999999915,1.7179999999999915
2023,Monza,ALO,MEDIUM,10,1,9,87.368,86.105,1.7579999999999911,1.7579999999999911
2023,Monza,ALO,MEDIUM,11,1,10,87.343,86.105,1.7879999999999996,1.7879999999999996
2023,Monza,ALO,MEDIUM,12,1,11,87.339,86.105,1.8389999999999946,1.8389999999999946
2023,Monza,ALO,MEDIUM,13,1,12,87.158,86.105,1.7129999999999974,1.7129999999999974
2023,Monza,ALO,MEDIUM,14,1,13,87.607,86.105,2.216999999999995,2.216999999999995
2023,Monza,ALO,MEDIUM,15,1,14,86.929,86.105,1.593999999999998,1.593999999999998
2023,Monza,ALO,MEDIUM,16,1,15,87.164,86.105,1.8839999999999975,1.8839999999999975
2023,Monza,ALO,MEDIUM,17,1,16,87.156,86.105,1.9310000000000018,1.9310000000000018
2023,Monza,ALO,MEDIUM,18,1,17,87.275,86.105,2.1050000000000018,2.1050000000000018
2023,Monza,ALO,MEDIUM,19,1,18,87.318,86.105,2.202999999999994,2.202999999999994
2023,Monza,ALO,MEDIUM,20,1,19,88.284,86.105,3.224000000000002,3.224000000000002
2023,Monza,ALO,HARD,5,2,1,86.849,86.105,0.7989999999999998,0.7989999999999998
2023,Monza,ALO,HARD,6,2,2,86.949,86.105,0.9539999999999941,0.9539999999999941
2023,Monza,ALO,HARD,7,2,3,86.899,86.105,0.958999999999997,0.958999999999997
2023,Monza,ALO,HARD,8,2,4,86.792,86.105,0.9069999999999976,0.9069999999999976
2023,Monza,ALO,HARD,9,2,5,86.666,86.105,0.8359999999999929,0.8359999999999929
2023,Monza,ALO,HARD,10,2,6,86.723,86.105,0.9479999999999951,0.9479999999999951
2023,Monza,ALO,HARD,11,2,7,86.997,86.105,1.276999999999996,1.276999999999996
2023,Monza,ALO,HARD,12,2,8,86.915,86.105,1.2500000000000022,1.2500000000000022
2023,Monza,ALO,HARD,13,2,9,86.848,86.105,1.237999999999995,1.237999999999995
2023,Monza,ALO,HARD,14,2,10,86.747,86.105,1.191999999999996,1.191999999999996
2023,Monza,ALO,HARD,15,2,11,86.769,86.105,1.2690000000000015,1.2690000000000015
2023,Monza,ALO,HARD,16,2,12,86.563,86.105,1.1179999999999986,1.1179999999999986
2023,Monza,ALO,HARD,17,2,13,86.517,86.105,1.1269999999999918,1.1269999999999918
2023,Monza,ALO,HARD,18,2,14,86.457,86.105,1.1219999999999897,1.1219999999999897
2023,Monza,ALO,HARD,19,2,15,86.38,86.105,1.0999999999999914,1.0999999999999914
2023,Monza,ALO,HARD,20,2,16,86.574,86.105,1.348999999999994,1.348999999999994
2023,Monza,ALO,HARD,21,2,17,86.707,86.105,1.5369999999999897,1.5369999999999897
2023,Monza,ALO,HARD,22,2,18,86.61,86.105,1.4949999999999954,1.4949999999999954
2023,Monza,ALO,HARD,23,2,19,86.815,86.105,1.7549999999999937,1.7549999999999937
2023,Monza,ALO,HARD,24,2,20,86.403,86.105,1.398000000000002,1.398000000000002
2023,Monza,ALO,HARD,25,2,21,86.105,86.105,1.155,1.155
2023,Monza,ALO,HARD,26,2,22,86.155,86.105,1.2599999999999971,1.2599999999999971
2023,Monza,ALO,HARD,27,2,23,86.277,86.105,1.436999999999997,1.436999999999997
2023,Monza,ALO,HARD,28,2,24,86.453,86.105,1.667999999999999,1.667999999999999
2023,Monza,ALO,HARD,29,2,25,86.912,86.105,2.182000000000002,2.182000000000002
2023,Monza,ALO,HARD,30,2,26,87.183,86.105,2.5080000000000027,2.5080000000000027
2023,Monza,ALO,HARD,31,2,27,87.245,86.105,2.625000000000001,2.625000000000001
2023,Monza,ALO,HARD,32,2,28,87.36,86.105,2.7949999999999955,2.7949999999999955
2023,Monza,ALO,HARD,33,2,29,87.395,86.105,2.884999999999992,2.884999999999992
2023,Monza,LEC,MEDIUM,2,1,1,86.312,85.58,0.7869999999999994,0.7869999999999994
2023,Monza,LEC,MEDIUM,3,1,2,85.719,85.58,0.24899999999999578,0.24899999999999578
2023,Monza,LEC,MEDIUM,4,1,3,86.025,85.58,0.6100000000000074,0.6100000000000074
2023,Monza,LEC,MEDIUM,5,1,4,86.266,85.58,0.906000000000007,0.906000000000007
2023,Monza,LEC,MEDIUM,6,1,5,86.483,85.58,1.1780000000000057,1.1780000000000057
2023,Monza,LEC,MEDIUM,7,1,6,86.473,85.58,1.2230000000000008,1.2230000000000008
2023,Monza,LEC,MEDIUM,8,1,7,85.972,85.58,0.7769999999999959,0.7769999999999959
2023,Monza,LEC,MEDIUM,9,1,8,86.678,85.58,1.537999999999999,1.537999999999999
2023,Monza,LEC,MEDIUM,10,1,9,86.787,85.58,1.702000000000008,1.702000000000008
2023,Monza,LEC,MEDIUM,11,1,10,86.838,85.58,1.8079999999999956,1.8079999999999956
2023,Monza,LEC,MEDIUM,12,1,11,86.694,85.58,1.7190000000000043,1.7190000000000043
2023,Monza,LEC,MEDIUM,13,1,12,86.557,85.58,1.637000000000004,1.637000000000004
2023,Monza,LEC,MEDIUM,14,1,13,86.94,85.58,2.0749999999999993,2.0749999999999993
2023,Monza,LEC,MEDIUM,15,1,14,87.314,85.58,2.5039999999999947,2.5039999999999947
2023,Monza,LEC,MEDIUM,16,1,15,87.155,85.58,2.400000000000003,2.400000000000003
2023,Monza,LEC,MEDIUM,17,1,16,87.67,85.58,2.9700000000000033,2.9700000000000033
2023,Monza,LEC,MEDIUM,18,1,17,87.498,85.58,2.8530000000000064,2.8530000000000064
2023,Monza,LEC,MEDIUM,19,1,18,87.702,85.58,3.112,3.112
2023,Monza,LEC,HARD,2,2,1,85.742,85.58,0.21700000000000613,0.21700000000000613
2023,Monza,LEC,HARD,3,2,2,85.807,85.58,0.33700000000000385,0.33700000000000385
2023,Monza,LEC,HARD,4,2,3,85.933,85.58,0.5180000000000087,0.5180000000000087
2023,Monza,LEC,HARD,5,2,4,86.061,85.58,0.7010000000000087,0.7010000000000087
2023,Monza,LEC,HARD,6,2,5,85.763,85.58,0.45800000000000696,0.45800000000000696
2023,Monza,LEC,HARD,7,2,6,86.234,85.58,0.9839999999999964,0.9839999999999964
2023,Monza,LEC,HARD,8,2,7,85.663,85.58,0.4679999999999984,0.4679999999999984
2023,Monza,LEC,HARD,9,2,8,85.814,85.58,0.6739999999999946,0.6739999999999946
2023,Monza,LEC,HARD,10,2,9,85.782,85.58,0.6969999999999982,0.6969999999999982
2023,Monza,LEC,HARD,11,2,10,86.496,85.58,1.4659999999999969,1.4659999999999969
2023,Monza,LEC,HARD,12,2,11,86.869,85.58,1.8940000000000015,1.8940000000000015
2023,Monza,LEC,HARD,13,2,12,85.962,85.58,1.0420000000000051,1.0420000000000051
2023,Monza,LEC,HARD,14,2,13,85.851,85.58,0.9860000000000008,0.9860000000000008
2023,Monza,LEC,HARD,15,2,14,85.85,85.58,1.039999999999996,1.039999999999996
2023,Monza,LEC,HARD,16,2,15,85.631,85.58,0.8760000000000019,0.8760000000000019
2023,Monza,LEC,HARD,17,2,16,85.671,85.58,0.9710000000000082,0.9710000000000082
2023,Monza,LEC,HARD,18,2,17,85.58,85.58,0.935,0.935
2023,Monza,LEC,HARD,19,2,18,85.629,85.58,1.0390000000000066,1.0390000000000066
2023,Monza,LEC,HARD,20,2,19,85.728,85.58,1.192999999999996,1.192999999999996
2023,Monza,LEC,HARD,21,2,20,86.511,85.58,2.0309999999999975,2.0309999999999975
2023,Monza,LEC,HARD,22,2,21,86.448,85.58,2.0229999999999952,2.0229999999999952
2023,Monza,LEC,HARD,23,2,22,86.597,85.58,2.226999999999996,2.226999999999996
2023,Monza,LEC,HARD,24,2,23,86.586,85.58,2.271,2.271
2023,Monza,LEC,HARD,25,2,24,86.321,85.58,2.061,2.061
2023,Monza,LEC,HARD,26,2,25,86.58,85.58,2.375,2.375
2023,Monza,LEC,HARD,27,2,26,87.371,85.58,3.2209999999999965,3.2209999999999965
2023,Monza,LEC,HARD,28,2,27,86.828,85.58,2.733000000000005,2.733000000000005
2023,Monza,LEC,HARD,29,2,28,86.633,85.58,2.5929999999999973,2.5929999999999973
2023,Monza,LEC,HARD,30,2,29,86.961,85.58,2.976,2.976
2023,Monza,LEC,HARD,31,2,30,86.783,85.58,2.853000000000003,2.853000000000003
2023,Monza,STR,MEDIUM,2,1,1,88.953,86.617,2.3909999999999987,2.3909999999999987
2023,Monza,STR,MEDIUM,3,1,2,88.614,86.617,2.1069999999999998,2.1069999999999998
2023,Monza,STR,MEDIUM,4,1,3,87.725,86.617,1.27299999999999,1.27299999999999
2023,Monza,STR,MEDIUM,5,1,4,87.574,86.617,1.1769999999999936,1.1769999999999936
2023,Monza,STR,MEDIUM,6,1,5,87.656,86.617,1.3140000000000014,1.3140000000000014
2023,Monza,STR,MEDIUM,7,1,6,87.1,86.617,0.81299999999999,0.81299999999999
2023,Monza,STR,MEDIUM,8,1,7,87.362,86.617,1.1299999999999903,1.1299999999999903
2023,Monza,STR,MEDIUM,9,1,8,87.312,86.617,1.1349999999999931,1.1349999999999931
2023,Monza,STR,MEDIUM,10,1,9,87.539,86.617,1.4169999999999972,1.4169999999999972
2023,Monza,STR,MEDIUM,11,1,10,87.369,86.617,1.3019999999999954,1.3019999999999954
2023,Monza,STR,MEDIUM,12,1,11,87.81,86.617,1.7979999999999978,1.7979999999999978
2023,Monza,STR,MEDIUM,13,1,12,88.222,86.617,2.26499999999999,2.26499999999999
2023,Monza,STR,MEDIUM,14,1,13,88.057,86.617,2.1549999999999976,2.1549999999999976
2023,Monza,STR,MEDIUM,15,1,14,88.179,86.617,2.3319999999999976,2.3319999999999976
2023,Monza,STR,MEDIUM,16,1,15,88.08,86.617,2.287999999999994,2.287999999999994
2023,Monza,STR,MEDIUM,17,1,16,87.909,86.617,2.1720000000000015,2.1720000000000015
2023,Monza,STR,MEDIUM,18,1,17,88.401,86.617,2.718999999999992,2.718999999999992
2023,Monza,STR,MEDIUM,19,1,18,88.05,86.617,2.422999999999993,2.422999999999993
2023,Monza,STR,HARD,6,2,1,86.742,86.617,0.18,0.18
2023,Monza,STR,HARD,7,2,2,86.968,86.617,0.4609999999999991,0.4609999999999991
2023,Monza,STR,HARD,8,2,3,87.34,86.617,0.887999999999999,0.887999999999999
2023,Monza,STR,HARD,9,2,4,87.176,86.617,0.7789999999999975,0.7789999999999975
2023,Monza,STR,HARD,10,2,5,87.259,86.617,0.9169999999999959,0.9169999999999959
2023,Monza,STR,HARD,11,2,6,86.675,86.617,0.38799999999999274,0.38799999999999274
2023,Monza,STR,HARD,12,2,7,87.085,86.617,0.8529999999999893,0.8529999999999893
2023,Monza,STR,HARD,13,2,8,86.809,86.617,0.631999999999993,0.631999999999993
2023,Monza,STR,HARD,14,2,9,86.924,86.617,0.8020000000000022,0.8020000000000022
2023,Monza,STR,HARD,15,2,10,86.617,86.617,0.55,0.55
2023,Monza,STR,HARD,16,2,11,86.832,86.617,0.8199999999999892,0.8199999999999892
2023,Monza,STR,HARD,17,2,12,87.121,86.617,1.1639999999999908,1.1639999999999908
2023,Monza,STR,HARD,18,2,13,87.298,86.617,1.3959999999999972,1.3959999999999972
2023,Monza,STR,HARD,19,2,14,86.97,86.617,1.1229999999999944,1.1229999999999944
2023,Monza,STR,HARD,20,2,15,87.096,86.617,1.3039999999999992,1.3039999999999992
2023,Monza,STR,HARD,21,2,16,87.373,86.617,1.6360000000000001,1.6360000000000001
2023,Monza,STR,HARD,22,2,17,86.902,86.617,1.2199999999999966,1.2199999999999966
2023,Monza,STR,HARD,23,2,18,86.904,86.617,1.276999999999992,1.276999999999992
2023,Monza,STR,HARD,24,2,19,87.072,86.617,1.4999999999999982,1.4999999999999982
2023,Monza,STR,HARD,25,2,20,86.916,86.617,1.3989999999999925,1.3989999999999925
2023,Monza,STR,HARD,26,2,21,87.067,86.617,1.6049999999999887,1.6049999999999887
2023,Monza,STR,HARD,27,2,22,91.134,86.617,5.726999999999996,5.726999999999996
2023,Monza,STR,HARD,28,2,23,88.214,86.617,2.861999999999994,2.861999999999994
2023,Monza,STR,HARD,29,2,24,88.336,86.617,3.0389999999999944,3.0389999999999944
2023,Monza,STR,HARD,30,2,25,87.153,86.617,1.9110000000000014,1.9110000000000014
2023,Monza,STR,HARD,31,2,26,87.267,86.617,2.079999999999991,2.079999999999991
2023,Monza,STR,HARD,32,2,27,87.59,86.617,2.4579999999999993,2.4579999999999993
2023,Monza,STR,HARD,33,2,28,89.467,86.617,4.389999999999994,4.389999999999994
2023,Monza,STR,HARD,34,2,29,90.865,86.617,5.84299999999999,5.84299999999999
2023,Monza,SAR,MEDIUM,5,1,1,88.08,86.84,1.2949999999999948,1.2949999999999948
2023,Monza,SAR,MEDIUM,6,1,2,87.647,86.84,0.9170000000000021,0.9170000000000021
2023,Monza,SAR,MEDIUM,7,1,3,87.389,86.84,0.7139999999999924,0.7139999999999924
2023,Monza,SAR,MEDIUM,8,1,4,87.17,86.84,0.5499999999999983,0.5499999999999983
2023,Monza,SAR,MEDIUM,9,1,5,87.135,86.84,0.5700000000000017,0.5700000000000017
2023,Monza,SAR,MEDIUM,10,1,6,87.251,86.84,0.7410000000000014,0.7410000000000014
2023,Monza,SAR,MEDIUM,11,1,7,87.233,86.84,0.7780000000000007,0.7780000000000007
2023,Monza,SAR,MEDIUM,12,1,8,87.459,86.84,1.0589999999999997,1.0589999999999997
2023,Monza,SAR,MEDIUM,13,1,9,87.685,86.84,1.339999999999999,1.339999999999999
2023,Monza,SAR,MEDIUM,14,1,10,87.804,86.84,1.5139999999999987,1.5139999999999987
2023,Monza,SAR,MEDIUM,15,1,11,88.694,86.84,2.458999999999999,2.458999999999999
2023,Monza,SAR,MEDIUM,16,1,12,87.799,86.84,1.6190000000000033,1.6190000000000033
2023,Monza,SAR,HARD,5,2,1,86.84,86.84,0.055,0.055
2023,Monza,SAR,HARD,6,2,2,87.0,86.84,0.2699999999999966,0.2699999999999966
2023,Monza,SAR,HARD,7,2,3,86.906,86.84,0.2310000000000025,0.2310000000000025
2023,Monza,SAR,HARD,8,2,4,87.165,86.84,0.5450000000000028,0.5450000000000028
2023,Monza,SAR,HARD,9,2,5,87.28,86.84,0.7149999999999977,0.7149999999999977
2023,Monza,SAR,HARD,10,2,6,87.363,86.84,0.8529999999999962,0.8529999999999962
2023,Monza,SAR,HARD,11,2,7,87.465,86.84,1.01,1.01
2023,Monza,SAR,HARD,12,2,8,87.149,86.84,0.7489999999999974,0.7489999999999974
2023,Monza,SAR,HARD,13,2,9,87.104,86.84,0.7589999999999958,0.7589999999999958
2023,Monza,SAR,HARD,14,2,10,87.165,86.84,0.8750000000000029,0.8750000000000029
2023,Monza,SAR,HARD,15,2,11,87.021,86.84,0.7859999999999974,0.7859999999999974
2023,Monza,SAR,HARD,16,2,12,87.253,86.84,1.0729999999999968,1.0729999999999968
2023,Monza,SAR,HARD,17,2,13,87.546,86.84,1.421000000000003,1.421000000000003
2023,Monza,SAR,HARD,18,2,14,87.545,86.84,1.4749999999999983,1.4749999999999983
2023,Monza,SAR,HARD,19,2,15,87.121,86.84,1.1059999999999917,1.1059999999999917
2023,Monza,SAR,HARD,20,2,16,87.461,86.84,1.500999999999995,1.500999999999995
2023,Monza,SAR,HARD,21,2,17,87.522,86.84,1.6170000000000022,1.6170000000000022
2023,Monza,SAR,HARD,22,2,18,87.293,86.84,1.443000000000003,1.443000000000003
2023,Monza,SAR,HARD,23,2,19,87.219,86.84,1.4239999999999906,1.4239999999999906
2023,Monza,SAR,HARD,24,2,20,87.233,86.84,1.4930000000000008,1.4930000000000008
2023,Monza,SAR,HARD,25,2,21,87.142,86.84,1.4569999999999925,1.4569999999999925
2023,Monza,SAR,HARD,26,2,22,87.292,86.84,1.6619999999999981,1.6619999999999981
2023,Monza,SAR,HARD,27,2,23,87.103,86.84,1.527999999999991,1.527999999999991
2023,Monza,SAR,HARD,28,2,24,87.137,86.84,1.616999999999997,1.616999999999997
2023,Monza,SAR,HARD,29,2,25,87.64,86.84,2.174999999999997,2.174999999999997
2023,Monza,SAR,HARD,30,2,26,87.18,86.84,1.7700000000000033,1.7700000000000033
2023,Monza,SAR,HARD,31,2,27,87.176,86.84,1.8209999999999986,1.8209999999999986
2023,Monza,SAR,HARD,32,2,28,89.385,86.84,4.085000000000002,4.085000000000002
2023,Monza,SAR,HARD,33,2,29,87.686,86.84,2.4410000000000034,2.4410000000000034
2023,Monza,SAR,HARD,34,2,30,87.502,86.84,2.311999999999992,2.311999999999992
2023,Monza,SAR,HARD,35,2,31,87.709,86.84,2.574,2.574
2023,Monza,SAR,HARD,36,2,32,87.622,86.84,2.5419999999999963,2.5419999999999963
2023,Monza,SAR,HARD,37,2,33,87.44,86.84,2.4149999999999943,2.4149999999999943
2023,Monza,SAR,HARD,38,2,34,87.742,86.84,2.772000000000001,2.772000000000001
2023,Monza,SAR,HARD,39,2,35,89.626,86.84,4.711000000000001,4.711000000000001
2023,Monza,MAG,HARD,6,1,1,88.923,86.278,2.699999999999996,2.699999999999996
2023,Monza,MAG,HARD,7,1,2,88.538,86.278,2.369999999999991,2.369999999999991
2023,Monza,MAG,HARD,8,1,3,89.252,86.278,3.1389999999999896,3.1389999999999896
2023,Monza,MAG,HARD,9,1,4,88.276,86.278,2.2179999999999906,2.2179999999999906
2023,Monza,MAG,HARD,10,1,5,87.949,86.278,1.9459999999999922,1.9459999999999922
2023,Monza,MAG,HARD,11,1,6,87.691,86.278,1.7429999999999968,1.7429999999999968
2023,Monza,MAG,HARD,12,1,7,87.935,86.278,2.0419999999999963,2.0419999999999963
2023,Monza,MAG,HARD,13,1,8,88.218,86.278,2.3799999999999977,2.3799999999999977
2023,Monza,MAG,HARD,14,1,9,88.511,86.278,2.72799999999999,2.72799999999999
2023,Monza,MAG,HARD,15,1,10,88.792,86.278,3.0639999999999956,3.0639999999999956
2023,Monza,MAG,MEDIUM,2,2,1,88.08,86.278,1.8569999999999924,1.8569999999999924
2023,Monza,MAG,MEDIUM,3,2,2,87.848,86.278,1.6799999999999933,1.6799999999999933
2023,Monza,MAG,MEDIUM,4,2,3,87.649,86.278,1.5359999999999951,1.5359999999999951
2023,Monza,MAG,MEDIUM,5,2,4,87.589,86.278,1.5309999999999928,1.5309999999999928
2023,Monza,MAG,MEDIUM,6,2,5,87.898,86.278,1.8949999999999902,1.8949999999999902
2023,Monza,MAG,MEDIUM,7,2,6,87.159,86.278,1.2110000000000003,1.2110000000000003
2023,Monza,MAG,MEDIUM,8,2,7,87.011,86.278,1.11799999999999,1.11799999999999
2023,Monza,MAG,MEDIUM,9,2,8,87.128,86.278,1.2899999999999943,1.2899999999999943
2023,Monza,MAG,MEDIUM,10,2,9,87.244,86.278,1.460999999999994,1.460999999999994
2023,Monza,MAG,MEDIUM,11,2,10,87.492,86.278,1.7639999999999987,1.7639999999999987
2023,Monza,MAG,MEDIUM,12,2,11,87.536,86.278,1.8629999999999955,1.8629999999999955
2023,Monza,MAG,MEDIUM,13,2,12,87.502,86.278,1.8839999999999897,1.8839999999999897
2023,Monza,MAG,MEDIUM,14,2,13,87.418,86.278,1.8550000000000004,1.8550000000000004
2023,Monza,MAG,MEDIUM,15,2,14,87.22,86.278,1.711999999999993,1.711999999999993
2023,Monza,MAG,MEDIUM,16,2,15,87.154,86.278,1.7009999999999905,1.7009999999999905
2023,Monza,MAG,MEDIUM,17,2,16,87.344,86.278,1.9459999999999882,1.9459999999999882
2023,Monza,MAG,MEDIUM,18,2,17,87.384,86.278,2.0409999999999946,2.0409999999999946
2023,Monza,MAG,MEDIUM,19,2,18,87.486,86.278,2.1979999999999986,2.1979999999999986
2023,Monza,MAG,MEDIUM,20,2,19,87.556,86.278,2.3229999999999915,2.3229999999999915
2023,Monza,MAG,MEDIUM,2,3,1,86.3,86.278,0.07699999999999135,0.07699999999999135
2023,Monza,MAG,MEDIUM,3,3,2,86.385,86.278,0.2169999999999993,0.2169999999999993
2023,Monza,MAG,MEDIUM,4,3,3,86.454,86.278,0.34099999999998776,0.34099999999998776
2023,Monza,MAG,MEDIUM,5,3,4,86.394,86.278,0.33599999999999963,0.33599999999999963
2023,Monza,MAG,MEDIUM,6,3,5,90.343,86.278,4.339999999999998,4.339999999999998
2023,Monza,MAG,MEDIUM,7,3,6,86.696,86.278,0.7479999999999922,0.7479999999999922
2023,Monza,MAG,MEDIUM,8,3,7,86.328,86.278,0.43499999999999717,0.43499999999999717
2023,Monza,MAG,MEDIUM,9,3,8,86.278,86.278,0.44,0.44
2023,Monza,MAG,MEDIUM,10,3,9,86.511,86.278,0.7279999999999899,0.7279999999999899
2023,Monza,MAG,MEDIUM,11,3,10,86.514,86.278,0.78599999999999,0.78599999999999
2023,Monza,MAG,MEDIUM,12,3,11,86.787,86.278,1.1140000000000003,1.1140000000000003
2023,Monza,MAG,MEDIUM,13,3,12,86.983,86.278,1.3649999999999984,1.3649999999999984
2023,Monza,MAG,MEDIUM,14,3,13,86.66,86.278,1.0969999999999906,1.0969999999999906
2023,Monza,MAG,MEDIUM,15,3,14,86.739,86.278,1.2309999999999985,1.2309999999999985
2023,Monza,MAG,MEDIUM,16,3,15,87.054,86.278,1.6009999999999962,1.6009999999999962
2023,Monza,MAG,MEDIUM,17,3,16,86.904,86.278,1.5059999999999905,1.5059999999999905
2023,Monza,ALB,MEDIUM,5,1,1,87.067,86.389,0.7329999999999973,0.7329999999999973
2023,Monza,ALB,MEDIUM,6,1,2,86.578,86.389,0.29900000000000715,0.29900000000000715
2023,Monza,ALB,MEDIUM,7,1,3,86.684,86.389,0.46000000000000174,0.46000000000000174
2023,Monza,ALB,MEDIUM,8,1,4,86.868,86.389,0.6989999999999992,0.6989999999999992
2023,Monza,ALB,MEDIUM,9,1,5,86.661,86.389,0.5470000000000056,0.5470000000000056
2023,Monza,ALB,MEDIUM,10,1,6,86.773,86.389,0.7140000000000004,0.7140000000000004
2023,Monza,ALB,MEDIUM,11,1,7,86.676,86.389,0.6720000000000061,0.6720000000000061
2023,Monza,ALB,MEDIUM,12,1,8,86.838,86.389,0.888999999999998,0.888999999999998
2023,Monza,ALB,MEDIUM,13,1,9,87.305,86.389,1.4110000000000111,1.4110000000000111
2023,Monza,ALB,MEDIUM,14,1,10,87.389,86.389,1.55,1.55
2023,Monza,ALB,MEDIUM,15,1,11,87.533,86.389,1.7490000000000054,1.7490000000000054
2023,Monza,ALB,MEDIUM,16,1,12,87.676,86.389,1.9470000000000063,1.9470000000000063
2023,Monza,ALB,MEDIUM,17,1,13,87.723,86.389,2.049000000000003,2.049000000000003
2023,Monza,ALB,HARD,5,2,1,87.087,86.389,0.7530000000000076,0.7530000000000076
2023,Monza,ALB,HARD,6,2,2,86.893,86.389,0.6140000000000049,0.6140000000000049
2023,Monza,ALB,HARD,7,2,3,87.308,86.389,1.0840000000000112,1.0840000000000112
2023,Monza,ALB,HARD,8,2,4,86.853,86.389,0.6839999999999986,0.6839999999999986
2023,Monza,ALB,HARD,9,2,5,86.601,86.389,0.4870000000000033,0.4870000000000033
2023,Monza,ALB,HARD,10,2,6,86.833,86.389,0.7740000000000027,0.7740000000000027
2023,Monza,ALB,HARD,11,2,7,86.913,86.389,0.9090000000000009,0.9090000000000009
2023,Monza,ALB,HARD,12,2,8,86.748,86.389,0.7990000000000088,0.7990000000000088
2023,Monza,ALB,HARD,13,2,9,86.898,86.389,1.0040000000000004,1.0040000000000004
2023,Monza,ALB,HARD,14,2,10,87.049,86.389,1.2100000000000108,1.2100000000000108
2023,Monza,ALB,HARD,15,2,11,86.735,86.389,0.9510000000000036,0.9510000000000036
2023,Monza,ALB,HARD,16,2,12,87.024,86.389,1.2950000000000053,1.2950000000000053
2023,Monza,ALB,HARD,17,2,13,86.977,86.389,1.303000000000008,1.303000000000008
2023,Monza,ALB,HARD,18,2,14,86.94,86.389,1.321000000000002,1.321000000000002
2023,Monza,ALB,HARD,19,2,15,86.735,86.389,1.1710000000000036,1.1710000000000036
2023,Monza,ALB,HARD,20,2,16,86.432,86.389,0.9230000000000064,0.9230000000000064
2023,Monza,ALB,HARD,21,2,17,86.389,86.389,0.935,0.935
2023,Monza,ALB,HARD,22,2,18,86.579,86.389,1.1799999999999977,1.1799999999999977
2023,Monza,ALB,HARD,23,2,19,86.545,86.389,1.2010000000000058,1.2010000000000058
2023,Monza,ALB,HARD,24,2,20,86.981,86.389,1.6919999999999988,1.6919999999999988
2023,Monza,ALB,HARD,25,2,21,86.831,86.389,1.5970000000000073,1.5970000000000073
2023,Monza,ALB,HARD,26,2,22,87.37,86.389,2.1910000000000087,2.1910000000000087
2023,Monza,ALB,HARD,27,2,23,86.802,86.389,1.6780000000000108,1.6780000000000108
2023,Monza,ALB,HARD,28,2,24,86.572,86.389,1.503000000000007,1.503000000000007
2023,Monza,ALB,HARD,29,2,25,86.675,86.389,1.6610000000000014,1.6610000000000014
2023,Monza,ALB,HARD,30,2,26,86.708,86.389,1.7490000000000026,1.7490000000000026
2023,Monza,ALB,HARD,31,2,27,86.913,86.389,2.0090000000000012,2.0090000000000012
2023,Monza,ALB,HARD,32,2,28,87.725,86.389,2.8759999999999986,2.8759999999999986
2023,Monza,ALB,HARD,33,2,29,86.907,86.389,2.1130000000000004,2.1130000000000004
2023,Monza,ALB,HARD,34,2,30,87.252,86.389,2.5129999999999995,2.5129999999999995
2023,Monza,ALB,HARD,35,2,31,88.491,86.389,3.807000000000004,3.807000000000004
2023,Monza,ALB,HARD,36,2,32,86.822,86.389,2.1930000000000067,2.1930000000000067
2023,Monza,ALB,HARD,37,2,33,87.569,86.389,2.9950000000000068,2.9950000000000068
2023,Monza,ALB,HARD,38,2,34,87.197,86.389,2.678000000000007,2.678000000000007
2023,Monza,ALB,HARD,39,2,35,87.433,86.389,2.969000000000011,2.969000000000011
2023,Monza,ZHO,MEDIUM,2,1,1,88.167,85.983,2.2389999999999977,2.2389999999999977
2023,Monza,ZHO,MEDIUM,3,1,2,87.871,85.983,1.9979999999999911,1.9979999999999911
2023,Monza,ZHO,MEDIUM,4,1,3,87.615,85.983,1.7969999999999908,1.7969999999999908
2023,Monza,ZHO,MEDIUM,5,1,4,87.535,85.983,1.7719999999999925,1.7719999999999925
2023,Monza,ZHO,MEDIUM,6,1,5,87.066,85.983,1.3579999999999983,1.3579999999999983
2023,Monza,ZHO,MEDIUM,7,1,6,87.185,85.983,1.5319999999999983,1.5319999999999983
2023,Monza,ZHO,MEDIUM,8,1,7,87.253,85.983,1.654999999999996,1.654999999999996
2023,Monza,ZHO,MEDIUM,9,1,8,87.416,85.983,1.8729999999999927,1.8729999999999927
2023,Monza,ZHO,MEDIUM,10,1,9,87.544,85.983,2.055999999999993,2.055999999999993
2023,Monza,ZHO,HARD,5,2,1,86.253,85.983,0.324999999999996,0.324999999999996
2023,Monza,ZHO,HARD,6,2,2,87.775,85.983,1.9020000000000017,1.9020000000000017
2023,Monza,ZHO,HARD,7,2,3,87.645,85.983,1.826999999999992,1.826999999999992
2023,Monza,ZHO,HARD,8,2,4,87.153,85.983,1.3900000000000017,1.3900000000000017
2023,Monza,ZHO,HARD,9,2,5,86.866,85.983,1.1579999999999955,1.1579999999999955
2023,Monza,ZHO,HARD,10,2,6,87.055,85.983,1.4020000000000028,1.4020000000000028
2023,Monza,ZHO,HARD,11,2,7,87.347,85.983,1.7489999999999901,1.7489999999999901
2023,Monza,ZHO,HARD,12,2,8,87.075,85.983,1.5319999999999987,1.5319999999999987
2023,Monza,ZHO,HARD,13,2,9,87.17,85.983,1.6819999999999977,1.6819999999999977
2023,Monza,ZHO,HARD,14,2,10,87.333,85.983,1.8999999999999944,1.8999999999999944
2023,Monza,ZHO,HARD,15,2,11,87.285,85.983,1.9069999999999925,1.9069999999999925
2023,Monza,ZHO,HARD,16,2,12,87.153,85.983,1.8300000000000018,1.8300000000000018
2023,Monza,ZHO,HARD,17,2,13,87.028,85.983,1.7600000000000016,1.7600000000000016
2023,Monza,ZHO,HARD,18,2,14,87.164,85.983,1.9509999999999974,1.9509999999999974
2023,Monza,ZHO,HARD,19,2,15,87.348,85.983,2.189999999999995,2.189999999999995
2023,Monza,ZHO,HARD,20,2,16,87.858,85.983,2.755,2.755
2023,Monza,ZHO,HARD,21,2,17,87.356,85.983,2.3079999999999905,2.3079999999999905
2023,Monza,ZHO,HARD,22,2,18,87.442,85.983,2.448999999999989,2.448999999999989
2023,Monza,ZHO,HARD,23,2,19,87.683,85.983,2.7450000000000028,2.7450000000000028
2023,Monza,ZHO,HARD,24,2,20,87.82,85.983,2.936999999999989,2.936999999999989
2023,Monza,ZHO,MEDIUM,2,3,1,85.983,85.983,0.055,0.055
2023,Monza,ZHO,MEDIUM,3,3,2,86.935,85.983,1.0619999999999983,1.0619999999999983
2023,Monza,ZHO,MEDIUM,4,3,3,86.7,85.983,0.8819999999999988,0.8819999999999988
2023,Monza,ZHO,MEDIUM,5,3,4,86.503,85.983,0.739999999999996,0.739999999999996
2023,Monza,ZHO,MEDIUM,6,3,5,86.473,85.983,0.7649999999999949,0.7649999999999949
2023,Monza,ZHO,MEDIUM,7,3,6,86.406,85.983,0.7530000000000019,0.7530000000000019
2023,Monza,ZHO,MEDIUM,8,3,7,86.6,85.983,1.0019999999999902,1.0019999999999902
2023,Monza,ZHO,MEDIUM,9,3,8,86.671,85.983,1.1280000000000023,1.1280000000000023
2023,Monza,ZHO,MEDIUM,10,3,9,86.288,85.983,0.7999999999999926,0.7999999999999926
2023,Monza,ZHO,MEDIUM,11,3,10,86.313,85.983,0.8799999999999983,0.8799999999999983
2023,Monza,ZHO,MEDIUM,12,3,11,86.461,85.983,1.0829999999999944,1.0829999999999944
2023,Monza,ZHO,MEDIUM,13,3,12,86.134,85.983,0.8109999999999963,0.8109999999999963
2023,Monza,ZHO,MEDIUM,14,3,13,86.305,85.983,1.0370000000000026,1.0370000000000026
2023,Monza,ZHO,MEDIUM,15,3,14,86.448,85.983,1.2349999999999892,1.2349999999999892
2023,Monza,ZHO,MEDIUM,16,3,15,88.825,85.983,3.666999999999999,3.666999999999999
2023,Monza,ZHO,MEDIUM,17,3,16,86.768,85.983,1.6649999999999965,1.6649999999999965
2023,Monza,HUL,MEDIUM,5,1,1,87.92,85.894,2.0809999999999964,2.0809999999999964
2023,Monza,HUL,MEDIUM,6,1,2,87.36,85.894,1.575999999999994,1.575999999999994
2023,Monza,HUL,MEDIUM,7,1,3,87.2,85.894,1.4709999999999974,1.4709999999999974
2023,Monza,HUL,MEDIUM,8,1,4,87.035,85.894,1.360999999999991,1.360999999999991
2023,Monza,HUL,MEDIUM,9,1,5,87.169,85.894,1.5499999999999914,1.5499999999999914
2023,Monza,HUL,MEDIUM,10,1,6,87.465,85.894,1.900999999999998,1.900999999999998
2023,Monza,HUL,MEDIUM,11,1,7,88.059,85.894,2.549999999999992,2.549999999999992
2023,Monza,HUL,MEDIUM,12,1,8,87.481,85.894,2.026999999999989,2.026999999999989
2023,Monza,HUL,MEDIUM,13,1,9,87.563,85.894,2.163999999999997,2.163999999999997
2023,Monza,HUL,MEDIUM,14,1,10,88.055,85.894,2.711000000000001,2.711000000000001
2023,Monza,HUL,MEDIUM,15,1,11,89.091,85.894,3.8019999999999885,3.8019999999999885
2023,Monza,HUL,MEDIUM,16,1,12,88.009,85.894,2.774999999999995,2.774999999999995
2023,Monza,HUL,HARD,7,2,1,86.99,85.894,1.1509999999999894,1.1509999999999894
2023,Monza,HUL,HARD,8,2,2,86.988,85.894,1.2039999999999942,1.2039999999999942
2023,Monza,HUL,HARD,9,2,3,87.294,85.894,1.5649999999999915,1.5649999999999915
2023,Monza,HUL,HARD,10,2,4,87.312,85.894,1.6379999999999921,1.6379999999999921
2023,Monza,HUL,HARD,11,2,5,87.078,85.894,1.4589999999999974,1.4589999999999974
2023,Monza,HUL,HARD,12,2,6,87.161,85.894,1.596999999999996,1.596999999999996
2023,Monza,HUL,HARD,13,2,7,87.074,85.894,1.5649999999999926,1.5649999999999926
2023,Monza,HUL,HARD,14,2,8,87.29,85.894,1.8360000000000007,1.8360000000000007
2023,Monza,HUL,HARD,15,2,9,87.143,85.894,1.7439999999999953,1.7439999999999953
2023,Monza,HUL,HARD,16,2,10,87.229,85.894,1.8849999999999938,1.8849999999999938
2023,Monza,HUL,HARD,17,2,11,87.344,85.894,2.0549999999999886,2.0549999999999886
2023,Monza,HUL,HARD,18,2,12,87.08,85.894,1.845999999999993,1.845999999999993
2023,Monza,HUL,HARD,19,2,13,87.6,85.894,2.4209999999999887,2.4209999999999887
2023,Monza,HUL,HARD,20,2,14,87.466,85.894,2.3419999999999885,2.3419999999999885
2023,Monza,HUL,HARD,21,2,15,87.775,85.894,2.7060000000000004,2.7060000000000004
2023,Monza,HUL,HARD,22,2,16,87.547,85.894,2.5329999999999915,2.5329999999999915
2023,Monza,HUL,HARD,23,2,17,87.976,85.894,3.0169999999999937,3.0169999999999937
2023,Monza,HUL,HARD,24,2,18,88.575,85.894,3.6709999999999976,3.6709999999999976
2023,Monza,HUL,HARD,25,2,19,87.991,85.894,3.141999999999994,3.141999999999994
2023,Monza,HUL,HARD,26,2,20,87.945,85.894,3.150999999999988,3.150999999999988
2023,Monza,HUL,HARD,27,2,21,88.084,85.894,3.344999999999998,3.344999999999998
2023,Monza,HUL,HARD,28,2,22,88.006,85.894,3.3219999999999947,3.3219999999999947
2023,Monza,HUL,HARD,29,2,23,88.969,85.894,4.339999999999988,4.339999999999988
2023,Monza,HUL,MEDIUM,5,3,1,86.395,85.894,0.5559999999999906,0.5559999999999906
2023,Monza,HUL,MEDIUM,6,3,2,86.102,85.894,0.3179999999999984,0.3179999999999984
2023,Monza,HUL,MEDIUM,7,3,3,86.234,85.894,0.5049999999999892,0.5049999999999892
2023,Monza,HUL,MEDIUM,8,3,4,86.459,85.894,0.7849999999999977,0.7849999999999977
2023,Monza,HUL,MEDIUM,9,3,5,86.723,85.894,1.1039999999999934,1.1039999999999934
2023,Monza,HUL,MEDIUM,10,3,6,86.645,85.894,1.0809999999999906,1.0809999999999906
2023,Monza,HUL,MEDIUM,11,3,7,86.251,85.894,0.7419999999999993,0.7419999999999993
2023,Monza,HUL,MEDIUM,12,3,8,86.359,85.894,0.9049999999999891,0.9049999999999891
2023,Monza,HUL,MEDIUM,13,3,9,85.981,85.894,0.5819999999999891,0.5819999999999891
2023,Monza,HUL,MEDIUM,14,3,10,85.894,85.894,0.55,0.55
2023,Monza,OCO,MEDIUM,2,1,1,88.667,86.963,1.7590000000000077,1.7590000000000077
2023,Monza,OCO,MEDIUM,3,1,2,87.822,86.963,0.9690000000000089,0.9690000000000089
2023,Monza,OCO,MEDIUM,4,1,3,87.582,86.963,0.7839999999999998,0.7839999999999998
2023,Monza,OCO,MEDIUM,5,1,4,87.385,86.963,0.6420000000000112,0.6420000000000112
2023,Monza,OCO,MEDIUM,6,1,5,87.306,86.963,0.6180000000000035,0.6180000000000035
2023,Monza,OCO,MEDIUM,7,1,6,87.117,86.963,0.4840000000000106,0.4840000000000106
2023,Monza,OCO,MEDIUM,8,1,7,87.309,86.963,0.7310000000000036,0.7310000000000036
2023,Monza,OCO,MEDIUM,9,1,8,87.396,86.963,0.8730000000000069,0.8730000000000069
2023,Monza,OCO,MEDIUM,10,1,9,87.607,86.963,1.1390000000000056,1.1390000000000056
2023,Monza,OCO,MEDIUM,11,1,10,87.738,86.963,1.3250000000000057,1.3250000000000057
2023,Monza,OCO,MEDIUM,12,1,11,88.232,86.963,1.8740000000000054,1.8740000000000054
2023,Monza,OCO,MEDIUM,13,1,12,87.855,86.963,1.5520000000000103,1.5520000000000103
2023,Monza,OCO,MEDIUM,14,1,13,88.091,86.963,1.843,1.843
2023,Monza,OCO,MEDIUM,15,1,14,88.197,86.963,2.004000000000009,2.004000000000009
2023,Monza,OCO,MEDIUM,16,1,15,88.249,86.963,2.1110000000000015,2.1110000000000015
2023,Monza,OCO,MEDIUM,17,1,16,88.111,86.963,2.0280000000000102,2.0280000000000102
2023,Monza,OCO,MEDIUM,18,1,17,88.261,86.963,2.233000000000002,2.233000000000002
2023,Monza,OCO,MEDIUM,19,1,18,88.216,86.963,2.2430000000000003,2.2430000000000003
2023,Monza,OCO,MEDIUM,20,1,19,89.387,86.963,3.4690000000000065,3.4690000000000065
2023,Monza,OCO,MEDIUM,21,1,20,88.489,86.963,2.6260000000000105,2.6260000000000105
2023,Monza,OCO,MEDIUM,22,1,21,88.884,86.963,3.0760000000000067,3.0760000000000067
2023,Monza,OCO,MEDIUM,23,1,22,89.474,86.963,3.72100000000001,3.72100000000001
2023,Monza,OCO,HARD,5,2,1,87.158,86.963,0.2500000000000074,0.2500000000000074
2023,Monza,OCO,HARD,6,2,2,87.119,86.963,0.2660000000000059,0.2660000000000059
2023,Monza,OCO,HARD,7,2,3,87.19,86.963,0.3920000000000039,0.3920000000000039
2023,Monza,OCO,HARD,8,2,4,87.35,86.963,0.6070000000000004,0.6070000000000004
2023,Monza,OCO,HARD,9,2,5,87.308,86.963,0.6200000000000131,0.6200000000000131
2023,Monza,OCO,HARD,10,2,6,87.208,86.963,0.5750000000000046,0.5750000000000046
2023,Monza,OCO,HARD,11,2,7,87.119,86.963,0.5410000000000059,0.5410000000000059
2023,Monza,OCO,HARD,12,2,8,86.963,86.963,0.44,0.44
2023,Monza,OCO,HARD,13,2,9,87.626,86.963,1.158000000000011,1.158000000000011
2023,Monza,OCO,HARD,14,2,10,87.441,86.963,1.0280000000000087,1.0280000000000087
2023,Monza,OCO,HARD,15,2,11,87.476,86.963,1.1180000000000052,1.1180000000000052
2023,Monza,OCO,HARD,16,2,12,87.429,86.963,1.1260000000000083,1.1260000000000083
2023,Monza,OCO,HARD,17,2,13,87.079,86.963,0.8309999999999996,0.8309999999999996
2023,Monza,NOR,MEDIUM,2,1,1,87.575,86.144,1.4859999999999973,1.4859999999999973
2023,Monza,NOR,MEDIUM,3,1,2,87.105,86.144,1.0709999999999986,1.0709999999999986
2023,Monza,NOR,MEDIUM,4,1,3,87.069,86.144,1.0899999999999972,1.0899999999999972
2023,Monza,NOR,MEDIUM,5,1,4,87.142,86.144,1.2179999999999904,1.2179999999999904
2023,Monza,NOR,MEDIUM,6,1,5,86.796,86.144,0.927000000000001,0.927000000000001
2023,Monza,NOR,MEDIUM,7,1,6,86.864,86.144,1.049999999999999,1.049999999999999
2023,Monza,NOR,MEDIUM,8,1,7,86.628,86.144,0.8689999999999947,0.8689999999999947
2023,Monza,NOR,MEDIUM,9,1,8,86.893,86.144,1.1889999999999952,1.1889999999999952
2023,Monza,NOR,MEDIUM,10,1,9,86.965,86.144,1.315999999999998,1.315999999999998
2023,Monza,NOR,MEDIUM,11,1,10,87.066,86.144,1.471999999999997,1.471999999999997
2023,Monza,NOR,MEDIUM,12,1,11,87.438,86.144,1.898999999999997,1.898999999999997
2023,Monza,NOR,MEDIUM,13,1,12,87.359,86.144,1.8749999999999893,1.8749999999999893
2023,Monza,NOR,MEDIUM,14,1,13,87.478,86.144,2.048999999999989,2.048999999999989
2023,Monza,NOR,MEDIUM,15,1,14,87.796,86.144,2.422000000000001,2.422000000000001
2023,Monza,NOR,MEDIUM,16,1,15,87.199,86.144,1.8799999999999926,1.8799999999999926
2023,Monza,NOR,MEDIUM,17,1,16,87.597,86.144,2.3329999999999886,2.3329999999999886
2023,Monza,NOR,MEDIUM,18,1,17,87.272,86.144,2.063,2.063
2023,Monza,NOR,MEDIUM,19,1,18,87.28,86.144,2.125999999999996,2.125999999999996
2023,Monza,NOR,MEDIUM,20,1,19,87.716,86.144,2.6169999999999884,2.6169999999999884
2023,Monza,NOR,MEDIUM,21,1,20,87.718,86.144,2.673999999999998,2.673999999999998
2023,Monza,NOR,HARD,6,2,1,86.144,86.144,0.055,0.055
2023,Monza,NOR,HARD,7,2,2,86.424,86.144,0.3900000000000011,0.3900000000000011
2023,Monza,NOR,HARD,8,2,3,86.402,86.144,0.4229999999999956,0.4229999999999956
2023,Monza,NOR,HARD,9,2,4,86.485,86.144,0.560999999999994,0.560999999999994
2023,Monza,NOR,HARD,10,2,5,86.396,86.144,0.5269999999999954,0.5269999999999954
2023,Monza,NOR,HARD,11,2,6,86.472,86.144,0.6579999999999888,0.6579999999999888
2023,Monza,NOR,HARD,12,2,7,86.968,86.144,1.208999999999998,1.208999999999998
2023,Monza,NOR,HARD,13,2,8,86.909,86.144,1.2050000000000005,1.2050000000000005
2023,Monza,NOR,HARD,14,2,9,86.586,86.144,0.9369999999999931,0.9369999999999931
2023,Monza,NOR,HARD,15,2,10,86.455,86.144,0.8609999999999929,0.8609999999999929
2023,Monza,NOR,HARD,16,2,11,86.366,86.144,0.8269999999999942,0.8269999999999942
2023,Monza,NOR,HARD,17,2,12,86.464,86.144,0.9799999999999932,0.9799999999999932
2023,Monza,NOR,HARD,18,2,13,87.06,86.144,1.6309999999999967,1.6309999999999967
2023,Monza,NOR,HARD,19,2,14,86.595,86.144,1.2209999999999934,1.2209999999999934
2023,Monza,NOR,HARD,20,2,15,87.567,86.144,2.247999999999988,2.247999999999988
2023,Monza,NOR,HARD,21,2,16,86.792,86.144,1.527999999999996,1.527999999999996
2023,Monza,NOR,HARD,22,2,17,86.761,86.144,1.5519999999999903,1.5519999999999903
2023,Monza,NOR,HARD,23,2,18,86.562,86.144,1.4079999999999921,1.4079999999999921
2023,Monza,NOR,HARD,24,2,19,86.623,86.144,1.5239999999999991,1.5239999999999991
2023,Monza,NOR,HARD,25,2,20,86.81,86.144,1.765999999999997,1.765999999999997
2023,Monza,NOR,HARD,26,2,21,87.991,86.144,3.0019999999999945,3.0019999999999945
2023,Monza,NOR,HARD,27,2,22,87.466,86.144,2.5319999999999885,2.5319999999999885
2023,Monza,NOR,HARD,28,2,23,87.017,86.144,2.13799999999999,2.13799999999999
2023,Monza,NOR,HARD,29,2,24,87.886,86.144,3.0619999999999905,3.0619999999999905
2023,Monza,NOR,HARD,30,2,25,86.733,86.144,1.9639999999999986,1.9639999999999986
2023,Monza,NOR,HARD,31,2,26,87.661,86.144,2.9469999999999956,2.9469999999999956
2023,Monza,NOR,HARD,32,2,27,87.174,86.144,2.5150000000000015,2.5150000000000015
2023,Monza,NOR,HARD,33,2,28,87.425,86.144,2.8209999999999917,2.8209999999999917
2023,Monza,LAW,MEDIUM,5,1,1,88.018,85.842,2.231000000000002,2.231000000000002
2023,Monza,LAW,MEDIUM,6,1,2,87.657,85.842,1.9249999999999978,1.9249999999999978
2023,Monza,LAW,MEDIUM,7,1,3,87.13,85.842,1.4529999999999967,1.4529999999999967
2023,Monza,LAW,MEDIUM,8,1,4,87.205,85.842,1.5829999999999995,1.5829999999999995
2023,Monza,LAW,MEDIUM,9,1,5,87.263,85.842,1.6960000000000064,1.6960000000000064
2023,Monza,LAW,MEDIUM,10,1,6,87.154,85.842,1.6419999999999977,1.6419999999999977
2023,Monza,LAW,MEDIUM,11,1,7,87.331,85.842,1.8740000000000043,1.8740000000000043
2023,Monza,LAW,MEDIUM,12,1,8,87.506,85.842,2.1040000000000014,2.1040000000000014
2023,Monza,LAW,MEDIUM,13,1,9,87.648,85.842,2.3009999999999975,2.3009999999999975
2023,Monza,LAW,MEDIUM,14,1,10,87.892,85.842,2.599999999999997,2.599999999999997
2023,Monza,LAW,MEDIUM,15,1,11,87.631,85.842,2.3940000000000015,2.3940000000000015
2023,Monza,LAW,HARD,5,2,1,87.03,85.842,1.2430000000000023,1.2430000000000023
2023,Monza,LAW,HARD,6,2,2,87.412,85.842,1.6800000000000075,1.6800000000000075
2023,Monza,LAW,HARD,7,2,3,87.045,85.842,1.368000000000003,1.368000000000003
2023,Monza,LAW,HARD,8,2,4,86.815,85.842,1.192999999999999,1.192999999999999
2023,Monza,LAW,HARD,9,2,5,87.047,85.842,1.4799999999999982,1.4799999999999982
2023,Monza,LAW,HARD,10,2,6,86.89,85.842,1.378000000000002,1.378000000000002
2023,Monza,LAW,HARD,11,2,7,87.171,85.842,1.7140000000000077,1.7140000000000077
2023,Monza,LAW,HARD,12,2,8,88.059,85.842,2.6569999999999987,2.6569999999999987
2023,Monza,LAW,HARD,13,2,9,87.215,85.842,1.8680000000000048,1.8680000000000048
2023,Monza,LAW,HARD,14,2,10,87.049,85.842,1.7570000000000079,1.7570000000000079
2023,Monza,LAW,HARD,15,2,11,87.204,85.842,1.9669999999999948,1.9669999999999948
2023,Monza,LAW,HARD,16,2,12,87.089,85.842,1.907,1.907
2023,Monza,LAW,HARD,17,2,13,87.025,85.842,1.8980000000000068,1.8980000000000068
2023,Monza,LAW,HARD,18,2,14,87.376,85.842,2.304000000000006,2.304000000000006
2023,Monza,LAW,HARD,19,2,15,87.108,85.842,2.0910000000000055,2.0910000000000055
2023,Monza,LAW,HARD,20,2,16,87.487,85.842,2.524999999999996,2.524999999999996
2023,Monza,LAW,HARD,21,2,17,87.515,85.842,2.608000000000002,2.608000000000002
2023,Monza,LAW,HARD,22,2,18,87.496,85.842,2.6439999999999966,2.6439999999999966
2023,Monza,LAW,MEDIUM,5,3,1,86.26,85.842,0.47300000000000636,0.47300000000000636
2023,Monza,LAW,MEDIUM,6,3,2,86.384,85.842,0.6520000000000016,0.6520000000000016
2023,Monza,LAW,MEDIUM,7,3,3,86.253,85.842,0.5760000000000014,0.5760000000000014
2023,Monza,LAW,MEDIUM,8,3,4,86.103,85.842,0.48099999999999565,0.48099999999999565
2023,Monza,LAW,MEDIUM,9,3,5,86.245,85.842,0.6780000000000058,0.6780000000000058
2023,Monza,LAW,MEDIUM,10,3,6,86.273,85.842,0.7609999999999975,0.7609999999999975
2023,Monza,LAW,MEDIUM,11,3,7,86.417,85.842,0.9600000000000029,0.9600000000000029
2023,Monza,LAW,MEDIUM,12,3,8,86.121,85.842,0.7189999999999963,0.7189999999999963
2023,Monza,LAW,MEDIUM,13,3,9,86.143,85.842,0.7960000000000019,0.7960000000000019
2023,Monza,LAW,MEDIUM,14,3,10,85.842,85.842,0.55,0.55
2023,Monza,LAW,MEDIUM,15,3,11,86.134,85.842,0.8970000000000016,0.8970000000000016
2023,Monza,LAW,MEDIUM,16,3,12,86.018,85.842,0.836000000000002,0.836000000000002
2023,Monza,LAW,MEDIUM,17,3,13,86.656,85.842,1.529000000000007,1.529000000000007
2023,Monza,LAW,MEDIUM,18,3,14,86.098,85.842,1.0260000000000002,1.0260000000000002
2023,Monza,LAW,MEDIUM,19,3,15,87.235,85.842,2.218000000000001,2.218000000000001
2023,Monza,LAW,MEDIUM,20,3,16,86.436,85.842,1.4740000000000082,1.4740000000000082
2023,Monza,HAM,HARD,5,1,1,87.837,85.582,2.31000000000001,2.31000000000001
2023,Monza,HAM,HARD,6,1,2,87.289,85.582,1.817000000000008,1.817000000000008
2023,Monza,HAM,HARD,7,1,3,87.233,85.582,1.8160000000000105,1.8160000000000105
2023,Monza,HAM,HARD,8,1,4,87.015,85.582,1.653000000000007,1.653000000000007
2023,Monza,HAM,HARD,9,1,5,86.711,85.582,1.4040000000000048,1.4040000000000048
2023,Monza,HAM,HARD,10,1,6,86.7,85.582,1.4480000000000093,1.4480000000000093
2023,Monza,HAM,HARD,11,1,7,86.643,85.582,1.446000000000007,1.446000000000007
2023,Monza,HAM,HARD,12,1,8,86.756,85.582,1.6140000000000065,1.6140000000000065
2023,Monza,HAM,HARD,13,1,9,86.995,85.582,1.908000000000011,1.908000000000011
2023,Monza,HAM,HARD,14,1,10,87.119,85.582,2.087000000000006,2.087000000000006
2023,Monza,HAM,HARD,15,1,11,87.194,85.582,2.217000000000009,2.217000000000009
2023,Monza,HAM,HARD,16,1,12,87.292,85.582,2.370000000000008,2.370000000000008
2023,Monza,HAM,HARD,17,1,13,87.526,85.582,2.6590000000000025,2.6590000000000025
2023,Monza,HAM,HARD,18,1,14,88.085,85.582,3.273,3.273
2023,Monza,HAM,HARD,19,1,15,87.24,85.582,2.4830000000000014,2.4830000000000014
2023,Monza,HAM,HARD,20,1,16,87.585,85.582,2.883,2.883
2023,Monza,HAM,HARD,21,1,17,87.279,85.582,2.632000000000003,2.632000000000003
2023,Monza,HAM,HARD,22,1,18,87.449,85.582,2.8570000000000046,2.8570000000000046
2023,Monza,HAM,HARD,23,1,19,87.83,85.582,3.2930000000000046,3.2930000000000046
2023,Monza,HAM,HARD,24,1,20,87.399,85.582,2.9170000000000074,2.9170000000000074
2023,Monza,HAM,HARD,25,1,21,87.154,85.582,2.727000000000003,2.727000000000003
2023,Monza,HAM,HARD,26,1,22,87.267,85.582,2.8950000000000022,2.8950000000000022
2023,Monza,HAM,HARD,27,1,23,87.311,85.582,2.994000000000013,2.994000000000013
2023,Monza,HAM,HARD,28,1,24,87.791,85.582,3.5290000000000035,3.5290000000000035
2023,Monza,HAM,HARD,29,1,25,87.407,85.582,3.200000000000003,3.200000000000003
2023,Monza,HAM,MEDIUM,2,2,1,85.582,85.582,0.055,0.055
2023,Monza,HAM,MEDIUM,3,2,2,86.34,85.582,0.8680000000000098,0.8680000000000098
2023,Monza,HAM,MEDIUM,4,2,3,86.404,85.582,0.9870000000000028,0.9870000000000028
2023,Monza,HAM,MEDIUM,5,2,4,86.62,85.582,1.2580000000000109,1.2580000000000109
2023,Monza,HAM,MEDIUM,6,2,5,86.584,85.582,1.2770000000000095,1.2770000000000095
2023,Monza,HAM,MEDIUM,7,2,6,86.236,85.582,0.9840000000000106,0.9840000000000106
2023,Monza,HAM,MEDIUM,8,2,7,86.016,85.582,0.8190000000000117,0.8190000000000117
2023,Monza,HAM,MEDIUM,9,2,8,86.205,85.582,1.0630000000000046,1.0630000000000046
2023,Monza,HAM,MEDIUM,10,2,9,85.999,85.582,0.9120000000000016,0.9120000000000016
2023,Monza,HAM,MEDIUM,11,2,10,86.274,85.582,1.2420000000000073,1.2420000000000073
2023,Monza,HAM,MEDIUM,12,2,11,86.249,85.582,1.2720000000000016,1.2720000000000016
2023,Monza,HAM,MEDIUM,13,2,12,86.658,85.582,1.7360000000000078,1.7360000000000078
2023,Monza,HAM,MEDIUM,14,2,13,87.501,85.582,2.634000000000011,2.634000000000011
2023,Monza,HAM,MEDIUM,15,2,14,86.216,85.582,1.4040000000000004,1.4040000000000004
2023,Monza,HAM,MEDIUM,16,2,15,86.093,85.582,1.3360000000000098,1.3360000000000098
2023,Monza,HAM,MEDIUM,17,2,16,87.152,85.582,2.4500000000000073,2.4500000000000073
2023,Monza,HAM,MEDIUM,18,2,17,86.333,85.582,1.6860000000000048,1.6860000000000048
2023,Monza,HAM,MEDIUM,19,2,18,87.193,85.582,2.6010000000000044,2.6010000000000044
2023,Monza,HAM,MEDIUM,20,2,19,86.12,85.582,1.5830000000000108,1.5830000000000108
2023,Monza,HAM,MEDIUM,21,2,20,85.815,85.582,1.3330000000000042,1.3330000000000042
2023,Monza,HAM,MEDIUM,22,2,21,85.888,85.582,1.4610000000000116,1.4610000000000116
2023,Monza,HAM,MEDIUM,23,2,22,85.927,85.582,1.555000000000013,1.555000000000013
2023,Monza,HAM,MEDIUM,24,2,23,86.093,85.582,1.7760000000000098,1.7760000000000098
2023,Monza,SAI,MEDIUM,2,1,1,86.006,85.501,0.5599999999999955,0.5599999999999955
2023,Monza,SAI,MEDIUM,3,1,2,85.976,85.501,0.5849999999999943,0.5849999999999943
2023,Monza,SAI,MEDIUM,4,1,3,86.067,85.501,0.7309999999999883,0.7309999999999883
2023,Monza,SAI,MEDIUM,5,1,4,86.423,85.501,1.141999999999997,1.141999999999997
2023,Monza,SAI,MEDIUM,6,1,5,86.615,85.501,1.38899999999999,1.38899999999999
2023,Monza,SAI,MEDIUM,7,1,6,86.358,85.501,1.1869999999999994,1.1869999999999994
2023,Monza,SAI,MEDIUM,8,1,7,86.224,85.501,1.107999999999999,1.107999999999999
2023,Monza,SAI,MEDIUM,9,1,8,86.476,85.501,1.4149999999999943,1.4149999999999943
2023,Monza,SAI,MEDIUM,10,1,9,86.511,85.501,1.504999999999991,1.504999999999991
2023,Monza,SAI,MEDIUM,11,1,10,86.691,85.501,1.7399999999999978,1.7399999999999978
2023,Monza,SAI,MEDIUM,12,1,11,86.408,85.501,1.5119999999999965,1.5119999999999965
2023,Monza,SAI,MEDIUM,13,1,12,86.887,85.501,2.045999999999996,2.045999999999996
2023,Monza,SAI,MEDIUM,14,1,13,86.972,85.501,2.1859999999999893,2.1859999999999893
2023,Monza,SAI,MEDIUM,15,1,14,88.219,85.501,3.4879999999999893,3.4879999999999893
2023,Monza,SAI,MEDIUM,16,1,15,87.323,85.501,2.6469999999999887,2.6469999999999887
2023,Monza,SAI,MEDIUM,17,1,16,87.721,85.501,3.0999999999999988,3.0999999999999988
2023,Monza,SAI,MEDIUM,18,1,17,87.512,85.501,2.9459999999999957,2.9459999999999957
2023,Monza,SAI,HARD,2,2,1,86.146,85.501,0.6999999999999961,0.6999999999999961
2023,Monza,SAI,HARD,3,2,2,85.558,85.501,0.16700000000000215,0.16700000000000215
2023,Monza,SAI,HARD,4,2,3,85.793,85.501,0.4570000000000016,0.4570000000000016
2023,Monza,SAI,HARD,5,2,4,85.902,85.501,0.6209999999999962,0.6209999999999962
2023,Monza,SAI,HARD,6,2,5,86.005,85.501,0.7789999999999907,0.7789999999999907
2023,Monza,SAI,HARD,7,2,6,85.836,85.501,0.6649999999999938,0.6649999999999938
2023,Monza,SAI,HARD,8,2,7,86.165,85.501,1.0490000000000015,1.0490000000000015
2023,Monza,SAI,HARD,9,2,8,85.77,85.501,0.7089999999999912,0.7089999999999912
2023,Monza,SAI,HARD,10,2,9,85.72,85.501,0.7139999999999941,0.7139999999999941
2023,Monza,SAI,HARD,11,2,10,85.501,85.501,0.55,0.55
2023,Monza,SAI,HARD,12,2,11,85.718,85.501,0.8219999999999987,0.8219999999999987
2023,Monza,SAI,HARD,13,2,12,85.896,85.501,1.0549999999999962,1.0549999999999962
2023,Monza,SAI,HARD,14,2,13,85.926,85.501,1.139999999999997,1.139999999999997
2023,Monza,SAI,HARD,15,2,14,86.126,85.501,1.395,1.395
2023,Monza,SAI,HARD,16,2,15,85.789,85.501,1.1129999999999967,1.1129999999999967
2023,Monza,SAI,HARD,17,2,16,86.011,85.501,1.3899999999999908,1.3899999999999908
2023,Monza,SAI,HARD,18,2,17,85.886,85.501,1.319999999999991,1.319999999999991
2023,Monza,SAI,HARD,19,2,18,85.705,85.501,1.1939999999999935,1.1939999999999935
2023,Monza,SAI,HARD,20,2,19,85.924,85.501,1.4680000000000017,1.4680000000000017
2023,Monza,SAI,HARD,21,2,20,86.122,85.501,1.7209999999999952,1.7209999999999952
2023,Monza,SAI,HARD,22,2,21,86.738,85.501,2.391999999999995,2.391999999999995
2023,Monza,SAI,HARD,23,2,22,86.479,85.501,2.1879999999999944,2.1879999999999944
2023,Monza,SAI,HARD,24,2,23,86.589,85.501,2.3529999999999935,2.3529999999999935
2023,Monza,SAI,HARD,25,2,24,86.43,85.501,2.2490000000000023,2.2490000000000023
2023,Monza,SAI,HARD,26,2,25,86.632,85.501,2.5060000000000002,2.5060000000000002
2023,Monza,SAI,HARD,27,2,26,87.303,85.501,3.231999999999992,3.231999999999992
2023,Monza,SAI,HARD,28,2,27,87.096,85.501,3.079999999999999,3.079999999999999
2023,Monza,SAI,HARD,29,2,28,86.8,85.501,2.8389999999999924,2.8389999999999924
2023,Monza,SAI,HARD,30,2,29,86.77,85.501,2.863999999999991,2.863999999999991
2023,Monza,SAI,HARD,31,2,30,86.776,85.501,2.9249999999999914,2.9249999999999914
2023,Monza,SAI,HARD,32,2,31,87.044,85.501,3.2479999999999922,3.2479999999999922
2023,Monza,RUS,MEDIUM,2,1,1,86.686,85.847,0.8940000000000129,0.8940000000000129
2023,Monza,RUS,MEDIUM,3,1,2,86.176,85.847,0.4390000000000077,0.4390000000000077
2023,Monza,RUS,MEDIUM,4,1,3,86.178,85.847,0.4960000000000031,0.4960000000000031
2023,Monza,RUS,MEDIUM,5,1,4,86.249,85.847,0.622000000000001,0.622000000000001
2023,Monza,RUS,MEDIUM,6,1,5,86.515,85.847,0.9430000000000064,0.9430000000000064
2023,Monza,RUS,MEDIUM,7,1,6,86.515,85.847,0.9980000000000064,0.9980000000000064
2023,Monza,RUS,MEDIUM,8,1,7,86.594,85.847,1.132,1.132
2023,Monza,RUS,MEDIUM,9,1,8,86.71,85.847,1.3029999999999995,1.3029999999999995
2023,Monza,RUS,MEDIUM,10,1,9,86.655,85.847,1.303000000000007,1.303000000000007
2023,Monza,RUS,MEDIUM,11,1,10,87.186,85.847,1.889000000000013,1.889000000000013
2023,Monza,RUS,MEDIUM,12,1,11,87.044,85.847,1.8020000000000027,1.8020000000000027
2023,Monza,RUS,MEDIUM,13,1,12,86.962,85.847,1.7750000000000092,1.7750000000000092
2023,Monza,RUS,MEDIUM,14,1,13,87.285,85.847,2.1530000000000022,2.1530000000000022
2023,Monza,RUS,MEDIUM,15,1,14,87.005,85.847,1.9280000000000013,1.9280000000000013
2023,Monza,RUS,MEDIUM,16,1,15,87.976,85.847,2.954000000000005,2.954000000000005
2023,Monza,RUS,MEDIUM,17,1,16,87.055,85.847,2.0880000000000125,2.0880000000000125
2023,Monza,RUS,MEDIUM,18,1,17,87.383,85.847,2.4710000000000014,2.4710000000000014
2023,Monza,RUS,HARD,5,2,1,86.456,85.847,0.6640000000000089,0.6640000000000089
2023,Monza,RUS,HARD,6,2,2,86.715,85.847,0.9780000000000092,0.9780000000000092
2023,Monza,RUS,HARD,7,2,3,86.605,85.847,0.9230000000000098,0.9230000000000098
2023,Monza,RUS,HARD,8,2,4,86.671,85.847,1.0440000000000123,1.0440000000000123
2023,Monza,RUS,HARD,9,2,5,86.32,85.847,0.747999999999999,0.747999999999999
2023,Monza,RUS,HARD,10,2,6,86.41,85.847,0.8930000000000025,0.8930000000000025
2023,Monza,RUS,HARD,11,2,7,86.184,85.847,0.7220000000000033,0.7220000000000033
2023,Monza,RUS,HARD,12,2,8,86.284,85.847,0.8770000000000118,0.8770000000000118
2023,Monza,RUS,HARD,13,2,9,86.14,85.847,0.7880000000000064,0.7880000000000064
2023,Monza,RUS,HARD,14,2,10,85.966,85.847,0.6689999999999998,0.6689999999999998
2023,Monza,RUS,HARD,15,2,11,86.148,85.847,0.9060000000000019,0.9060000000000019
2023,Monza,RUS,HARD,16,2,12,86.059,85.847,0.8720000000000033,0.8720000000000033
2023,Monza,RUS,HARD,17,2,13,86.161,85.847,1.029000000000007,1.029000000000007
2023,Monza,RUS,HARD,18,2,14,86.119,85.847,1.0420000000000056,1.0420000000000056
2023,Monza,RUS,HARD,19,2,15,86.189,85.847,1.1669999999999987,1.1669999999999987
2023,Monza,RUS,HARD,20,2,16,86.371,85.847,1.4040000000000008,1.4040000000000008
2023,Monza,RUS,HARD,21,2,17,85.997,85.847,1.0850000000000057,1.0850000000000057
2023,Monza,RUS,HARD,22,2,18,85.847,85.847,0.99,0.99
2023,Monza,RUS,HARD,23,2,19,86.21,85.847,1.4079999999999995,1.4079999999999995
2023,Monza,RUS,HARD,24,2,20,86.244,85.847,1.4970000000000057,1.4970000000000057
2023,Monza,RUS,HARD,25,2,21,86.614,85.847,1.9220000000000101,1.9220000000000101
2023,Monza,RUS,HARD,26,2,22,86.335,85.847,1.6979999999999995,1.6979999999999995
2023,Monza,RUS,HARD,27,2,23,86.426,85.847,1.8440000000000076,1.8440000000000076
2023,Monza,RUS,HARD,28,2,24,86.336,85.847,1.8090000000000044,1.8090000000000044
2023,Monza,RUS,HARD,29,2,25,86.394,85.847,1.9220000000000113,1.9220000000000113
2023,Monza,RUS,HARD,30,2,26,86.458,85.847,2.041000000000004,2.041000000000004
2023,Monza,RUS,HARD,31,2,27,86.64,85.847,2.2780000000000067,2.2780000000000067
2023,Monza,RUS,HARD,32,2,28,86.287,85.847,1.980000000000012,1.980000000000012
2023,Monza,RUS,HARD,33,2,29,86.375,85.847,2.1230000000000055,2.1230000000000055
2023,Monza,RUS,HARD,34,2,30,86.874,85.847,2.677000000000001,2.677000000000001
2023,Monza,RUS,HARD,35,2,31,86.628,85.847,2.486000000000006,2.486000000000006
2023,Monza,BOT,HARD,5,1,1,88.032,85.988,2.098999999999997,2.098999999999997
2023,Monza,BOT,HARD,6,1,2,87.95,85.988,2.072000000000003,2.072000000000003
2023,Monza,BOT,HARD,7,1,3,87.119,85.988,1.2960000000000003,1.2960000000000003
2023,Monza,BOT,HARD,8,1,4,87.575,85.988,1.8070000000000033,1.8070000000000033
2023,Monza,BOT,HARD,9,1,5,87.15,85.988,1.437000000000006,1.437000000000006
2023,Monza,BOT,HARD,10,1,6,87.36,85.988,1.702,1.702
2023,Monza,BOT,HARD,11,1,7,87.227,85.988,1.6240000000000043,1.6240000000000043
2023,Monza,BOT,HARD,12,1,8,87.265,85.988,1.717000000000001,1.717000000000001
2023,Monza,BOT,HARD,13,1,9,87.863,85.988,2.37,2.37
2023,Monza,BOT,HARD,14,1,10,87.693,85.988,2.254999999999998,2.254999999999998
2023,Monza,BOT,HARD,15,1,11,88.716,85.988,3.3329999999999944,3.3329999999999944
2023,Monza,BOT,HARD,16,1,12,88.007,85.988,2.6790000000000056,2.6790000000000056
2023,Monza,BOT,HARD,17,1,13,87.991,85.988,2.718,2.718
2023,Monza,BOT,HARD,18,1,14,87.427,85.988,2.209000000000007,2.209000000000007
2023,Monza,BOT,HARD,19,1,15,87.824,85.988,2.6609999999999987,2.6609999999999987
2023,Monza,BOT,HARD,20,1,16,87.47,85.988,2.361999999999999,2.361999999999999
2023,Monza,BOT,HARD,21,1,17,87.634,85.988,2.581000000000001,2.581000000000001
2023,Monza,BOT,HARD,22,1,18,87.725,85.988,2.726999999999995,2.726999999999995
2023,Monza,BOT,HARD,23,1,19,88.438,85.988,3.4950000000000028,3.4950000000000028
2023,Monza,BOT,HARD,24,1,20,89.044,85.988,4.155999999999997,4.155999999999997
2023,Monza,BOT,HARD,25,1,21,88.116,85.988,3.2830000000000004,3.2830000000000004
2023,Monza,BOT,HARD,26,1,22,88.123,85.988,3.345000000000005,3.345000000000005
2023,Monza,BOT,HARD,27,1,23,88.022,85.988,3.2990000000000057,3.2990000000000057
2023,Monza,BOT,MEDIUM,5,2,1,85.988,85.988,0.055,0.055
2023,Monza,BOT,MEDIUM,6,2,2,86.486,85.988,0.6080000000000046,0.6080000000000046
2023,Monza,BOT,MEDIUM,7,2,3,86.201,85.988,0.3779999999999939,0.3779999999999939
2023,Monza,BOT,MEDIUM,8,2,4,86.643,85.988,0.8750000000000011,0.8750000000000011
2023,Monza,BOT,MEDIUM,9,2,5,86.648,85.988,0.9349999999999966,0.9349999999999966
2023,Monza,BOT,MEDIUM,10,2,6,86.606,85.988,0.9479999999999951,0.9479999999999951
2023,Monza,BOT,MEDIUM,11,2,7,86.873,85.988,1.2700000000000051,1.2700000000000051
2023,Monza,BOT,MEDIUM,12,2,8,86.621,85.988,1.0729999999999955,1.0729999999999955
2023,Monza,BOT,MEDIUM,13,2,9,86.523,85.988,1.0299999999999967,1.0299999999999967
2023,Monza,BOT,MEDIUM,14,2,10,86.782,85.988,1.343999999999997,1.343999999999997
2023,Monza,BOT,MEDIUM,15,2,11,86.545,85.988,1.1620000000000021,1.1620000000000021
2023,Monza,BOT,MEDIUM,16,2,12,87.093,85.988,1.7650000000000041,1.7650000000000041
2023,Monza,BOT,MEDIUM,17,2,13,86.981,85.988,1.7079999999999949,1.7079999999999949
2023,Monza,BOT,MEDIUM,18,2,14,87.862,85.988,2.6439999999999952,2.6439999999999952
2023,Monza,BOT,MEDIUM,19,2,15,87.203,85.988,2.0400000000000036,2.0400000000000036
2023,Monza,BOT,MEDIUM,20,2,16,86.864,85.988,1.7560000000000047,1.7560000000000047
2023,Monza,BOT,MEDIUM,21,2,17,87.753,85.988,2.7000000000000006,2.7000000000000006
2023,Monza,BOT,MEDIUM,22,2,18,86.962,85.988,1.9640000000000037,1.9640000000000037
2023,Monza,BOT,MEDIUM,23,2,19,86.889,85.988,1.9459999999999962,1.9459999999999962
2023,Monza,BOT,MEDIUM,24,2,20,86.806,85.988,1.917999999999998,1.917999999999998
2023,Monza,BOT,MEDIUM,25,2,21,86.736,85.988,1.9030000000000047,1.9030000000000047
2023,Monza,BOT,MEDIUM,26,2,22,87.005,85.988,2.226999999999996,2.226999999999996
2023,Monza,BOT,MEDIUM,27,2,23,87.134,85.988,2.4110000000000005,2.4110000000000005
2023,Monza,BOT,MEDIUM,28,2,24,86.95,85.988,2.2820000000000036,2.2820000000000036
2023,Monza,PIA,MEDIUM,2,1,1,88.053,85.072,3.0359999999999947,3.0359999999999947
2023,Monza,PIA,MEDIUM,3,1,2,86.982,85.072,2.0199999999999965,2.0199999999999965
2023,Monza,PIA,MEDIUM,4,1,3,87.004,85.072,2.097000000000002,2.097000000000002
2023,Monza,PIA,MEDIUM,5,1,4,86.909,85.072,2.0570000000000035,2.0570000000000035
2023,Monza,PIA,MEDIUM,6,1,5,86.878,85.072,2.0809999999999973,2.0809999999999973
2023,Monza,PIA,MEDIUM,7,1,6,86.94,85.072,2.197999999999995,2.197999999999995
2023,Monza,PIA,MEDIUM,8,1,7,86.85,85.072,2.1629999999999914,2.1629999999999914
2023,Monza,PIA,MEDIUM,9,1,8,86.864,85.072,2.2320000000000015,2.2320000000000015
2023,Monza,PIA,MEDIUM,10,1,9,86.823,85.072,2.2459999999999907,2.2459999999999907
2023,Monza,PIA,MEDIUM,11,1,10,87.217,85.072,2.694999999999996,2.694999999999996
2023,Monza,PIA,MEDIUM,12,1,11,87.454,85.072,2.9869999999999908,2.9869999999999908
2023,Monza,PIA,MEDIUM,13,1,12,87.518,85.072,3.105999999999998,3.105999999999998
2023,Monza,PIA,MEDIUM,14,1,13,87.371,85.072,3.0139999999999922,3.0139999999999922
2023,Monza,PIA,MEDIUM,15,1,14,87.738,85.072,3.435999999999997,3.435999999999997
2023,Monza,PIA,MEDIUM,16,1,15,87.201,85.072,2.953999999999991,2.953999999999991
2023,Monza,PIA,MEDIUM,17,1,16,87.44,85.072,3.247999999999995,3.247999999999995
2023,Monza,PIA,MEDIUM,18,1,17,87.398,85.072,3.2609999999999935,3.2609999999999935
2023,Monza,PIA,MEDIUM,19,1,18,87.352,85.072,3.2700000000000014,3.2700000000000014
2023,Monza,PIA,MEDIUM,20,1,19,87.746,85.072,3.7189999999999923,3.7189999999999923
2023,Monza,PIA,MEDIUM,21,1,20,87.587,85.072,3.6150000000000007,3.6150000000000007
2023,Monza,PIA,MEDIUM,22,1,21,87.419,85.072,3.5019999999999945,3.5019999999999945
2023,Monza,PIA,HARD,7,2,1,86.411,85.072,1.3939999999999986,1.3939999999999986
2023,Monza,PIA,HARD,8,2,2,86.287,85.072,1.3250000000000035,1.3250000000000035
2023,Monza,PIA,HARD,9,2,3,86.248,85.072,1.341000000000002,1.341000000000002
2023,Monza,PIA,HARD,10,2,4,86.611,85.072,1.7590000000000015,1.7590000000000015
2023,Monza,PIA,HARD,11,2,5,86.132,85.072,1.3350000000000022,1.3350000000000022
2023,Monza,PIA,HARD,12,2,6,87.074,85.072,2.3319999999999954,2.3319999999999954
2023,Monza,PIA,HARD,13,2,7,86.86,85.072,2.1729999999999965,2.1729999999999965
2023,Monza,PIA,HARD,14,2,8,86.746,85.072,2.1139999999999923,2.1139999999999923
2023,Monza,PIA,HARD,15,2,9,86.445,85.072,1.8679999999999906,1.8679999999999906
2023,Monza,PIA,HARD,16,2,10,86.717,85.072,2.194999999999996,2.194999999999996
2023,Monza,PIA,HARD,17,2,11,86.277,85.072,1.8099999999999983,1.8099999999999983
2023,Monza,PIA,HARD,18,2,12,86.639,85.072,2.226999999999993,2.226999999999993
2023,Monza,PIA,HARD,19,2,13,86.806,85.072,2.4489999999999945,2.4489999999999945
2023,Monza,PIA,HARD,20,2,14,87.146,85.072,2.843999999999998,2.843999999999998
2023,Monza,PIA,HARD,21,2,15,87.166,85.072,2.9189999999999943,2.9189999999999943
2023,Monza,PIA,HARD,22,2,16,86.853,85.072,2.6609999999999916,2.6609999999999916
2023,Monza,PIA,MEDIUM,5,3,1,85.072,85.072,0.055,0.055
2023,Monza,PIA,MEDIUM,6,3,2,85.69,85.072,0.727999999999995,0.727999999999995
2023,Monza,PIA,MEDIUM,7,3,3,86.139,85.072,1.231999999999993,1.231999999999993
2023,Monza,PIA,MEDIUM,8,3,4,85.732,85.072,0.8799999999999966,0.8799999999999966
2023,Monza,PIA,MEDIUM,9,3,5,86.614,85.072,1.8170000000000015,1.8170000000000015
2023,Monza,PIA,MEDIUM,10,3,6,86.067,85.072,1.3249999999999904,1.3249999999999904
2023,Monza,PIA,MEDIUM,11,3,7,85.841,85.072,1.1539999999999913,1.1539999999999913
2023,Monza,PIA,MEDIUM,12,3,8,85.593,85.072,0.9610000000000007,0.9610000000000007
2023,Spa,VER,MEDIUM,2,1,1,80.402,76.33,4.1270000000000024,4.1270000000000024
2023,Spa,VER,MEDIUM,3,1,2,80.499,76.33,4.278999999999997,4.278999999999997
2023,Spa,VER,MEDIUM,4,1,3,80.346,76.33,4.181000000000005,4.181000000000005
2023,Spa,VER,MEDIUM,5,1,4,80.283,76.33,4.173000000000003,4.173000000000003
2023,Spa,VER,MEDIUM,6,1,5,80.402,76.33,4.347000000000003,4.347000000000003
2023,Spa,VER,MEDIUM,7,1,6,80.476,76.33,4.476000000000001,4.476000000000001
2023,Spa,VER,MEDIUM,8,1,7,79.894,76.33,3.949000000000007,3.949000000000007
2023,Spa,VER,MEDIUM,9,1,8,80.282,76.33,4.391999999999999,4.391999999999999
2023,Spa,VER,MEDIUM,10,1,9,80.334,76.33,4.499000000000005,4.499000000000005
2023,Spa,VER,MEDIUM,11,1,10,80.52,76.33,4.7399999999999975,4.7399999999999975
2023,Spa,VER,MEDIUM,12,1,11,80.442,76.33,4.716999999999995,4.716999999999995
2023,Spa,VER,MEDIUM,13,1,12,80.178,76.33,4.507999999999999,4.507999999999999
2023,Spa,VER,MEDIUM,14,1,13,80.378,76.33,4.763000000000002,4.763000000000002
2023,Spa,VER,MEDIUM,15,1,14,80.282,76.33,4.721999999999998,4.721999999999998
2023,Spa,VER,MEDIUM,16,1,15,80.186,76.33,4.681000000000009,4.681000000000009
2023,Spa,VER,MEDIUM,17,1,16,80.344,76.33,4.893999999999996,4.893999999999996
2023,Spa,VER,MEDIUM,18,1,17,80.258,76.33,4.862999999999998,4.862999999999998
2023,Spa,VER,MEDIUM,19,1,18,80.068,76.33,4.728,4.728
2023,Spa,VER,MEDIUM,20,1,19,79.988,76.33,4.703000000000001,4.703000000000001
2023,Spa,VER,MEDIUM,21,1,20,80.087,76.33,4.857000000000005,4.857000000000005
2023,Spa,VER,MEDIUM,22,1,21,79.869,76.33,4.694000000000002,4.694000000000002
2023,Spa,VER,MEDIUM,23,1,22,80.098,76.33,4.978000000000001,4.978000000000001
2023,Spa,VER,MEDIUM,24,1,23,79.946,76.33,4.880999999999999,4.880999999999999
2023,Spa,VER,MEDIUM,25,1,24,79.973,76.33,4.963000000000001,4.963000000000001
2023,Spa,VER,HARD,2,2,1,78.707,76.33,2.4319999999999955,2.4319999999999955
2023,Spa,VER,HARD,3,2,2,78.86,76.33,2.640000000000001,2.640000000000001
2023,Spa,VER,HARD,4,2,3,78.976,76.33,2.811000000000001,2.811000000000001
2023,Spa,VER,HARD,5,2,4,79.165,76.33,3.055000000000008,3.055000000000008
2023,Spa,VER,HARD,6,2,5,78.878,76.33,2.8230000000000017,2.8230000000000017
2023,Spa,VER,HARD,7,2,6,79.189,76.33,3.1889999999999947,3.1889999999999947
2023,Spa,VER,HARD,8,2,7,78.806,76.33,2.860999999999999,2.860999999999999
2023,Spa,VER,HARD,9,2,8,78.89,76.33,3.000000000000002,3.000000000000002
2023,Spa,VER,HARD,10,2,9,78.789,76.33,2.9540000000000033,2.9540000000000033
2023,Spa,VER,HARD,11,2,10,79.026,76.33,3.2459999999999978,3.2459999999999978
2023,Spa,VER,HARD,12,2,11,79.417,76.33,3.6920000000000033,3.6920000000000033
2023,Spa,VER,HARD,13,2,12,79.322,76.33,3.6520000000000046,3.6520000000000046
2023,Spa,VER,HARD,14,2,13,79.388,76.33,3.773000000000007,3.773000000000007
2023,Spa,VER,HARD,15,2,14,79.53,76.33,3.970000000000003,3.970000000000003
2023,Spa,VER,HARD,16,2,15,79.092,76.33,3.5870000000000006,3.5870000000000006
2023,Spa,VER,HARD,17,2,16,78.912,76.33,3.4620000000000077,3.4620000000000077
2023,Spa,VER,HARD,18,2,17,78.97,76.33,3.5750000000000006,3.5750000000000006
2023,Spa,VER,HARD,19,2,18,79.104,76.33,3.764000000000001,3.764000000000001
2023,Spa,VER,HARD,20,2,19,78.84,76.33,3.555000000000005,3.555000000000005
2023,Spa,VER,HARD,21,2,20,79.109,76.33,3.8789999999999965,3.8789999999999965
2023,Spa,VER,HARD,22,2,21,78.953,76.33,3.778000000000005,3.778000000000005
2023,Spa,VER,HARD,23,2,22,79.093,76.33,3.973000000000005,3.973000000000005
2023,Spa,VER,HARD,24,2,23,79.221,76.33,4.156000000000005,4.156000000000005
2023,Spa,VER,HARD,25,2,24,78.768,76.33,3.7580000000000027,3.7580000000000027
2023,Spa,VER,SOFT,4,3,1,77.473,76.33,1.1980000000000006,1.1980000000000006
2023,Spa,VER,SOFT,5,3,2,77.766,76.33,1.5460000000000071,1.5460000000000071
2023,Spa,VER,SOFT,6,3,3,77.183,76.33,1.0180000000000087,1.0180000000000087
2023,Spa,VER,SOFT,7,3,4,77.306,76.33,1.195999999999999,1.195999999999999
2023,Spa,VER,SOFT,8,3,5,77.502,76.33,1.446999999999997,1.446999999999997
2023,Spa,VER,SOFT,9,3,6,77.761,76.33,1.7609999999999975,1.7609999999999975
2023,Spa,VER,SOFT,10,3,7,78.205,76.33,2.26,2.26
2023,Spa,VER,SOFT,11,3,8,76.33,76.33,0.44,0.44
2023,Spa,VER,SOFT,12,3,9,78.014,76.33,2.1789999999999976,2.1789999999999976
2023,Spa,VER,SOFT,13,3,10,77.697,76.33,1.9170000000000045,1.9170000000000045
2023,Spa,VER,SOFT,14,3,11,78.559,76.33,2.833999999999999,2.833999999999999
2023,Spa,VER,SOFT,15,3,12,77.611,76.33,1.941000000000006,1.941000000000006
2023,Spa,VER,SOFT,16,3,13,77.708,76.33,2.093,2.093
2023,Spa,HAM,SOFT,5,1,1,81.678,76.676,5.056999999999995,5.056999999999995
2023,Spa,HAM,SOFT,6,1,2,80.839,76.676,4.272999999999997,4.272999999999997
2023,Spa,HAM,SOFT,7,1,3,80.962,76.676,4.451000000000001,4.451000000000001
2023,Spa,HAM,SOFT,8,1,4,80.755,76.676,4.298999999999993,4.298999999999993
2023,Spa,HAM,SOFT,9,1,5,80.705,76.676,4.303999999999997,4.303999999999997
2023,Spa,HAM,SOFT,10,1,6,80.488,76.676,4.141999999999998,4.141999999999998
2023,Spa,HAM,SOFT,11,1,7,80.478,76.676,4.186999999999992,4.186999999999992
2023,Spa,HAM,SOFT,12,1,8,80.812,76.676,4.575999999999996,4.575999999999996
2023,Spa,HAM,SOFT,13,1,9,80.71,76.676,4.528999999999992,4.528999999999992
2023,Spa,HAM,SOFT,14,1,10,80.646,76.676,4.519999999999999,4.519999999999999
2023,Spa,HAM,SOFT,15,1,11,80.504,76.676,4.433000000000003,4.433000000000003
2023,Spa,HAM,SOFT,16,1,12,80.552,76.676,4.536000000000005,4.536000000000005
2023,Spa,HAM,SOFT,17,1,13,80.785,76.676,4.8239999999999945,4.8239999999999945
2023,Spa,HAM,SOFT,18,1,14,80.865,76.676,4.9589999999999925,4.9589999999999925
2023,Spa,HAM,SOFT,19,1,15,79.733,76.676,3.8820000000000023,3.8820000000000023
2023,Spa,HAM,SOFT,20,1,16,80.253,76.676,4.456999999999998,4.456999999999998
2023,Spa,HAM,SOFT,21,1,17,80.172,76.676,4.430999999999996,4.430999999999996
2023,Spa,HAM,SOFT,22,1,18,80.324,76.676,4.637999999999996,4.637999999999996
2023,Spa,HAM,SOFT,23,1,19,80.527,76.676,4.895999999999999,4.895999999999999
2023,Spa,HAM,SOFT,24,1,20,80.681,76.676,5.104999999999995,5.104999999999995
2023,Spa,HAM,SOFT,25,1,21,80.562,76.676,5.040999999999996,5.040999999999996
2023,Spa,HAM,SOFT,26,1,22,80.786,76.676,5.319999999999999,5.319999999999999
2023,Spa,HAM,MEDIUM,2,2,1,79.629,76.676,3.008000000000003,3.008000000000003
2023,Spa,HAM,MEDIUM,3,2,2,79.186,76.676,2.620000000000005,2.620000000000005
2023,Spa,HAM,MEDIUM,4,2,3,79.161,76.676,2.6499999999999995,2.6499999999999995
2023,Spa,HAM,MEDIUM,5,2,4,79.8,76.676,3.3439999999999954,3.3439999999999954
2023,Spa,HAM,MEDIUM,6,2,5,79.292,76.676,2.8909999999999996,2.8909999999999996
2023,Spa,HAM,MEDIUM,7,2,6,79.483,76.676,3.1370000000000022,3.1370000000000022
2023,Spa,HAM,MEDIUM,8,2,7,79.215,76.676,2.9240000000000013,2.9240000000000013
2023,Spa,HAM,MEDIUM,9,2,8,79.199,76.676,2.962999999999996,2.962999999999996
2023,Spa,HAM,MEDIUM,10,2,9,79.028,76.676,2.847000000000004,2.847000000000004
2023,Spa,HAM,MEDIUM,11,2,10,78.927,76.676,2.8010000000000046,2.8010000000000046
2023,Spa,HAM,MEDIUM,12,2,11,79.127,76.676,3.0559999999999934,3.0559999999999934
2023,Spa,HAM,MEDIUM,13,2,12,79.835,76.676,3.818999999999992,3.818999999999992
2023,Spa,HAM,MEDIUM,14,2,13,79.732,76.676,3.7709999999999972,3.7709999999999972
2023,Spa,HAM,MEDIUM,15,2,14,79.594,76.676,3.687999999999992,3.687999999999992
2023,Spa,HAM,MEDIUM,16,2,15,79.468,76.676,3.6170000000000018,3.6170000000000018
2023,Spa,HAM,MEDIUM,17,2,16,79.523,76.676,3.726999999999994,3.726999999999994
2023,Spa,HAM,MEDIUM,18,2,17,79.187,76.676,3.4459999999999957,3.4459999999999957
2023,Spa,HAM,MEDIUM,19,2,18,79.078,76.676,3.3920000000000012,3.3920000000000012
2023,Spa,HAM,MEDIUM,20,2,19,79.121,76.676,3.489999999999993,3.489999999999993
2023,Spa,HAM,MEDIUM,21,2,20,79.201,76.676,3.6249999999999916,3.6249999999999916
2023,Spa,HAM,MEDIUM,22,2,21,78.965,76.676,3.4440000000000017,3.4440000000000017
2023,Spa,HAM,MEDIUM,23,2,22,78.933,76.676,3.467000000000005,3.467000000000005
2023,Spa,HAM,MEDIUM,24,2,23,79.183,76.676,3.7720000000000047,3.7720000000000047
2023,Spa,HAM,MEDIUM,25,2,24,78.968,76.676,3.612000000000002,3.612000000000002
2023,Spa,HAM,SOFT,5,3,1,78.621,76.676,1.9999999999999931,1.9999999999999931
2023,Spa,HAM,SOFT,6,3,2,78.564,76.676,1.9979999999999911,1.9979999999999911
2023,Spa,HAM,SOFT,7,3,3,77.529,76.676,1.0179999999999945,1.0179999999999945
2023,Spa,HAM,SOFT,8,3,4,77.575,76.676,1.1190000000000009,1.1190000000000009
2023,Spa,HAM,SOFT,9,3,5,77.874,76.676,1.4729999999999932,1.4729999999999932
2023,Spa,HAM,SOFT,10,3,6,77.725,76.676,1.3789999999999925,1.3789999999999925
2023,Spa,HAM,SOFT,11,3,7,77.848,76.676,1.556999999999997,1.556999999999997
2023,Spa,HAM,SOFT,12,3,8,78.138,76.676,1.9020000000000032,1.9020000000000032
2023,Spa,HAM,SOFT,13,3,9,78.475,76.676,2.2939999999999925,2.2939999999999925
2023,Spa,HAM,SOFT,14,3,10,77.627,76.676,1.5009999999999935,1.5009999999999935
2023,Spa,HAM,SOFT,15,3,11,76.676,76.676,0.605,0.605
2023,Spa,HAM,SOFT,16,3,12,78.967,76.676,2.950999999999997,2.950999999999997
2023,Spa,HAM,SOFT,17,3,13,78.579,76.676,2.6179999999999914,2.6179999999999914
2023,Spa,HAM,SOFT,18,3,14,80.31,76.676,4.404,4.404
2023,Spa,HAM,SOFT,19,3,15,79.12,76.676,3.269000000000003,3.269000000000003
2023,Spa,RUS,SOFT,2,1,1,81.934,77.875,4.113999999999997,4.113999999999997
2023,Spa,RUS,SOFT,3,1,2,81.637,77.875,3.8720000000000003,3.8720000000000003
2023,Spa,RUS,SOFT,4,1,3,81.087,77.875,3.3770000000000033,3.3770000000000033
2023,Spa,RUS,SOFT,5,1,4,80.975,77.875,3.3199999999999945,3.3199999999999945
2023,Spa,RUS,SOFT,6,1,5,81.33,77.875,3.729999999999998,3.729999999999998
2023,Spa,RUS,SOFT,7,1,6,80.516,77.875,2.9710000000000054,2.9710000000000054
2023,Spa,RUS,SOFT,8,1,7,81.159,77.875,3.669000000000006,3.669000000000006
2023,Spa,RUS,SOFT,9,1,8,81.032,77.875,3.5969999999999964,3.5969999999999964
2023,Spa,RUS,SOFT,10,1,9,81.255,77.875,3.8749999999999956,3.8749999999999956
2023,Spa,RUS,SOFT,11,1,10,80.747,77.875,3.4219999999999997,3.4219999999999997
2023,Spa,RUS,SOFT,12,1,11,81.264,77.875,3.9939999999999958,3.9939999999999958
2023,Spa,RUS,SOFT,13,1,12,80.872,77.875,3.657,3.657
2023,Spa,RUS,SOFT,14,1,13,80.855,77.875,3.695000000000004,3.695000000000004
2023,Spa,RUS,SOFT,15,1,14,80.677,77.875,3.5720000000000067,3.5720000000000067
2023,Spa,RUS,SOFT,16,1,15,80.646,77.875,3.596000000000001,3.596000000000001
2023,Spa,RUS,SOFT,17,1,16,80.503,77.875,3.508,3.508
2023,Spa,RUS,SOFT,18,1,17,80.521,77.875,3.581000000000001,3.581000000000001
2023,Spa,RUS,SOFT,19,1,18,80.742,77.875,3.8570000000000046,3.8570000000000046
2023,Spa,RUS,SOFT,20,1,19,80.523,77.875,3.692999999999996,3.692999999999996
2023,Spa,RUS,SOFT,21,1,20,80.757,77.875,3.982000000000005,3.982000000000005
2023,Spa,RUS,SOFT,22,1,21,80.724,77.875,4.004000000000004,4.004000000000004
2023,Spa,RUS,SOFT,23,1,22,80.794,77.875,4.128999999999997,4.128999999999997
2023,Spa,RUS,SOFT,24,1,23,81.05,77.875,4.439999999999997,4.439999999999997
2023,Spa,RUS,MEDIUM,2,2,1,78.878,77.875,1.058,1.058
2023,Spa,RUS,MEDIUM,3,2,2,78.264,77.875,0.4989999999999958,0.4989999999999958
2023,Spa,RUS,MEDIUM,4,2,3,79.199,77.875,1.488999999999998,1.488999999999998
2023,Spa,RUS,MEDIUM,5,2,4,79.362,77.875,1.7069999999999947,1.7069999999999947
2023,Spa,RUS,MEDIUM,6,2,5,79.186,77.875,1.586000000000007,1.586000000000007
2023,Spa,RUS,MEDIUM,7,2,6,79.302,77.875,1.7570000000000068,1.7570000000000068
2023,Spa,RUS,MEDIUM,8,2,7,79.568,77.875,2.0779999999999976,2.0779999999999976
2023,Spa,RUS,MEDIUM,9,2,8,79.489,77.875,2.0540000000000043,2.0540000000000043
2023,Spa,RUS,MEDIUM,10,2,9,79.698,77.875,2.3179999999999934,2.3179999999999934
2023,Spa,RUS,MEDIUM,11,2,10,79.835,77.875,2.5099999999999936,2.5099999999999936
2023,Spa,RUS,MEDIUM,12,2,11,79.68,77.875,2.410000000000007,2.410000000000007
2023,Spa,RUS,MEDIUM,13,2,12,79.804,77.875,2.589000000000002,2.589000000000002
2023,Spa,RUS,MEDIUM,14,2,13,79.73,77.875,2.570000000000004,2.570000000000004
2023,Spa,RUS,MEDIUM,15,2,14,79.611,77.875,2.5060000000000042,2.5060000000000042
2023,Spa,RUS,MEDIUM,16,2,15,79.471,77.875,2.421000000000004,2.421000000000004
2023,Spa,RUS,MEDIUM,17,2,16,79.281,77.875,2.286000000000006,2.286000000000006
2023,Spa,RUS,MEDIUM,18,2,17,79.198,77.875,2.2579999999999933,2.2579999999999933
2023,Spa,RUS,MEDIUM,19,2,18,79.296,77.875,2.4110000000000067,2.4110000000000067
2023,Spa,RUS,SOFT,5,3,1,78.057,77.875,0.23700000000000215,0.23700000000000215
2023,Spa,RUS,SOFT,6,3,2,77.875,77.875,0.11,0.11
2023,Spa,RUS,SOFT,7,3,3,78.383,77.875,0.6729999999999956,0.6729999999999956
2023,Spa,RUS,SOFT,8,3,4,78.488,77.875,0.8329999999999995,0.8329999999999995
2023,Spa,RUS,SOFT,9,3,5,78.611,77.875,1.0110000000000041,1.0110000000000041
2023,Spa,RUS,SOFT,10,3,6,78.335,77.875,0.7899999999999938,0.7899999999999938
2023,Spa,RUS,SOFT,11,3,7,78.504,77.875,1.014000000000005,1.014000000000005
2023,Spa,RUS,SOFT,12,3,8,78.362,77.875,0.9269999999999947,0.9269999999999947
2023,Spa,RUS,SOFT,13,3,9,78.133,77.875,0.7529999999999956,0.7529999999999956
2023,Spa,RUS,SOFT,14,3,10,78.448,77.875,1.1229999999999933,1.1229999999999933
2023,Spa,RUS,SOFT,15,3,11,78.29,77.875,1.0200000000000062,1.0200000000000062
2023,Spa,RUS,SOFT,16,3,12,78.357,77.875,1.1419999999999995,1.1419999999999995
2023,Spa,RUS,SOFT,17,3,13,78.129,77.875,0.9690000000000049,0.9690000000000049
2023,Spa,RUS,SOFT,18,3,14,78.067,77.875,0.9619999999999931,0.9619999999999931
2023,Spa,RUS,SOFT,19,3,15,78.201,77.875,1.1509999999999934,1.1509999999999934
2023,Spa,RUS,SOFT,20,3,16,78.152,77.875,1.157000000000001,1.157000000000001
2023,Spa,RUS,SOFT,21,3,17,78.631,77.875,1.6910000000000003,1.6910000000000003
2023,Spa,RUS,SOFT,22,3,18,78.917,77.875,2.032000000000002,2.032000000000002
2023,Spa,RUS,SOFT,23,3,19,79.163,77.875,2.3329999999999966,2.3329999999999966
2023,Spa,RUS,SOFT,24,3,20,79.045,77.875,2.270000000000002,2.270000000000002
2023,Spa,PER,MEDIUM,2,1,1,81.724,76.666,5.113000000000007,5.113000000000007
2023,Spa,PER,MEDIUM,3,1,2,81.953,76.666,5.3970000000000065,5.3970000000000065
2023,Spa,PER,MEDIUM,4,1,3,80.936,76.666,4.43500000000001,4.43500000000001
2023,Spa,PER,MEDIUM,5,1,4,81.824,76.666,5.378000000000001,5.378000000000001
2023,Spa,PER,MEDIUM,6,1,5,80.908,76.666,4.517000000000005,4.517000000000005
2023,Spa,PER,MEDIUM,7,1,6,81.245,76.666,4.909000000000008,4.909000000000008
2023,Spa,PER,MEDIUM,8,1,7,81.102,76.666,4.821000000000007,4.821000000000007
2023,Spa,PER,MEDIUM,9,1,8,81.01,76.666,4.784000000000009,4.784000000000009
2023,Spa,PER,MEDIUM,10,1,9,81.266,76.666,5.095000000000009,5.095000000000009
2023,Spa,PER,MEDIUM,11,1,10,81.616,76.666,5.500000000000003,5.500000000000003
2023,Spa,PER,MEDIUM,12,1,11,81.597,76.666,5.535999999999998,5.535999999999998
2023,Spa,PER,MEDIUM,13,1,12,81.592,76.666,5.586000000000002,5.586000000000002
2023,Spa,PER,MEDIUM,14,1,13,81.329,76.666,5.377999999999997,5.377999999999997
2023,Spa,PER,MEDIUM,15,1,14,81.327,76.666,5.431000000000001,5.431000000000001
2023,Spa,PER,MEDIUM,16,1,15,81.033,76.666,5.192000000000005,5.192000000000005
2023,Spa,PER,MEDIUM,17,1,16,81.115,76.666,5.328999999999998,5.328999999999998
2023,Spa,PER,MEDIUM,18,1,17,80.824,76.666,5.093000000000002,5.093000000000002
2023,Spa,PER,MEDIUM,19,1,18,81.128,76.666,5.4520000000000035,5.4520000000000035
2023,Spa,PER,MEDIUM,20,1,19,80.547,76.666,4.926,4.926
2023,Spa,PER,MEDIUM,21,1,20,80.256,76.666,4.690000000000003,4.690000000000003
2023,Spa,PER,MEDIUM,22,1,21,80.315,76.666,4.804000000000001,4.804000000000001
2023,Spa,PER,MEDIUM,23,1,22,80.69,76.666,5.234000000000001,5.234000000000001
2023,Spa,PER,MEDIUM,24,1,23,80.828,76.666,5.427000000000006,5.427000000000006
2023,Spa,PER,MEDIUM,25,1,24,81.062,76.666,5.716000000000001,5.716000000000001
2023,Spa,PER,MEDIUM,26,1,25,81.244,76.666,5.953000000000003,5.953000000000003
2023,Spa,PER,HARD,2,2,1,78.645,76.666,2.0339999999999994,2.0339999999999994
2023,Spa,PER,HARD,3,2,2,80.419,76.666,3.863,3.863
2023,Spa,PER,HARD,4,2,3,78.786,76.666,2.2850000000000046,2.2850000000000046
2023,Spa,PER,HARD,5,2,4,79.53,76.666,3.0840000000000045,3.0840000000000045
2023,Spa,PER,HARD,6,2,5,79.337,76.666,2.9460000000000064,2.9460000000000064
2023,Spa,PER,HARD,7,2,6,78.817,76.666,2.4809999999999963,2.4809999999999963
2023,Spa,PER,HARD,8,2,7,78.784,76.666,2.503000000000009,2.503000000000009
2023,Spa,PER,HARD,9,2,8,79.553,76.666,3.3270000000000004,3.3270000000000004
2023,Spa,PER,HARD,10,2,9,79.296,76.666,3.1250000000000098,3.1250000000000098
2023,Spa,PER,HARD,11,2,10,79.247,76.666,3.131000000000003,3.131000000000003
2023,Spa,PER,HARD,12,2,11,79.31,76.666,3.2490000000000054,3.2490000000000054
2023,Spa,PER,HARD,13,2,12,79.191,76.666,3.185000000000006,3.185000000000006
2023,Spa,PER,HARD,14,2,13,79.201,76.666,3.2499999999999964,3.2499999999999964
2023,Spa,PER,HARD,15,2,14,78.907,76.666,3.0109999999999997,3.0109999999999997
2023,Spa,PER,HARD,16,2,15,79.068,76.666,3.227000000000001,3.227000000000001
2023,Spa,PER,HARD,17,2,16,79.504,76.666,3.718000000000008,3.718000000000008
2023,Spa,PER,HARD,18,2,17,79.6,76.666,3.8689999999999976,3.8689999999999976
2023,Spa,PER,HARD,19,2,18,79.367,76.666,3.691000000000008,3.691000000000008
2023,Spa,PER,HARD,20,2,19,78.907,76.666,3.2859999999999996,3.2859999999999996
2023,Spa,PER,HARD,21,2,20,79.179,76.666,3.6130000000000053,3.6130000000000053
2023,Spa,PER,HARD,22,2,21,79.4,76.666,3.889000000000009,3.889000000000009
2023,Spa,PER,SOFT,2,3,1,76.666,76.666,0.055,0.055
2023,Spa,PER,SOFT,3,3,2,77.122,76.666,0.5660000000000031,0.5660000000000031
2023,Spa,PER,SOFT,4,3,3,77.543,76.666,1.0420000000000096,1.0420000000000096
2023,Spa,PER,SOFT,5,3,4,77.776,76.666,1.3299999999999994,1.3299999999999994
2023,Spa,PER,SOFT,6,3,5,77.484,76.666,1.0929999999999978,1.0929999999999978
2023,Spa,PER,SOFT,7,3,6,77.44,76.666,1.104000000000001,1.104000000000001
2023,Spa,PER,SOFT,8,3,7,77.931,76.666,1.6500000000000006,1.6500000000000006
2023,Spa,PER,SOFT,9,3,8,78.623,76.666,2.397000000000008,2.397000000000008
2023,Spa,PER,SOFT,10,3,9,78.415,76.666,2.2440000000000095,2.2440000000000095
2023,Spa,PER,SOFT,11,3,10,77.789,76.666,1.6730000000000047,1.6730000000000047
2023,Spa,PER,SOFT,12,3,11,77.793,76.666,1.7320000000000095,1.7320000000000095
2023,Spa,PER,SOFT,13,3,12,77.828,76.666,1.8220000000000063,1.8220000000000063
2023,Spa,PER,SOFT,14,3,13,77.91,76.666,1.9589999999999996,1.9589999999999996
2023,Spa,PER,SOFT,15,3,14,78.476,76.666,2.5800000000000023,2.5800000000000023
2023,Spa,PER,SOFT,16,3,15,80.063,76.666,4.222000000000006,4.222000000000006
2023,Spa,SAI,SOFT,5,1,1,80.852,78.403,2.5039999999999982,2.5039999999999982
2023,Spa,SAI,SOFT,6,1,2,80.571,78.403,2.277999999999992,2.277999999999992
2023,Spa,SAI,SOFT,7,1,3,80.815,78.403,2.576999999999992,2.576999999999992
2023,Spa,SAI,SOFT,8,1,4,80.935,78.403,2.7519999999999967,2.7519999999999967
2023,Spa,SAI,SOFT,9,1,5,80.784,78.403,2.656,2.656
2023,Spa,SAI,SOFT,10,1,6,80.644,78.403,2.5709999999999997,2.5709999999999997
2023,Spa,SAI,SOFT,11,1,7,80.83,78.403,2.8119999999999923,2.8119999999999923
2023,Spa,SAI,SOFT,12,1,8,80.734,78.403,2.770999999999989,2.770999999999989
2023,Spa,SAI,SOFT,13,1,9,80.933,78.403,3.0250000000000012,3.0250000000000012
2023,Spa,SAI,SOFT,14,1,10,80.73,78.403,2.876999999999998,2.876999999999998
2023,Spa,SAI,SOFT,15,1,11,80.851,78.403,3.0529999999999933,3.0529999999999933
2023,Spa,SAI,SOFT,16,1,12,80.715,78.403,2.9719999999999978,2.9719999999999978
2023,Spa,SAI,SOFT,17,1,13,81.054,78.403,3.365999999999996,3.365999999999996
2023,Spa,SAI,MEDIUM,2,2,1,80.165,78.403,1.8170000000000004,1.8170000000000004
2023,Spa,SAI,MEDIUM,3,2,2,79.981,78.403,1.6879999999999888,1.6879999999999888
2023,Spa,SAI,MEDIUM,4,2,3,79.832,78.403,1.5939999999999879,1.5939999999999879
2023,Spa,SAI,MEDIUM,5,2,4,80.249,78.403,2.0659999999999896,2.0659999999999896
2023,Spa,SAI,MEDIUM,6,2,5,80.164,78.403,2.0359999999999956,2.0359999999999956
2023,Spa,SAI,MEDIUM,7,2,6,80.272,78.403,2.199,2.199
2023,Spa,SAI,MEDIUM,8,2,7,80.479,78.403,2.460999999999993,2.460999999999993
2023,Spa,SAI,MEDIUM,9,2,8,80.477,78.403,2.513999999999998,2.513999999999998
2023,Spa,SAI,MEDIUM,10,2,9,80.693,78.403,2.784999999999992,2.784999999999992
2023,Spa,SAI,MEDIUM,11,2,10,80.315,78.403,2.4619999999999918,2.4619999999999918
2023,Spa,SAI,MEDIUM,12,2,11,80.333,78.403,2.5349999999999926,2.5349999999999926
2023,Spa,SAI,MEDIUM,13,2,12,81.45,78.403,3.706999999999997,3.706999999999997
2023,Spa,SAI,MEDIUM,14,2,13,80.687,78.403,2.9989999999999917,2.9989999999999917
2023,Spa,SAI,MEDIUM,15,2,14,80.257,78.403,2.623999999999999,2.623999999999999
2023,Spa,SAI,MEDIUM,16,2,15,80.257,78.403,2.6789999999999994,2.6789999999999994
2023,Spa,SAI,MEDIUM,17,2,16,80.09,78.403,2.5669999999999975,2.5669999999999975
2023,Spa,SAI,MEDIUM,18,2,17,80.316,78.403,2.8479999999999968,2.8479999999999968
2023,Spa,SAI,MEDIUM,19,2,18,80.343,78.403,2.929999999999998,2.929999999999998
2023,Spa,SAI,MEDIUM,20,2,19,82.307,78.403,4.948999999999996,4.948999999999996
2023,Spa,SAI,MEDIUM,21,2,20,80.712,78.403,3.4089999999999976,3.4089999999999976
2023,Spa,SAI,MEDIUM,22,2,21,80.133,78.403,2.88499999999999,2.88499999999999
2023,Spa,SAI,MEDIUM,23,2,22,80.39,78.403,3.1969999999999947,3.1969999999999947
2023,Spa,SAI,MEDIUM,24,2,23,80.151,78.403,3.01299999999999,3.01299999999999
2023,Spa,SAI,MEDIUM,25,2,24,80.053,78.403,2.9699999999999918,2.9699999999999918
2023,Spa,SAI,HARD,2,3,1,79.331,78.403,0.9829999999999973,0.9829999999999973
2023,Spa,SAI,HARD,3,3,2,79.241,78.403,0.9479999999999938,0.9479999999999938
2023,Spa,SAI,HARD,4,3,3,79.325,78.403,1.086999999999997,1.086999999999997
2023,Spa,SAI,HARD,5,3,4,78.698,78.403,0.5149999999999875,0.5149999999999875
2023,Spa,SAI,HARD,6,3,5,78.562,78.403,0.43399999999999184,0.43399999999999184
2023,Spa,SAI,HARD,7,3,6,78.521,78.403,0.447999999999995,0.447999999999995
2023,Spa,SAI,HARD,8,3,7,78.635,78.403,0.6169999999999993,0.6169999999999993
2023,Spa,SAI,HARD,9,3,8,78.518,78.403,0.5549999999999948,0.5549999999999948
2023,Spa,SAI,HARD,10,3,9,78.562,78.403,0.6539999999999918,0.6539999999999918
2023,Spa,SAI,HARD,11,3,10,78.595,78.403,0.7419999999999931,0.7419999999999931
2023,Spa,SAI,HARD,12,3,11,79.738,78.403,1.9399999999999937,1.9399999999999937
2023,Spa,SAI,HARD,13,3,12,78.886,78.403,1.14299999999999,1.14299999999999
2023,Spa,SAI,HARD,14,3,13,78.513,78.403,0.8249999999999994,0.8249999999999994
2023,Spa,SAI,HARD,15,3,14,78.559,78.403,0.9259999999999917,0.9259999999999917
2023,Spa,SAI,HARD,16,3,15,78.725,78.403,1.1469999999999885,1.1469999999999885
2023,Spa,SAI,HARD,17,3,16,78.623,78.403,1.0999999999999988,1.0999999999999988
2023,Spa,SAI,HARD,18,3,17,78.799,78.403,1.3310000000000008,1.3310000000000008
2023,Spa,SAI,HARD,19,3,18,78.403,78.403,0.99,0.99
2023,Spa,SAI,HARD,20,3,19,78.714,78.403,1.3559999999999928,1.3559999999999928
2023,Spa,SAI,HARD,21,3,20,78.712,78.403,1.4089999999999976,1.4089999999999976
2023,Spa,SAI,HARD,22,3,21,78.999,78.403,1.7509999999999895,1.7509999999999895
2023,Spa,SAI,HARD,23,3,22,78.687,78.403,1.4939999999999918,1.4939999999999918
2023,Spa,SAI,HARD,24,3,23,78.785,78.403,1.6469999999999907,1.6469999999999907
2023,Spa,SAI,HARD,25,3,24,78.447,78.403,1.363999999999997,1.363999999999997
2023,Spa,STR,SOFT,5,1,1,80.967,78.722,2.3000000000000047,2.3000000000000047
2023,Spa,STR,SOFT,6,1,2,80.868,78.722,2.2560000000000007,2.2560000000000007
2023,Spa,STR,SOFT,7,1,3,80.996,78.722,2.439000000000001,2.439000000000001
2023,Spa,STR,SOFT,8,1,4,80.854,78.722,2.352000000000005,2.352000000000005
2023,Spa,STR,SOFT,9,1,5,81.033,78.722,2.586000000000007,2.586000000000007
2023,Spa,STR,SOFT,10,1,6,80.883,78.722,2.4910000000000014,2.4910000000000014
2023,Spa,STR,SOFT,11,1,7,82.382,78.722,4.045000000000011,4.045000000000011
2023,Spa,STR,SOFT,12,1,8,81.36,78.722,3.078000000000005,3.078000000000005
2023,Spa,STR,SOFT,13,1,9,81.263,78.722,3.036000000000011,3.036000000000011
2023,Spa,STR,SOFT,14,1,10,81.371,78.722,3.1990000000000007,3.1990000000000007
2023,Spa,STR,SOFT,15,1,11,81.31,78.722,3.193000000000008,3.193000000000008
2023,Spa,STR,SOFT,16,1,12,81.364,78.722,3.3020000000000103,3.3020000000000103
2023,Spa,STR,SOFT,5,2,1,80.907,78.722,2.2400000000000024,2.2400000000000024
2023,Spa,STR,SOFT,6,2,2,80.283,78.722,1.6710000000000071,1.6710000000000071
2023,Spa,STR,SOFT,7,2,3,80.392,78.722,1.8350000000000017,1.8350000000000017
2023,Spa,STR,SOFT,8,2,4,80.33,78.722,1.828000000000004,1.828000000000004
2023,Spa,STR,SOFT,9,2,5,80.496,78.722,2.049000000000001,2.049000000000001
2023,Spa,STR,SOFT,10,2,6,80.457,78.722,2.0649999999999995,2.0649999999999995
2023,Spa,STR,SOFT,11,2,7,80.506,78.722,2.169000000000006,2.169000000000006
2023,Spa,STR,SOFT,12,2,8,80.397,78.722,2.1150000000000113,2.1150000000000113
2023,Spa,STR,SOFT,13,2,9,80.44,78.722,2.2130000000000036,2.2130000000000036
2023,Spa,STR,SOFT,14,2,10,80.731,78.722,2.559,2.559
2023,Spa,STR,SOFT,15,2,11,80.533,78.722,2.416000000000007,2.416000000000007
2023,Spa,STR,SOFT,16,2,12,80.455,78.722,2.3930000000000042,2.3930000000000042
2023,Spa,STR,SOFT,17,2,13,81.2,78.722,3.1930000000000085,3.1930000000000085
2023,Spa,STR,SOFT,18,2,14,80.575,78.722,2.6230000000000087,2.6230000000000087
2023,Spa,STR,SOFT,19,2,15,80.742,78.722,2.8450000000000104,2.8450000000000104
2023,Spa,STR,SOFT,20,2,16,80.558,78.722,2.7160000000000126,2.7160000000000126
2023,Spa,STR,SOFT,21,2,17,80.514,78.722,2.7270000000000016,2.7270000000000016
2023,Spa,STR,SOFT,22,2,18,80.857,78.722,3.1250000000000053,3.1250000000000053
2023,Spa,STR,HARD,2,3,1,79.746,78.722,1.0790000000000008,1.0790000000000008
2023,Spa,STR,HARD,3,3,2,79.948,78.722,1.3359999999999992,1.3359999999999992
2023,Spa,STR,HARD,4,3,3,80.024,78.722,1.4670000000000067,1.4670000000000067
2023,Spa,STR,HARD,5,3,4,79.067,78.722,0.5649999999999988,0.5649999999999988
2023,Spa,STR,HARD,6,3,5,79.53,78.722,1.0830000000000068,1.0830000000000068
2023,Spa,STR,HARD,7,3,6,79.819,78.722,1.4270000000000085,1.4270000000000085
2023,Spa,STR,HARD,8,3,7,79.542,78.722,1.2050000000000074,1.2050000000000074
2023,Spa,STR,HARD,9,3,8,79.508,78.722,1.2260000000000013,1.2260000000000013
2023,Spa,STR,HARD,10,3,9,80.121,78.722,1.894000000000001,1.894000000000001
2023,Spa,STR,HARD,11,3,10,79.671,78.722,1.4990000000000123,1.4990000000000123
2023,Spa,STR,HARD,12,3,11,79.593,78.722,1.4760000000000093,1.4760000000000093
2023,Spa,STR,HARD,13,3,12,79.477,78.722,1.4150000000000098,1.4150000000000098
2023,Spa,STR,HARD,14,3,13,79.129,78.722,1.1220000000000105,1.1220000000000105
2023,Spa,STR,HARD,15,3,14,79.413,78.722,1.4610000000000025,1.4610000000000025
2023,Spa,STR,HARD,16,3,15,79.283,78.722,1.386000000000007,1.386000000000007
2023,Spa,STR,HARD,17,3,16,79.164,78.722,1.3220000000000072,1.3220000000000072
2023,Spa,STR,HARD,18,3,17,79.018,78.722,1.2310000000000065,1.2310000000000065
2023,Spa,STR,HARD,19,3,18,78.998,78.722,1.2660000000000105,1.2660000000000105
2023,Spa,STR,HARD,20,3,19,79.068,78.722,1.3910000000000036,1.3910000000000036
2023,Spa,STR,HARD,21,3,20,78.933,78.722,1.3110000000000128,1.3110000000000128
2023,Spa,STR,HARD,22,3,21,78.722,78.722,1.155,1.155
2023,Spa,STR,HARD,23,3,22,79.041,78.722,1.5290000000000026,1.5290000000000026
2023,Spa,STR,HARD,24,3,23,79.251,78.722,1.7940000000000105,1.7940000000000105
2023,Spa,STR,HARD,25,3,24,79.193,78.722,1.7910000000000037,1.7910000000000037
2023,Spa,STR,HARD,26,3,25,78.967,78.722,1.6200000000000045,1.6200000000000045
2023,Spa,STR,HARD,27,3,26,78.988,78.722,1.6960000000000053,1.6960000000000053
2023,Spa,STR,HARD,28,3,27,79.081,78.722,1.844000000000009,1.844000000000009
2023,Spa,STR,HARD,29,3,28,79.084,78.722,1.902000000000009,1.902000000000009
2023,Spa,STR,HARD,30,3,29,79.413,78.722,2.2860000000000023,2.2860000000000023
2023,Spa,STR,HARD,31,3,30,79.195,78.722,2.122999999999999,2.122999999999999
2023,Spa,STR,HARD,32,3,31,79.766,78.722,2.749000000000011,2.749000000000011
2023,Spa,ALO,SOFT,5,1,1,81.792,78.083,3.7640000000000033,3.7640000000000033
2023,Spa,ALO,SOFT,6,1,2,81.574,78.083,3.6009999999999995,3.6009999999999995
2023,Spa,ALO,SOFT,7,1,3,80.717,78.083,2.7990000000000004,2.7990000000000004
2023,Spa,ALO,SOFT,8,1,4,81.289,78.083,3.4260000000000033,3.4260000000000033
2023,Spa,ALO,SOFT,9,1,5,81.631,78.083,3.8230000000000017,3.8230000000000017
2023,Spa,ALO,SOFT,10,1,6,82.087,78.083,4.334000000000005,4.334000000000005
2023,Spa,ALO,SOFT,11,1,7,81.776,78.083,4.077999999999998,4.077999999999998
2023,Spa,ALO,SOFT,12,1,8,81.35,78.083,3.706999999999996,3.706999999999996
2023,Spa,ALO,SOFT,13,1,9,81.34,78.083,3.752000000000005,3.752000000000005
2023,Spa,ALO,SOFT,14,1,10,81.575,78.083,4.042000000000004,4.042000000000004
2023,Spa,ALO,SOFT,15,1,11,81.291,78.083,3.8129999999999984,3.8129999999999984
2023,Spa,ALO,SOFT,16,1,12,81.325,78.083,3.9020000000000046,3.9020000000000046
2023,Spa,ALO,SOFT,17,1,13,80.876,78.083,3.5080000000000062,3.5080000000000062
2023,Spa,ALO,SOFT,18,1,14,81.169,78.083,3.8559999999999985,3.8559999999999985
2023,Spa,ALO,SOFT,19,1,15,81.15,78.083,3.8920000000000075,3.8920000000000075
2023,Spa,ALO,SOFT,20,1,16,81.193,78.083,3.9899999999999993,3.9899999999999993
2023,Spa,ALO,SOFT,21,1,17,81.147,78.083,3.999000000000007,3.999000000000007
2023,Spa,ALO,SOFT,5,2,1,80.375,78.083,2.3470000000000018,2.3470000000000018
2023,Spa,ALO,SOFT,6,2,2,80.954,78.083,2.980999999999995,2.980999999999995
2023,Spa,ALO,SOFT,7,2,3,80.987,78.083,3.0689999999999964,3.0689999999999964
2023,Spa,ALO,SOFT,8,2,4,80.813,78.083,2.950000000000004,2.950000000000004
2023,Spa,ALO,SOFT,9,2,5,80.32,78.083,2.5119999999999947,2.5119999999999947
2023,Spa,ALO,SOFT,10,2,6,80.367,78.083,2.614000000000006,2.614000000000006
2023,Spa,ALO,SOFT,11,2,7,80.318,78.083,2.619999999999999,2.619999999999999
2023,Spa,ALO,SOFT,12,2,8,80.404,78.083,2.760999999999998,2.760999999999998
2023,Spa,ALO,SOFT,13,2,9,80.239,78.083,2.651000000000006,2.651000000000006
2023,Spa,ALO,SOFT,14,2,10,80.916,78.083,3.3829999999999982,3.3829999999999982
2023,Spa,ALO,SOFT,15,2,11,80.892,78.083,3.4139999999999975,3.4139999999999975
2023,Spa,ALO,SOFT,16,2,12,80.379,78.083,2.9560000000000066,2.9560000000000066
2023,Spa,ALO,SOFT,17,2,13,80.614,78.083,3.2460000000000058,3.2460000000000058
2023,Spa,ALO,SOFT,18,2,14,80.634,78.083,3.321000000000002,3.321000000000002
2023,Spa,ALO,SOFT,19,2,15,80.435,78.083,3.177000000000004,3.177000000000004
2023,Spa,ALO,SOFT,20,2,16,80.323,78.083,3.1199999999999948,3.1199999999999948
2023,Spa,ALO,SOFT,21,2,17,80.247,78.083,3.0990000000000015,3.0990000000000015
2023,Spa,ALO,SOFT,22,2,18,80.074,78.083,2.981,2.981
2023,Spa,ALO,SOFT,23,2,19,79.851,78.083,2.8130000000000006,2.8130000000000006
2023,Spa,ALO,SOFT,24,2,20,79.832,78.083,2.8489999999999953,2.8489999999999953
2023,Spa,ALO,SOFT,25,2,21,79.84,78.083,2.9120000000000053,2.9120000000000053
2023,Spa,ALO,SOFT,26,2,22,79.9,78.083,3.0270000000000072,3.0270000000000072
2023,Spa,ALO,SOFT,27,2,23,80.13,78.083,3.3119999999999967,3.3119999999999967
2023,Spa,ALO,HARD,2,3,1,78.442,78.083,0.41399999999999465,0.41399999999999465
2023,Spa,ALO,HARD,3,3,2,78.321,78.083,0.34799999999999953,0.34799999999999953
2023,Spa,ALO,HARD,4,3,3,78.237,78.083,0.3189999999999964,0.3189999999999964
2023,Spa,ALO,HARD,5,3,4,78.083,78.083,0.22,0.22
2023,Spa,ALO,HARD,6,3,5,78.935,78.083,1.1270000000000038,1.1270000000000038
2023,Spa,ALO,HARD,7,3,6,78.833,78.083,1.08,1.08
2023,Spa,ALO,HARD,8,3,7,78.543,78.083,0.845000000000008,0.845000000000008
2023,Spa,ALO,HARD,9,3,8,79.225,78.083,1.5819999999999959,1.5819999999999959
2023,Spa,ALO,HARD,10,3,9,78.536,78.083,0.948000000000003,0.948000000000003
2023,Spa,ALO,HARD,11,3,10,78.584,78.083,1.0510000000000048,1.0510000000000048
2023,Spa,ALO,HARD,12,3,11,78.749,78.083,1.2709999999999968,1.2709999999999968
2023,Spa,ALO,HARD,13,3,12,78.77,78.083,1.3469999999999978,1.3469999999999978
2023,Spa,ALO,HARD,14,3,13,78.861,78.083,1.4930000000000057,1.4930000000000057
2023,Spa,ALO,HARD,15,3,14,78.87,78.083,1.5570000000000062,1.5570000000000062
2023,Spa,ALO,HARD,16,3,15,79.111,78.083,1.8530000000000058,1.8530000000000058
2023,Spa,ALO,HARD,17,3,16,79.624,78.083,2.4209999999999967,2.4209999999999967
2023,Spa,ALO,HARD,18,3,17,79.445,78.083,2.296999999999995,2.296999999999995
2023,Spa,ALO,HARD,19,3,18,78.532,78.083,1.438999999999998,1.438999999999998
2023,Spa,ALO,HARD,20,3,19,79.229,78.083,2.1910000000000007,2.1910000000000007
2023,Spa,ALO,HARD,21,3,20,78.845,78.083,1.8620000000000005,1.8620000000000005
2023,Spa,ALO,HARD,22,3,21,79.481,78.083,2.5529999999999964,2.5529999999999964
2023,Spa,OCO,SOFT,5,1,1,82.0,78.946,3.109000000000002,3.109000000000002
2023,Spa,OCO,SOFT,6,1,2,81.445,78.946,2.608999999999995,2.608999999999995
2023,Spa,OCO,SOFT,7,1,3,80.939,78.946,2.157999999999995,2.157999999999995
2023,Spa,OCO,SOFT,8,1,4,80.792,78.946,2.066000000000004,2.066000000000004
2023,Spa,OCO,SOFT,9,1,5,81.314,78.946,2.642999999999995,2.642999999999995
2023,Spa,OCO,SOFT,10,1,6,80.963,78.946,2.346999999999996,2.346999999999996
2023,Spa,OCO,SOFT,11,1,7,81.397,78.946,2.8360000000000074,2.8360000000000074
2023,Spa,OCO,SOFT,12,1,8,81.378,78.946,2.872000000000002,2.872000000000002
2023,Spa,OCO,SOFT,13,1,9,81.475,78.946,3.0239999999999965,3.0239999999999965
2023,Spa,OCO,SOFT,14,1,10,82.763,78.946,4.367000000000007,4.367000000000007
2023,Spa,OCO,SOFT,15,1,11,81.696,78.946,3.355,3.355
2023,Spa,OCO,MEDIUM,2,2,1,80.523,78.946,1.6319999999999981,1.6319999999999981
2023,Spa,OCO,MEDIUM,3,2,2,80.865,78.946,2.028999999999997,2.028999999999997
2023,Spa,OCO,MEDIUM,4,2,3,80.556,78.946,1.7749999999999995,1.7749999999999995
2023,Spa,OCO,MEDIUM,5,2,4,80.376,78.946,1.6500000000000068,1.6500000000000068
2023,Spa,OCO,MEDIUM,6,2,5,80.395,78.946,1.723999999999998,1.723999999999998
2023,Spa,OCO,MEDIUM,7,2,6,80.623,78.946,2.007000000000007,2.007000000000007
2023,Spa,OCO,MEDIUM,8,2,7,80.646,78.946,2.0850000000000026,2.0850000000000026
2023,Spa,OCO,MEDIUM,9,2,8,80.239,78.946,1.7330000000000063,1.7330000000000063
2023,Spa,OCO,MEDIUM,10,2,9,80.539,78.946,2.0880000000000036,2.0880000000000036
2023,Spa,OCO,MEDIUM,11,2,10,80.636,78.946,2.2399999999999975,2.2399999999999975
2023,Spa,OCO,MEDIUM,12,2,11,80.534,78.946,2.193000000000008,2.193000000000008
2023,Spa,OCO,MEDIUM,13,2,12,81.411,78.946,3.1250000000000036,3.1250000000000036
2023,Spa,OCO,MEDIUM,14,2,13,80.39,78.946,2.1590000000000025,2.1590000000000025
2023,Spa,OCO,MEDIUM,15,2,14,80.318,78.946,2.142,2.142
2023,Spa,OCO,MEDIUM,16,2,15,80.341,78.946,2.219999999999996,2.219999999999996
2023,Spa,OCO,MEDIUM,17,2,16,80.313,78.946,2.2470000000000043,2.2470000000000043
2023,Spa,OCO,MEDIUM,18,2,17,80.502,78.946,2.4909999999999974,2.4909999999999974
2023,Spa,OCO,MEDIUM,19,2,18,80.543,78.946,2.5870000000000086,2.5870000000000086
2023,Spa,OCO,MEDIUM,20,2,19,80.82,78.946,2.918999999999995,2.918999999999995
2023,Spa,OCO,MEDIUM,21,2,20,81.516,78.946,3.6700000000000075,3.6700000000000075
2023,Spa,OCO,HARD,2,3,1,79.679,78.946,0.7880000000000041,0.7880000000000041
2023,Spa,OCO,HARD,3,3,2,79.027,78.946,0.19100000000000306,0.19100000000000306
2023,Spa,OCO,HARD,4,3,3,79.368,78.946,0.5869999999999971,0.5869999999999971
2023,Spa,OCO,HARD,5,3,4,79.729,78.946,1.0030000000000012,1.0030000000000012
2023,Spa,OCO,HARD,6,3,5,79.703,78.946,1.032000000000005,1.032000000000005
2023,Spa,OCO,HARD,7,3,6,79.696,78.946,1.08,1.08
2023,Spa,OCO,HARD,8,3,7,79.7,78.946,1.139000000000005,1.139000000000005
2023,Spa,OCO,HARD,9,3,8,79.862,78.946,1.3559999999999968,1.3559999999999968
2023,Spa,OCO,HARD,10,3,9,79.843,78.946,1.3920000000000057,1.3920000000000057
2023,Spa,OCO,HARD,11,3,10,79.654,78.946,1.2579999999999985,1.2579999999999985
2023,Spa,OCO,HARD,12,3,11,79.669,78.946,1.327999999999999,1.327999999999999
2023,Spa,OCO,HARD,13,3,12,79.618,78.946,1.3319999999999972,1.3319999999999972
2023,Spa,OCO,HARD,14,3,13,78.965,78.946,0.7340000000000054,0.7340000000000054
2023,Spa,OCO,HARD,15,3,14,79.163,78.946,0.9869999999999988,0.9869999999999988
2023,Spa,OCO,HARD,16,3,15,81.212,78.946,3.0910000000000055,3.0910000000000055
2023,Spa,OCO,HARD,17,3,16,79.213,78.946,1.1469999999999958,1.1469999999999958
2023,Spa,OCO,HARD,18,3,17,79.177,78.946,1.1660000000000088,1.1660000000000088
2023,Spa,OCO,HARD,19,3,18,78.946,78.946,0.99,0.99
2023,Spa,OCO,HARD,20,3,19,79.057,78.946,1.1560000000000041,1.1560000000000041
2023,Spa,OCO,HARD,21,3,20,79.097,78.946,1.2509999999999963,1.2509999999999963
2023,Spa,OCO,HARD,22,3,21,79.365,78.946,1.573999999999997,1.573999999999997
2023,Spa,OCO,HARD,23,3,22,79.207,78.946,1.4709999999999956,1.4709999999999956
2023,Spa,OCO,HARD,24,3,23,79.189,78.946,1.507999999999995,1.507999999999995
2023,Spa,OCO,HARD,25,3,24,78.97,78.946,1.344000000000001,1.344000000000001
2023,Spa,OCO,HARD,26,3,25,79.175,78.946,1.6039999999999992,1.6039999999999992
2023,Spa,OCO,HARD,27,3,26,79.057,78.946,1.5410000000000041,1.5410000000000041
2023,Spa,OCO,HARD,28,3,27,79.174,78.946,1.7130000000000087,1.7130000000000087
2023,Spa,OCO,HARD,29,3,28,79.228,78.946,1.8219999999999965,1.8219999999999965
2023,Spa,OCO,HARD,30,3,29,79.174,78.946,1.8230000000000086,1.8230000000000086
2023,Spa,OCO,HARD,31,3,30,79.455,78.946,2.1590000000000003,2.1590000000000003
2023,Spa,ZHO,SOFT,2,1,1,81.832,78.753,3.1339999999999937,3.1339999999999937
2023,Spa,ZHO,SOFT,3,1,2,81.997,78.753,3.3539999999999996,3.3539999999999996
2023,Spa,ZHO,SOFT,4,1,3,81.232,78.753,2.6439999999999992,2.6439999999999992
2023,Spa,ZHO,SOFT,5,1,4,80.397,78.753,1.8640000000000054,1.8640000000000054
2023,Spa,ZHO,SOFT,6,1,5,81.514,78.753,3.0359999999999956,3.0359999999999956
2023,Spa,ZHO,SOFT,7,1,6,81.494,78.753,3.0709999999999997,3.0709999999999997
2023,Spa,ZHO,SOFT,8,1,7,81.705,78.753,3.336999999999998,3.336999999999998
2023,Spa,ZHO,HARD,2,2,1,81.174,78.753,2.4760000000000066,2.4760000000000066
2023,Spa,ZHO,HARD,3,2,2,79.955,78.753,1.3119999999999983,1.3119999999999983
2023,Spa,ZHO,HARD,4,2,3,79.948,78.753,1.3599999999999932,1.3599999999999932
2023,Spa,ZHO,HARD,5,2,4,82.523,78.753,3.989999999999996,3.989999999999996
2023,Spa,ZHO,HARD,6,2,5,81.185,78.753,2.707000000000002,2.707000000000002
2023,Spa,ZHO,HARD,7,2,6,80.906,78.753,2.483000000000006,2.483000000000006
2023,Spa,ZHO,HARD,8,2,7,80.815,78.753,2.4469999999999974,2.4469999999999974
2023,Spa,ZHO,HARD,9,2,8,80.568,78.753,2.2549999999999977,2.2549999999999977
2023,Spa,ZHO,HARD,10,2,9,80.49,78.753,2.231999999999995,2.231999999999995
2023,Spa,ZHO,HARD,11,2,10,80.479,78.753,2.275999999999999,2.275999999999999
2023,Spa,ZHO,HARD,12,2,11,81.619,78.753,3.4709999999999996,3.4709999999999996
2023,Spa,ZHO,HARD,13,2,12,81.227,78.753,3.134000000000004,3.134000000000004
2023,Spa,ZHO,HARD,14,2,13,81.493,78.753,3.4549999999999947,3.4549999999999947
2023,Spa,ZHO,HARD,15,2,14,81.399,78.753,3.416000000000001,3.416000000000001
2023,Spa,ZHO,HARD,16,2,15,81.114,78.753,3.1860000000000044,3.1860000000000044
2023,Spa,ZHO,HARD,17,2,16,80.895,78.753,3.021999999999996,3.021999999999996
2023,Spa,ZHO,HARD,18,2,17,80.55,78.753,2.731999999999997,2.731999999999997
2023,Spa,ZHO,HARD,19,2,18,80.946,78.753,3.182999999999998,3.182999999999998
2023,Spa,ZHO,HARD,20,2,19,80.508,78.753,2.7999999999999954,2.7999999999999954
2023,Spa,ZHO,HARD,21,2,20,80.405,78.753,2.752000000000001,2.752000000000001
2023,Spa,ZHO,HARD,22,2,21,80.673,78.753,3.075000000000002,3.075000000000002
2023,Spa,ZHO,HARD,23,2,22,80.679,78.753,3.136000000000002,3.136000000000002
2023,Spa,ZHO,HARD,24,2,23,80.782,78.753,3.293999999999996,3.293999999999996
2023,Spa,ZHO,HARD,25,2,24,80.446,78.753,3.012999999999998,3.012999999999998
2023,Spa,ZHO,HARD,26,2,25,80.371,78.753,2.992999999999995,2.992999999999995
2023,Spa,ZHO,HARD,2,3,1,78.753,78.753,0.055,0.055
2023,Spa,ZHO,HARD,3,3,2,78.982,78.753,0.3389999999999992,0.3389999999999992
2023,Spa,ZHO,HARD,4,3,3,79.119,78.753,0.5309999999999997,0.5309999999999997
2023,Spa,ZHO,HARD,5,3,4,79.065,78.753,0.5319999999999976,0.5319999999999976
2023,Spa,ZHO,HARD,6,3,5,79.044,78.753,0.5659999999999968,0.5659999999999968
2023,Spa,ZHO,HARD,7,3,6,79.073,78.753,0.6499999999999932,0.6499999999999932
2023,Spa,ZHO,HARD,8,3,7,79.336,78.753,0.9679999999999984,0.9679999999999984
2023,Spa,ZHO,HARD,9,3,8,79.326,78.753,1.0129999999999932,1.0129999999999932
2023,Spa,ZHO,HARD,10,3,9,79.122,78.753,0.8639999999999998,0.8639999999999998
2023,Spa,ZHO,HARD,11,3,10,79.214,78.753,1.0109999999999986,1.0109999999999986
2023,Spa,ZHO,HARD,12,3,11,79.749,78.753,1.600999999999995,1.600999999999995
2023,Spa,ZHO,HARD,13,3,12,79.276,78.753,1.1829999999999963,1.1829999999999963
2023,Spa,ZHO,HARD,14,3,13,79.461,78.753,1.4229999999999983,1.4229999999999983
2023,Spa,ZHO,HARD,15,3,14,79.699,78.753,1.715999999999998,1.715999999999998
2023,Spa,ZHO,HARD,16,3,15,79.04,78.753,1.112000000000006,1.112000000000006
2023,Spa,ZHO,HARD,17,3,16,79.086,78.753,1.2129999999999983,1.2129999999999983
2023,Spa,ZHO,HARD,18,3,17,79.057,78.753,1.239000000000002,1.239000000000002
2023,Spa,ZHO,HARD,19,3,18,79.147,78.753,1.3840000000000054,1.3840000000000054
2023,Spa,ZHO,HARD,20,3,19,80.335,78.753,2.6269999999999936,2.6269999999999936
2023,Spa,ZHO,HARD,21,3,20,79.425,78.753,1.7719999999999971,1.7719999999999971
2023,Spa,ZHO,HARD,22,3,21,79.123,78.753,1.5250000000000046,1.5250000000000046
2023,Spa,ZHO,HARD,23,3,22,78.973,78.753,1.4299999999999988,1.4299999999999988
2023,Spa,ZHO,HARD,24,3,23,79.07,78.753,1.581999999999993,1.581999999999993
2023,Spa,ZHO,HARD,25,3,24,78.954,78.753,1.5209999999999935,1.5209999999999935
2023,Spa,ZHO,HARD,26,3,25,79.369,78.753,1.9909999999999997,1.9909999999999997
2023,Spa,ZHO,HARD,27,3,26,79.231,78.753,1.9079999999999944,1.9079999999999944
2023,Spa,ZHO,HARD,28,3,27,79.257,78.753,1.989000000000005,1.989000000000005
2023,Spa,ZHO,HARD,29,3,28,79.137,78.753,1.9240000000000004,1.9240000000000004
2023,Spa,ZHO,HARD,30,3,29,79.108,78.753,1.950000000000004,1.950000000000004
2023,Spa,GAS,SOFT,5,1,1,82.874,78.375,4.553999999999995,4.553999999999995
2023,Spa,GAS,SOFT,6,1,2,81.972,78.375,3.706999999999994,3.706999999999994
2023,Spa,GAS,SOFT,7,1,3,81.884,78.375,3.6740000000000004,3.6740000000000004
2023,Spa,GAS,SOFT,8,1,4,81.453,78.375,3.298000000000003,3.298000000000003
2023,Spa,GAS,SOFT,9,1,5,81.432,78.375,3.332000000000002,3.332000000000002
2023,Spa,GAS,SOFT,10,1,6,82.22,78.375,4.174999999999999,4.174999999999999
2023,Spa,GAS,SOFT,11,1,7,82.579,78.375,4.588999999999993,4.588999999999993
2023,Spa,GAS,SOFT,12,1,8,81.563,78.375,3.6280000000000023,3.6280000000000023
2023,Spa,GAS,SOFT,13,1,9,81.41,78.375,3.5299999999999967,3.5299999999999967
2023,Spa,GAS,SOFT,14,1,10,81.06,78.375,3.235000000000002,3.235000000000002
2023,Spa,GAS,SOFT,15,1,11,81.058,78.375,3.288000000000007,3.288000000000007
2023,Spa,GAS,SOFT,16,1,12,81.318,78.375,3.602999999999998,3.602999999999998
2023,Spa,GAS,SOFT,17,1,13,81.307,78.375,3.647000000000002,3.647000000000002
2023,Spa,GAS,SOFT,18,1,14,81.36,78.375,3.7549999999999994,3.7549999999999994
2023,Spa,GAS,SOFT,19,1,15,81.543,78.375,3.9930000000000065,3.9930000000000065
2023,Spa,GAS,SOFT,20,1,16,81.554,78.375,4.059000000000002,4.059000000000002
2023,Spa,GAS,SOFT,21,1,17,81.199,78.375,3.758999999999998,3.758999999999998
2023,Spa,GAS,MEDIUM,2,2,1,79.437,78.375,1.1169999999999976,1.1169999999999976
2023,Spa,GAS,MEDIUM,3,2,2,80.694,78.375,2.4290000000000025,2.4290000000000025
2023,Spa,GAS,MEDIUM,4,2,3,81.299,78.375,3.0890000000000066,3.0890000000000066
2023,Spa,GAS,MEDIUM,5,2,4,79.647,78.375,1.4920000000000055,1.4920000000000055
2023,Spa,GAS,MEDIUM,6,2,5,79.868,78.375,1.767999999999995,1.767999999999995
2023,Spa,GAS,MEDIUM,7,2,6,80.473,78.375,2.427999999999999,2.427999999999999
2023,Spa,GAS,MEDIUM,8,2,7,79.477,78.375,1.4870000000000039,1.4870000000000039
2023,Spa,GAS,MEDIUM,9,2,8,79.996,78.375,2.060999999999995,2.060999999999995
2023,Spa,GAS,MEDIUM,10,2,9,80.141,78.375,2.2610000000000054,2.2610000000000054
2023,Spa,GAS,MEDIUM,11,2,10,80.474,78.375,2.6490000000000036,2.6490000000000036
2023,Spa,GAS,MEDIUM,12,2,11,80.393,78.375,2.6230000000000007,2.6230000000000007
2023,Spa,GAS,MEDIUM,13,2,12,80.506,78.375,2.7910000000000004,2.7910000000000004
2023,Spa,GAS,MEDIUM,14,2,13,80.943,78.375,3.2829999999999977,3.2829999999999977
2023,Spa,GAS,MEDIUM,15,2,14,80.433,78.375,2.828000000000007,2.828000000000007
2023,Spa,GAS,MEDIUM,16,2,15,81.005,78.375,3.4549999999999956,3.4549999999999956
2023,Spa,GAS,MEDIUM,17,2,16,80.884,78.375,3.3890000000000002,3.3890000000000002
2023,Spa,GAS,MEDIUM,18,2,17,80.466,78.375,3.025999999999994,3.025999999999994
2023,Spa,GAS,MEDIUM,19,2,18,80.404,78.375,3.0189999999999966,3.0189999999999966
2023,Spa,GAS,HARD,2,3,1,78.375,78.375,0.055,0.055
2023,Spa,GAS,HARD,3,3,2,78.577,78.375,0.31199999999999817,0.31199999999999817
2023,Spa,GAS,HARD,4,3,3,78.658,78.375,0.4480000000000013,0.4480000000000013
2023,Spa,GAS,HARD,5,3,4,78.804,78.375,0.649000000000002,0.649000000000002
2023,Spa,GAS,HARD,6,3,5,79.161,78.375,1.0610000000000013,1.0610000000000013
2023,Spa,GAS,HARD,7,3,6,79.092,78.375,1.0469999999999988,1.0469999999999988
2023,Spa,GAS,HARD,8,3,7,78.948,78.375,0.9579999999999933,0.9579999999999933
2023,Spa,GAS,HARD,9,3,8,79.191,78.375,1.2560000000000024,1.2560000000000024
2023,Spa,GAS,HARD,10,3,9,78.843,78.375,0.9630000000000035,0.9630000000000035
2023,Spa,GAS,HARD,11,3,10,78.845,78.375,1.019999999999999,1.019999999999999
2023,Spa,GAS,HARD,12,3,11,78.796,78.375,1.0260000000000065,1.0260000000000065
2023,Spa,GAS,HARD,13,3,12,79.006,78.375,1.2910000000000004,1.2910000000000004
2023,Spa,GAS,HARD,14,3,13,78.824,78.375,1.163999999999998,1.163999999999998
2023,Spa,GAS,HARD,15,3,14,78.991,78.375,1.3859999999999997,1.3859999999999997
2023,Spa,GAS,HARD,16,3,15,79.195,78.375,1.6449999999999931,1.6449999999999931
2023,Spa,GAS,HARD,17,3,16,79.565,78.375,2.0699999999999976,2.0699999999999976
2023,Spa,GAS,HARD,18,3,17,79.287,78.375,1.8470000000000062,1.8470000000000062
2023,Spa,GAS,HARD,19,3,18,79.232,78.375,1.8469999999999993,1.8469999999999993
2023,Spa,GAS,HARD,20,3,19,78.994,78.375,1.6639999999999997,1.6639999999999997
2023,Spa,GAS,HARD,21,3,20,78.965,78.375,1.6900000000000035,1.6900000000000035
2023,Spa,GAS,HARD,22,3,21,79.052,78.375,1.8320000000000067,1.8320000000000067
2023,Spa,GAS,HARD,23,3,22,79.178,78.375,2.0129999999999972,2.0129999999999972
2023,Spa,GAS,HARD,24,3,23,79.232,78.375,2.121999999999999,2.121999999999999
2023,Spa,GAS,HARD,25,3,24,79.524,78.375,2.469000000000001,2.469000000000001
2023,Spa,GAS,HARD,26,3,25,78.99,78.375,1.9899999999999949,1.9899999999999949
2023,Spa,GAS,HARD,27,3,26,79.118,78.375,2.1729999999999947,2.1729999999999947
2023,Spa,LEC,HARD,2,1,1,82.029,78.357,3.726999999999997,3.726999999999997
2023,Spa,LEC,HARD,3,1,2,81.469,78.357,3.2219999999999946,3.2219999999999946
2023,Spa,LEC,HARD,4,1,3,81.854,78.357,3.662,3.662
2023,Spa,LEC,HARD,5,1,4,81.631,78.357,3.494000000000001,3.494000000000001
2023,Spa,LEC,HARD,6,1,5,80.827,78.357,2.7449999999999988,2.7449999999999988
2023,Spa,LEC,HARD,7,1,6,81.403,78.357,3.3760000000000066,3.3760000000000066
2023,Spa,LEC,HARD,8,1,7,82.182,78.357,4.210000000000003,4.210000000000003
2023,Spa,LEC,HARD,9,1,8,81.739,78.357,3.822000000000005,3.822000000000005
2023,Spa,LEC,HARD,10,1,9,81.828,78.357,3.9660000000000037,3.9660000000000037
2023,Spa,LEC,HARD,11,1,10,80.84,78.357,3.033000000000004,3.033000000000004
2023,Spa,LEC,HARD,12,1,11,81.504,78.357,3.7520000000000056,3.7520000000000056
2023,Spa,LEC,HARD,13,1,12,81.797,78.357,4.099999999999998,4.099999999999998
2023,Spa,LEC,HARD,14,1,13,81.732,78.357,4.09,4.09
2023,Spa,LEC,HARD,15,1,14,81.545,78.357,3.9580000000000024,3.9580000000000024
2023,Spa,LEC,SOFT,2,2,1,80.94,78.357,2.6379999999999986,2.6379999999999986
2023,Spa,LEC,SOFT,3,2,2,80.553,78.357,2.305999999999998,2.305999999999998
2023,Spa,LEC,SOFT,4,2,3,80.066,78.357,1.8740000000000032,1.8740000000000032
2023,Spa,LEC,SOFT,5,2,4,81.325,78.357,3.1880000000000037,3.1880000000000037
2023,Spa,LEC,SOFT,6,2,5,80.851,78.357,2.7689999999999997,2.7689999999999997
2023,Spa,LEC,SOFT,7,2,6,80.901,78.357,2.873999999999997,2.873999999999997
2023,Spa,LEC,SOFT,8,2,7,81.588,78.357,3.6159999999999943,3.6159999999999943
2023,Spa,LEC,SOFT,9,2,8,80.414,78.357,2.497000000000002,2.497000000000002
2023,Spa,LEC,SOFT,10,2,9,80.078,78.357,2.2160000000000037,2.2160000000000037
2023,Spa,LEC,SOFT,11,2,10,80.272,78.357,2.465000000000006,2.465000000000006
2023,Spa,LEC,SOFT,12,2,11,80.495,78.357,2.743000000000005,2.743000000000005
2023,Spa,LEC,SOFT,13,2,12,80.348,78.357,2.651,2.651
2023,Spa,LEC,SOFT,14,2,13,80.325,78.357,2.6830000000000034,2.6830000000000034
2023,Spa,LEC,SOFT,15,2,14,80.296,78.357,2.709000000000007,2.709000000000007
2023,Spa,LEC,SOFT,16,2,15,80.316,78.357,2.7840000000000034,2.7840000000000034
2023,Spa,LEC,SOFT,17,2,16,80.247,78.357,2.7700000000000005,2.7700000000000005
2023,Spa,LEC,SOFT,18,2,17,80.374,78.357,2.951999999999996,2.951999999999996
2023,Spa,LEC,SOFT,19,2,18,80.361,78.357,2.994000000000005,2.994000000000005
2023,Spa,LEC,SOFT,20,2,19,80.554,78.357,3.2420000000000027,3.2420000000000027
2023,Spa,LEC,SOFT,21,2,20,80.676,78.357,3.4190000000000027,3.4190000000000027
2023,Spa,LEC,SOFT,22,2,21,80.458,78.357,3.2559999999999993,3.2559999999999993
2023,Spa,LEC,SOFT,23,2,22,80.558,78.357,3.4110000000000076,3.4110000000000076
2023,Spa,LEC,SOFT,24,2,23,80.219,78.357,3.1269999999999945,3.1269999999999945
2023,Spa,LEC,HARD,27,3,1,78.46,78.357,0.15799999999999442,0.15799999999999442
2023,Spa,LEC,HARD,28,3,2,78.657,78.357,0.40999999999999714,0.40999999999999714
2023,Spa,LEC,HARD,29,3,3,78.634,78.357,0.44200000000000106,0.44200000000000106
2023,Spa,LEC,HARD,30,3,4,78.749,78.357,0.6119999999999959,0.6119999999999959
2023,Spa,LEC,HARD,31,3,5,78.709,78.357,0.6270000000000039,0.6270000000000039
2023,Spa,LEC,HARD,32,3,6,78.763,78.357,0.736000000000006,0.736000000000006
2023,Spa,LEC,HARD,33,3,7,79.918,78.357,1.946000000000007,1.946000000000007
2023,Spa,LEC,HARD,34,3,8,79.165,78.357,1.2480000000000069,1.2480000000000069
2023,Spa,LEC,HARD,35,3,9,78.617,78.357,0.7550000000000051,0.7550000000000051
2023,Spa,LEC,HARD,36,3,10,78.357,78.357,0.55,0.55
2023,Spa,LEC,HARD,37,3,11,78.558,78.357,0.8060000000000076,0.8060000000000076
2023,Spa,LEC,HARD,38,3,12,78.707,78.357,1.0099999999999945,1.0099999999999945
2023,Spa,LEC,HARD,39,3,13,78.853,78.357,1.210999999999995,1.210999999999995
2023,Spa,LEC,HARD,40,3,14,78.897,78.357,1.3100000000000063,1.3100000000000063
2023,Spa,LEC,HARD,41,3,15,78.871,78.357,1.3389999999999957,1.3389999999999957
2023,Spa,LEC,HARD,42,3,16,78.863,78.357,1.3860000000000001,1.3860000000000001
2023,Spa,LEC,HARD,43,3,17,78.84,78.357,1.4180000000000041,1.4180000000000041
2023,Spa,LEC,HARD,44,3,18,78.619,78.357,1.2520000000000004,1.2520000000000004
2023,Spa,LEC,HARD,45,3,19,78.682,78.357,1.3700000000000028,1.3700000000000028
2023,Spa,LEC,HARD,46,3,20,79.035,78.357,1.7779999999999974,1.7779999999999974
2023,Spa,LEC,HARD,47,3,21,79.096,78.357,1.8940000000000043,1.8940000000000043
2023,Spa,LEC,HARD,48,3,22,79.502,78.357,2.354999999999996,2.354999999999996
2023,Spa,LEC,HARD,49,3,23,78.922,78.357,1.8299999999999976,1.8299999999999976
2023,Spa,LEC,HARD,50,3,24,79.271,78.357,2.2340000000000018,2.2340000000000018
2023,Spa,TSU,SOFT,2,1,1,82.459,78.904,3.610000000000007,3.610000000000007
2023,Spa,TSU,SOFT,3,1,2,81.587,78.904,2.793000000000007,2.793000000000007
2023,Spa,TSU,SOFT,4,1,3,81.03,78.904,2.291000000000005,2.291000000000005
2023,Spa,TSU,SOFT,5,1,4,81.647,78.904,2.9630000000000094,2.9630000000000094
2023,Spa,TSU,SOFT,6,1,5,81.842,78.904,3.2130000000000023,3.2130000000000023
2023,Spa,TSU,SOFT,7,1,6,81.268,78.904,2.6940000000000044,2.6940000000000044
2023,Spa,TSU,SOFT,8,1,7,81.185,78.904,2.6660000000000057,2.6660000000000057
2023,Spa,TSU,SOFT,9,1,8,81.451,78.904,2.986999999999997,2.986999999999997
2023,Spa,TSU,HARD,2,2,1,80.243,78.904,1.3939999999999986,1.3939999999999986
2023,Spa,TSU,HARD,3,2,2,79.767,78.904,0.9729999999999995,0.9729999999999995
2023,Spa,TSU,HARD,4,2,3,81.161,78.904,2.422000000000005,2.422000000000005
2023,Spa,TSU,HARD,5,2,4,80.161,78.904,1.477000000000005,1.477000000000005
2023,Spa,TSU,HARD,6,2,5,80.377,78.904,1.7479999999999989,1.7479999999999989
2023,Spa,TSU,HARD,7,2,6,80.998,78.904,2.4240000000000084,2.4240000000000084
2023,Spa,TSU,HARD,8,2,7,80.223,78.904,1.7040000000000026,1.7040000000000026
2023,Spa,TSU,HARD,9,2,8,80.222,78.904,1.7579999999999978,1.7579999999999978
2023,Spa,TSU,HARD,10,2,9,80.262,78.904,1.8530000000000042,1.8530000000000042
2023,Spa,TSU,HARD,11,2,10,80.591,78.904,2.2369999999999974,2.2369999999999974
2023,Spa,TSU,HARD,12,2,11,80.468,78.904,2.169000000000007,2.169000000000007
2023,Spa,TSU,HARD,13,2,12,80.41,78.904,2.1660000000000004,2.1660000000000004
2023,Spa,TSU,HARD,14,2,13,80.6,78.904,2.410999999999998,2.410999999999998
2023,Spa,TSU,HARD,15,2,14,80.643,78.904,2.5090000000000043,2.5090000000000043
2023,Spa,TSU,HARD,16,2,15,80.999,78.904,2.919999999999999,2.919999999999999
2023,Spa,TSU,HARD,17,2,16,80.471,78.904,2.447000000000007,2.447000000000007
2023,Spa,TSU,HARD,18,2,17,80.31,78.904,2.341000000000006,2.341000000000006
2023,Spa,TSU,HARD,19,2,18,80.372,78.904,2.4580000000000037,2.4580000000000037
2023,Spa,TSU,HARD,20,2,19,80.329,78.904,2.469999999999997,2.469999999999997
2023,Spa,TSU,HARD,21,2,20,80.595,78.904,2.7910000000000026,2.7910000000000026
2023,Spa,TSU,HARD,22,2,21,80.793,78.904,3.0440000000000103,3.0440000000000103
2023,Spa,TSU,HARD,23,2,22,82.322,78.904,4.628000000000006,4.628000000000006
2023,Spa,TSU,MEDIUM,2,3,1,79.141,78.904,0.292000000000009,0.292000000000009
2023,Spa,TSU,MEDIUM,3,3,2,80.375,78.904,1.5810000000000037,1.5810000000000037
2023,Spa,TSU,MEDIUM,4,3,3,80.12,78.904,1.3810000000000082,1.3810000000000082
2023,Spa,TSU,MEDIUM,5,3,4,80.766,78.904,2.082000000000009,2.082000000000009
2023,Spa,TSU,MEDIUM,6,3,5,79.886,78.904,1.2569999999999992,1.2569999999999992
2023,Spa,TSU,MEDIUM,7,3,6,79.728,78.904,1.1539999999999981,1.1539999999999981
2023,Spa,TSU,MEDIUM,8,3,7,79.615,78.904,1.0959999999999985,1.0959999999999985
2023,Spa,TSU,MEDIUM,9,3,8,79.645,78.904,1.1809999999999996,1.1809999999999996
2023,Spa,TSU,MEDIUM,10,3,9,80.063,78.904,1.6540000000000061,1.6540000000000061
2023,Spa,TSU,MEDIUM,11,3,10,79.746,78.904,1.3919999999999988,1.3919999999999988
2023,Spa,TSU,MEDIUM,12,3,11,79.714,78.904,1.4150000000000023,1.4150000000000023
2023,Spa,TSU,MEDIUM,13,3,12,79.625,78.904,1.3810000000000038,1.3810000000000038
2023,Spa,TSU,MEDIUM,14,3,13,79.492,78.904,1.303000000000008,1.303000000000008
2023,Spa,TSU,MEDIUM,15,3,14,80.145,78.904,2.0109999999999997,2.0109999999999997
2023,Spa,TSU,MEDIUM,16,3,15,79.211,78.904,1.1320000000000021,1.1320000000000021
2023,Spa,TSU,MEDIUM,17,3,16,79.667,78.904,1.6430000000000051,1.6430000000000051
2023,Spa,TSU,MEDIUM,18,3,17,79.236,78.904,1.267000000000008,1.267000000000008
2023,Spa,TSU,MEDIUM,19,3,18,79.028,78.904,1.1140000000000094,1.1140000000000094
2023,Spa,TSU,MEDIUM,20,3,19,79.267,78.904,1.4079999999999995,1.4079999999999995
2023,Spa,TSU,MEDIUM,21,3,20,79.246,78.904,1.4419999999999988,1.4419999999999988
2023,Spa,TSU,MEDIUM,22,3,21,79.568,78.904,1.8190000000000015,1.8190000000000015
2023,Spa,TSU,MEDIUM,23,3,22,79.182,78.904,1.4880000000000058,1.4880000000000058
2023,Spa,TSU,MEDIUM,24,3,23,79.22,78.904,1.5810000000000024,1.5810000000000024
2023,Spa,TSU,MEDIUM,25,3,24,78.904,78.904,1.32,1.32
2023,Spa,TSU,MEDIUM,26,3,25,78.979,78.904,1.4500000000000028,1.4500000000000028
2023,Spa,TSU,MEDIUM,27,3,26,79.241,78.904,1.7670000000000032,1.7670000000000032
2023,Spa,TSU,MEDIUM,28,3,27,79.206,78.904,1.7870000000000068,1.7870000000000068
2023,Spa,TSU,MEDIUM,29,3,28,79.121,78.904,1.7569999999999988,1.7569999999999988
2023,Spa,TSU,MEDIUM,30,3,29,79.182,78.904,1.8730000000000058,1.8730000000000058
2023,Spa,TSU,MEDIUM,31,3,30,79.287,78.904,2.0330000000000097,2.0330000000000097
2023,Spa,TSU,MEDIUM,32,3,31,79.167,78.904,1.9680000000000053,1.9680000000000053
2023,Spa,PIA,SOFT,4,1,1,82.916,78.679,4.2919999999999945,4.2919999999999945
2023,Spa,PIA,SOFT,5,1,2,82.404,78.679,3.834999999999994,3.834999999999994
2023,Spa,PIA,SOFT,6,1,3,81.271,78.679,2.756999999999999,2.756999999999999
2023,Spa,PIA,SOFT,7,1,4,81.546,78.679,3.0870000000000046,3.0870000000000046
2023,Spa,PIA,SOFT,8,1,5,81.696,78.679,3.291999999999996,3.291999999999996
2023,Spa,PIA,SOFT,9,1,6,82.246,78.679,3.896999999999993,3.896999999999993
2023,Spa,PIA,SOFT,10,1,7,81.83,78.679,3.535999999999996,3.535999999999996
2023,Spa,PIA,SOFT,11,1,8,81.69,78.679,3.4509999999999956,3.4509999999999956
2023,Spa,PIA,SOFT,12,1,9,81.408,78.679,3.2239999999999993,3.2239999999999993
2023,Spa,PIA,SOFT,13,1,10,81.025,78.679,2.8960000000000035,2.8960000000000035
2023,Spa,PIA,SOFT,14,1,11,80.997,78.679,2.922999999999998,2.922999999999998
2023,Spa,PIA,SOFT,15,1,12,81.498,78.679,3.4790000000000028,3.4790000000000028
2023,Spa,PIA,SOFT,16,1,13,81.29,78.679,3.326000000000004,3.326000000000004
2023,Spa,PIA,SOFT,17,1,14,81.369,78.679,3.4599999999999977,3.4599999999999977
2023,Spa,PIA,SOFT,18,1,15,81.715,78.679,3.8610000000000015,3.8610000000000015
2023,Spa,PIA,HARD,2,2,1,79.785,78.679,1.1609999999999945,1.1609999999999945
2023,Spa,PIA,HARD,3,2,2,80.115,78.679,1.545999999999993,1.545999999999993
2023,Spa,PIA,HARD,4,2,3,80.38,78.679,1.8659999999999934,1.8659999999999934
2023,Spa,PIA,HARD,5,2,4,80.712,78.679,2.2530000000000014,2.2530000000000014
2023,Spa,PIA,HARD,6,2,5,80.738,78.679,2.3339999999999974,2.3339999999999974
2023,Spa,PIA,HARD,7,2,6,80.973,78.679,2.623999999999997,2.623999999999997
2023,Spa,PIA,HARD,8,2,7,80.77,78.679,2.4759999999999938,2.4759999999999938
2023,Spa,PIA,HARD,9,2,8,80.828,78.679,2.589000000000001,2.589000000000001
2023,Spa,PIA,HARD,10,2,9,80.618,78.679,2.433999999999993,2.433999999999993
2023,Spa,PIA,HARD,11,2,10,80.667,78.679,2.5379999999999994,2.5379999999999994
2023,Spa,PIA,HARD,12,2,11,80.352,78.679,2.278000000000002,2.278000000000002
2023,Spa,PIA,HARD,13,2,12,80.661,78.679,2.6419999999999995,2.6419999999999995
2023,Spa,PIA,HARD,14,2,13,80.469,78.679,2.504999999999992,2.504999999999992
2023,Spa,PIA,HARD,15,2,14,80.672,78.679,2.762999999999995,2.762999999999995
2023,Spa,PIA,HARD,16,2,15,80.868,78.679,3.013999999999993,3.013999999999993
2023,Spa,PIA,HARD,17,2,16,80.449,78.679,2.649999999999996,2.649999999999996
2023,Spa,PIA,HARD,18,2,17,80.449,78.679,2.704999999999996,2.704999999999996
2023,Spa,PIA,HARD,19,2,18,80.911,78.679,3.2219999999999995,3.2219999999999995
2023,Spa,PIA,HARD,20,2,19,80.497,78.679,2.8629999999999978,2.8629999999999978
2023,Spa,PIA,HARD,21,2,20,80.607,78.679,3.0279999999999974,3.0279999999999974
2023,Spa,PIA,MEDIUM,2,3,1,78.679,78.679,0.055,0.055
2023,Spa,PIA,MEDIUM,3,3,2,78.987,78.679,0.4179999999999927,0.4179999999999927
2023,Spa,PIA,MEDIUM,4,3,3,78.864,78.679,0.3500000000000023,0.3500000000000023
2023,Spa,PIA,MEDIUM,5,3,4,78.854,78.679,0.39499999999999713,0.39499999999999713
2023,Spa,PIA,MEDIUM,6,3,5,79.08,78.679,0.6759999999999963,0.6759999999999963
2023,Spa,PIA,MEDIUM,7,3,6,79.47,78.679,1.1209999999999969,1.1209999999999969
2023,Spa,PIA,MEDIUM,8,3,7,79.397,78.679,1.1030000000000035,1.1030000000000035
2023,Spa,PIA,MEDIUM,9,3,8,81.667,78.679,3.4279999999999995,3.4279999999999995
2023,Spa,PIA,MEDIUM,10,3,9,81.089,78.679,2.9049999999999967,2.9049999999999967
2023,Spa,PIA,MEDIUM,11,3,10,79.227,78.679,1.0980000000000019,1.0980000000000019
2023,Spa,PIA,MEDIUM,12,3,11,80.902,78.679,2.827999999999999,2.827999999999999
2023,Spa,PIA,MEDIUM,13,3,12,79.507,78.679,1.488000000000003,1.488000000000003
2023,Spa,PIA,MEDIUM,14,3,13,79.358,78.679,1.394000000000002,1.394000000000002
2023,Spa,PIA,MEDIUM,15,3,14,79.38,78.679,1.4709999999999934,1.4709999999999934
2023,Spa,PIA,MEDIUM,16,3,15,79.453,78.679,1.5990000000000009,1.5990000000000009
2023,Spa,PIA,MEDIUM,17,3,16,79.365,78.679,1.5659999999999927,1.5659999999999927
2023,Spa,PIA,MEDIUM,18,3,17,79.396,78.679,1.6519999999999988,1.6519999999999988
2023,Spa,PIA,MEDIUM,19,3,18,79.104,78.679,1.4149999999999971,1.4149999999999971
2023,Spa,PIA,MEDIUM,20,3,19,79.096,78.679,1.4620000000000015,1.4620000000000015
2023,Spa,PIA,MEDIUM,21,3,20,78.831,78.679,1.2520000000000011,1.2520000000000011
2023,Spa,PIA,MEDIUM,22,3,21,79.078,78.679,1.554000000000001,1.554000000000001
2023,Spa,PIA,MEDIUM,23,3,22,79.2,78.679,1.7310000000000008,1.7310000000000008
2023,Spa,PIA,MEDIUM,24,3,23,80.997,78.679,3.5829999999999975,3.5829999999999975
2023,Spa,PIA,MEDIUM,25,3,24,79.393,78.679,2.033999999999999,2.033999999999999
2023,Spa,PIA,MEDIUM,26,3,25,79.1,78.679,1.7959999999999923,1.7959999999999923
2023,Spa,DEV,SOFT,2,1,1,83.068,78.594,4.5290000000000035,4.5290000000000035
2023,Spa,DEV,SOFT,3,1,2,82.007,78.594,3.523000000000011,3.523000000000011
2023,Spa,DEV,SOFT,4,1,3,81.717,78.594,3.2880000000000047,3.2880000000000047
2023,Spa,DEV,SOFT,5,1,4,81.6,78.594,3.2260000000000004,3.2260000000000004
2023,Spa,DEV,SOFT,6,1,5,81.572,78.594,3.2530000000000086,3.2530000000000086
2023,Spa,DEV,SOFT,7,1,6,82.165,78.594,3.9010000000000122,3.9010000000000122
2023,Spa,DEV,SOFT,8,1,7,82.489,78.594,4.28000000000001,4.28000000000001
2023,Spa,DEV,HARD,2,2,1,80.705,78.594,2.1660000000000044,2.1660000000000044
2023,Spa,DEV,HARD,3,2,2,81.357,78.594,2.873000000000005,2.873000000000005
2023,Spa,DEV,HARD,4,2,3,80.553,78.594,2.124000000000003,2.124000000000003
2023,Spa,DEV,HARD,5,2,4,81.363,78.594,2.9890000000000057,2.9890000000000057
2023,Spa,DEV,HARD,6,2,5,80.776,78.594,2.457000000000002,2.457000000000002
2023,Spa,DEV,HARD,7,2,6,81.022,78.594,2.7580000000000116,2.7580000000000116
2023,Spa,DEV,HARD,8,2,7,80.808,78.594,2.5990000000000126,2.5990000000000126
2023,Spa,DEV,HARD,9,2,8,81.221,78.594,3.0670000000000095,3.0670000000000095
2023,Spa,DEV,HARD,10,2,9,81.571,78.594,3.472000000000004,3.472000000000004
2023,Spa,DEV,HARD,11,2,10,81.217,78.594,3.1730000000000045,3.1730000000000045
2023,Spa,DEV,HARD,12,2,11,81.642,78.594,3.653000000000002,3.653000000000002
2023,Spa,DEV,HARD,13,2,12,81.656,78.594,3.722000000000012,3.722000000000012
2023,Spa,DEV,HARD,14,2,13,82.426,78.594,4.547000000000008,4.547000000000008
2023,Spa,DEV,HARD,15,2,14,81.431,78.594,3.6070000000000033,3.6070000000000033
2023,Spa,DEV,HARD,16,2,15,80.52,78.594,2.751000000000002,2.751000000000002
2023,Spa,DEV,HARD,17,2,16,81.99,78.594,4.276000000000001,4.276000000000001
2023,Spa,DEV,HARD,18,2,17,80.811,78.594,3.152000000000013,3.152000000000013
2023,Spa,DEV,HARD,19,2,18,80.848,78.594,3.244000000000005,3.244000000000005
2023,Spa,DEV,HARD,20,2,19,80.497,78.594,2.9480000000000057,2.9480000000000057
2023,Spa,DEV,HARD,21,2,20,80.46,78.594,2.9659999999999997,2.9659999999999997
2023,Spa,DEV,HARD,22,2,21,80.483,78.594,3.0440000000000103,3.0440000000000103
2023,Spa,DEV,HARD,23,2,22,80.503,78.594,3.119000000000006,3.119000000000006
2023,Spa,DEV,HARD,24,2,23,80.724,78.594,3.3950000000000093,3.3950000000000093
2023,Spa,DEV,HARD,25,2,24,80.923,78.594,3.649000000000008,3.649000000000008
2023,Spa,DEV,HARD,26,2,25,80.77,78.594,3.551000000000002,3.551000000000002
2023,Spa,DEV,HARD,27,2,26,80.764,78.594,3.6000000000000014,3.6000000000000014
2023,Spa,DEV,HARD,28,2,27,80.909,78.594,3.8000000000000123,3.8000000000000123
2023,Spa,DEV,MEDIUM,2,3,1,79.346,78.594,0.8070000000000096,0.8070000000000096
2023,Spa,DEV,MEDIUM,3,3,2,78.594,78.594,0.11,0.11
2023,Spa,DEV,MEDIUM,4,3,3,80.21,78.594,1.7809999999999997,1.7809999999999997
2023,Spa,DEV,MEDIUM,5,3,4,79.24,78.594,0.8660000000000008,0.8660000000000008
2023,Spa,DEV,MEDIUM,6,3,5,79.312,78.594,0.9930000000000035,0.9930000000000035
2023,Spa,DEV,MEDIUM,7,3,6,78.931,78.594,0.6670000000000034,0.6670000000000034
2023,Spa,DEV,MEDIUM,8,3,7,78.972,78.594,0.7630000000000001,0.7630000000000001
2023,Spa,DEV,MEDIUM,9,3,8,79.111,78.594,0.9570000000000101,0.9570000000000101
2023,Spa,DEV,MEDIUM,10,3,9,78.803,78.594,0.7040000000000032,0.7040000000000032
2023,Spa,DEV,MEDIUM,11,3,10,79.009,78.594,0.9650000000000063,0.9650000000000063
2023,Spa,DEV,MEDIUM,12,3,11,79.34,78.594,1.3510000000000093,1.3510000000000093
2023,Spa,DEV,MEDIUM,13,3,12,79.35,78.594,1.4160000000000004,1.4160000000000004
2023,Spa,DEV,MEDIUM,14,3,13,79.298,78.594,1.4190000000000076,1.4190000000000076
2023,Spa,DEV,MEDIUM,15,3,14,79.186,78.594,1.362000000000013,1.362000000000013
2023,Spa,DEV,MEDIUM,16,3,15,79.299,78.594,1.5300000000000125,1.5300000000000125
2023,Spa,DEV,MEDIUM,17,3,16,79.035,78.594,1.3210000000000024,1.3210000000000024
2023,Spa,DEV,MEDIUM,18,3,17,79.294,78.594,1.635000000000003,1.635000000000003
2023,Spa,DEV,MEDIUM,19,3,18,79.164,78.594,1.5600000000000074,1.5600000000000074
2023,Spa,DEV,MEDIUM,20,3,19,79.24,78.594,1.6910000000000007,1.6910000000000007
2023,Spa,DEV,MEDIUM,21,3,20,79.014,78.594,1.5200000000000018,1.5200000000000018
2023,Spa,DEV,MEDIUM,22,3,21,79.399,78.594,1.9600000000000068,1.9600000000000068
2023,Spa,DEV,MEDIUM,23,3,22,79.372,78.594,1.9880000000000058,1.9880000000000058
2023,Spa,DEV,MEDIUM,24,3,23,80.567,78.594,3.2379999999999987,3.2379999999999987
2023,Spa,DEV,MEDIUM,25,3,24,79.184,78.594,1.9100000000000035,1.9100000000000035
2023,Spa,DEV,MEDIUM,26,3,25,79.166,78.594,1.9470000000000027,1.9470000000000027
2023,Spa,DEV,MEDIUM,27,3,26,79.031,78.594,1.8670000000000118,1.8670000000000118
2023,Spa,HUL,SOFT,5,1,1,81.912,78.776,3.19100000000001,3.19100000000001
2023,Spa,HUL,SOFT,6,1,2,81.892,78.776,3.2259999999999995,3.2259999999999995
2023,Spa,HUL,SOFT,7,1,3,81.363,78.776,2.7520000000000033,2.7520000000000033
2023,Spa,HUL,SOFT,8,1,4,81.972,78.776,3.415999999999998,3.415999999999998
2023,Spa,HUL,SOFT,9,1,5,82.738,78.776,4.237000000000004,4.237000000000004
2023,Spa,HUL,SOFT,10,1,6,82.775,78.776,4.3290000000000095,4.3290000000000095
2023,Spa,HUL,MEDIUM,2,2,1,80.101,78.776,1.3800000000000028,1.3800000000000028
2023,Spa,HUL,MEDIUM,3,2,2,79.527,78.776,0.8610000000000048,0.8610000000000048
2023,Spa,HUL,MEDIUM,4,2,3,80.114,78.776,1.503000000000008,1.503000000000008
2023,Spa,HUL,MEDIUM,5,2,4,80.356,78.776,1.7999999999999983,1.7999999999999983
2023,Spa,HUL,MEDIUM,6,2,5,82.119,78.776,3.6180000000000034,3.6180000000000034
2023,Spa,HUL,MEDIUM,7,2,6,81.677,78.776,3.2310000000000105,3.2310000000000105
2023,Spa,HUL,MEDIUM,8,2,7,83.239,78.776,4.848000000000008,4.848000000000008
2023,Spa,HUL,MEDIUM,9,2,8,81.467,78.776,3.1310000000000024,3.1310000000000024
2023,Spa,HUL,MEDIUM,10,2,9,81.335,78.776,3.0539999999999976,3.0539999999999976
2023,Spa,HUL,MEDIUM,11,2,10,81.164,78.776,2.938000000000005,2.938000000000005
2023,Spa,HUL,MEDIUM,12,2,11,81.266,78.776,3.095000000000009,3.095000000000009
2023,Spa,HUL,MEDIUM,13,2,12,81.964,78.776,3.8480000000000025,3.8480000000000025
2023,Spa,HUL,MEDIUM,14,2,13,80.991,78.776,2.9300000000000033,2.9300000000000033
2023,Spa,HUL,MEDIUM,15,2,14,81.129,78.776,3.1230000000000087,3.1230000000000087
2023,Spa,HUL,MEDIUM,16,2,15,81.33,78.776,3.3790000000000022,3.3790000000000022
2023,Spa,HUL,MEDIUM,17,2,16,81.144,78.776,3.248000000000009,3.248000000000009
2023,Spa,HUL,HARD,2,3,1,78.959,78.776,0.23800000000000693,0.23800000000000693
2023,Spa,HUL,HARD,3,3,2,78.981,78.776,0.3149999999999983,0.3149999999999983
2023,Spa,HUL,HARD,4,3,3,79.314,78.776,0.7029999999999967,0.7029999999999967
2023,Spa,HUL,HARD,5,3,4,78.964,78.776,0.40800000000000236,0.40800000000000236
2023,Spa,HUL,HARD,6,3,5,79.493,78.776,0.9919999999999988,0.9919999999999988
2023,Spa,HUL,HARD,7,3,6,79.922,78.776,1.4760000000000009,1.4760000000000009
2023,Spa,HUL,HARD,8,3,7,79.177,78.776,0.7860000000000105,0.7860000000000105
2023,Spa,HUL,HARD,9,3,8,79.874,78.776,1.537999999999999,1.537999999999999
2023,Spa,HUL,HARD,10,3,9,80.814,78.776,2.532999999999997,2.532999999999997
2023,Spa,HUL,HARD,11,3,10,80.041,78.776,1.8150000000000006,1.8150000000000006
2023,Spa,HUL,HARD,12,3,11,80.033,78.776,1.862000000000005,1.862000000000005
2023,Spa,HUL,HARD,13,3,12,80.31,78.776,2.194000000000006,2.194000000000006
2023,Spa,HUL,HARD,14,3,13,80.031,78.776,1.9700000000000095,1.9700000000000095
2023,Spa,HUL,HARD,15,3,14,80.039,78.776,2.0330000000000052,2.0330000000000052
2023,Spa,HUL,HARD,16,3,15,80.001,78.776,2.0500000000000087,2.0500000000000087
2023,Spa,HUL,MEDIUM,2,4,1,78.912,78.776,0.19100000000000988,0.19100000000000988
2023,Spa,HUL,MEDIUM,3,4,2,78.841,78.776,0.1749999999999977,0.1749999999999977
2023,Spa,HUL,MEDIUM,4,4,3,79.121,78.776,0.5099999999999989,0.5099999999999989
2023,Spa,HUL,MEDIUM,5,4,4,78.947,78.776,0.39100000000000645,0.39100000000000645
2023,Spa,HUL,MEDIUM,6,4,5,79.272,78.776,0.7710000000000093,0.7710000000000093
2023,Spa,HUL,MEDIUM,7,4,6,78.855,78.776,0.40900000000000775,0.40900000000000775
2023,Spa,HUL,MEDIUM,8,4,7,78.861,78.776,0.47000000000000797,0.47000000000000797
2023,Spa,HUL,MEDIUM,9,4,8,78.962,78.776,0.626000000000007,0.626000000000007
2023,Spa,HUL,MEDIUM,10,4,9,78.776,78.776,0.495,0.495
2023,Spa,HUL,MEDIUM,11,4,10,78.951,78.776,0.7249999999999972,0.7249999999999972
2023,Spa,HUL,MEDIUM,12,4,11,80.482,78.776,2.311000000000003,2.311000000000003
2023,Spa,HUL,MEDIUM,13,4,12,79.721,78.776,1.6050000000000075,1.6050000000000075
2023,Spa,HUL,MEDIUM,14,4,13,79.128,78.776,1.0670000000000037,1.0670000000000037
2023,Spa,HUL,MEDIUM,15,4,14,79.151,78.776,1.145,1.145
2023,Spa,HUL,MEDIUM,16,4,15,78.985,78.776,1.0340000000000031,1.0340000000000031
2023,Spa,HUL,MEDIUM,17,4,16,78.997,78.776,1.1010000000000035,1.1010000000000035
2023,Spa,HUL,MEDIUM,18,4,17,78.949,78.776,1.1080000000000019,1.1080000000000019
2023,Spa,HUL,MEDIUM,19,4,18,79.232,78.776,1.446000000000003,1.446000000000003
2023,Spa,HUL,MEDIUM,20,4,19,79.524,78.776,1.7930000000000046,1.7930000000000046
2023,Spa,HUL,MEDIUM,21,4,20,79.32,78.776,1.643999999999997,1.643999999999997
2023,Spa,HUL,MEDIUM,22,4,21,79.416,78.776,1.7950000000000006,1.7950000000000006
2023,Spa,ALB,SOFT,2,1,1,83.056,79.133,3.978000000000002,3.978000000000002
2023,Spa,ALB,SOFT,3,1,2,82.115,79.133,3.091999999999999,3.091999999999999
2023,Spa,ALB,SOFT,4,1,3,81.84,79.133,2.872000000000008,2.872000000000008
2023,Spa,ALB,SOFT,5,1,4,81.845,79.133,2.9320000000000035,2.9320000000000035
2023,Spa,ALB,SOFT,6,1,5,81.896,79.133,3.038000000000005,3.038000000000005
2023,Spa,ALB,SOFT,7,1,6,83.182,79.133,4.379000000000007,4.379000000000007
2023,Spa,ALB,SOFT,8,1,7,82.386,79.133,3.638,3.638
2023,Spa,ALB,SOFT,9,1,8,82.443,79.133,3.750000000000002,3.750000000000002
2023,Spa,ALB,SOFT,10,1,9,82.507,79.133,3.8690000000000095,3.8690000000000095
2023,Spa,ALB,SOFT,11,1,10,82.274,79.133,3.691000000000005,3.691000000000005
2023,Spa,ALB,SOFT,12,1,11,82.189,79.133,3.6609999999999974,3.6609999999999974
2023,Spa,ALB,SOFT,13,1,12,82.081,79.133,3.6080000000000076,3.6080000000000076
2023,Spa,ALB,SOFT,14,1,13,82.137,79.133,3.7190000000000047,3.7190000000000047
2023,Spa,ALB,SOFT,15,1,14,82.189,79.133,3.8259999999999974,3.8259999999999974
2023,Spa,ALB,HARD,2,2,1,80.754,79.133,1.6760000000000093,1.6760000000000093
2023,Spa,ALB,HARD,3,2,2,80.593,79.133,1.570000000000008,1.570000000000008
2023,Spa,ALB,HARD,4,2,3,80.897,79.133,1.92900000000001,1.92900000000001
2023,Spa,ALB,HARD,5,2,4,80.981,79.133,2.067999999999999,2.067999999999999
2023,Spa,ALB,HARD,6,2,5,81.195,79.133,2.3369999999999975,2.3369999999999975
2023,Spa,ALB,HARD,7,2,6,81.094,79.133,2.2909999999999986,2.2909999999999986
2023,Spa,ALB,HARD,8,2,7,81.121,79.133,2.3729999999999993,2.3729999999999993
2023,Spa,ALB,HARD,9,2,8,81.114,79.133,2.4210000000000087,2.4210000000000087
2023,Spa,ALB,HARD,10,2,9,81.02,79.133,2.3820000000000006,2.3820000000000006
2023,Spa,ALB,HARD,11,2,10,80.762,79.133,2.1790000000000047,2.1790000000000047
2023,Spa,ALB,HARD,12,2,11,81.033,79.133,2.5050000000000057,2.5050000000000057
2023,Spa,ALB,HARD,13,2,12,80.895,79.133,2.4220000000000006,2.4220000000000006
2023,Spa,ALB,HARD,14,2,13,80.671,79.133,2.2530000000000108,2.2530000000000108
2023,Spa,ALB,HARD,15,2,14,80.912,79.133,2.5490000000000106,2.5490000000000106
2023,Spa,ALB,HARD,16,2,15,82.413,79.133,4.105000000000001,4.105000000000001
2023,Spa,ALB,HARD,17,2,16,81.221,79.133,2.968000000000008,2.968000000000008
2023,Spa,ALB,HARD,18,2,17,81.159,79.133,2.9610000000000105,2.9610000000000105
2023,Spa,ALB,HARD,19,2,18,80.941,79.133,2.798000000000007,2.798000000000007
2023,Spa,ALB,HARD,20,2,19,81.342,79.133,3.254000000000003,3.254000000000003
2023,Spa,ALB,MEDIUM,2,3,1,79.77,79.133,0.6920000000000005,0.6920000000000005
2023,Spa,ALB,MEDIUM,3,3,2,79.546,79.133,0.5230000000000109,0.5230000000000109
2023,Spa,ALB,MEDIUM,4,3,3,79.5,79.133,0.5320000000000045,0.5320000000000045
2023,Spa,ALB,MEDIUM,5,3,4,79.639,79.133,0.7260000000000002,0.7260000000000002
2023,Spa,ALB,MEDIUM,6,3,5,79.836,79.133,0.978000000000003,0.978000000000003
2023,Spa,ALB,MEDIUM,7,3,6,79.758,79.133,0.9550000000000001,0.9550000000000001
2023,Spa,ALB,MEDIUM,8,3,7,79.654,79.133,0.9060000000000008,0.9060000000000008
2023,Spa,ALB,MEDIUM,9,3,8,79.62,79.133,0.9270000000000089,0.9270000000000089
2023,Spa,ALB,MEDIUM,10,3,9,79.525,79.133,0.8870000000000101,0.8870000000000101
2023,Spa,ALB,MEDIUM,11,3,10,79.426,79.133,0.8430000000000064,0.8430000000000064
2023,Spa,ALB,MEDIUM,12,3,11,79.712,79.133,1.1840000000000077,1.1840000000000077
2023,Spa,ALB,MEDIUM,13,3,12,79.65,79.133,1.1770000000000103,1.1770000000000103
2023,Spa,ALB,MEDIUM,14,3,13,79.447,79.133,1.029000000000007,1.029000000000007
2023,Spa,ALB,MEDIUM,15,3,14,79.39,79.133,1.027000000000005,1.027000000000005
2023,Spa,ALB,MEDIUM,16,3,15,79.327,79.133,1.0190000000000026,1.0190000000000026
2023,Spa,ALB,MEDIUM,17,3,16,79.347,79.133,1.0939999999999985,1.0939999999999985
2023,Spa,ALB,MEDIUM,18,3,17,79.415,79.133,1.2170000000000107,1.2170000000000107
2023,Spa,ALB,MEDIUM,19,3,18,79.343,79.133,1.200000000000008,1.200000000000008
2023,Spa,ALB,MEDIUM,20,3,19,79.189,79.133,1.1009999999999973,1.1009999999999973
2023,Spa,ALB,MEDIUM,21,3,20,79.248,79.133,1.2150000000000092,1.2150000000000092
2023,Spa,ALB,MEDIUM,22,3,21,79.133,79.133,1.155,1.155
2023,Spa,ALB,MEDIUM,23,3,22,79.26,79.133,1.3370000000000095,1.3370000000000095
2023,Spa,ALB,MEDIUM,24,3,23,80.461,79.133,2.5930000000000026,2.5930000000000026
2023,Spa,ALB,MEDIUM,25,3,24,79.647,79.133,1.83400000000001,1.83400000000001
2023,Spa,ALB,MEDIUM,26,3,25,79.374,79.133,1.6159999999999997,1.6159999999999997
2023,Spa,ALB,MEDIUM,27,3,26,79.307,79.133,1.6040000000000065,1.6040000000000065
2023,Spa,ALB,MEDIUM,28,3,27,79.419,79.133,1.7710000000000015,1.7710000000000015
2023,Spa,NOR,HARD,2,2,1,80.072,77.182,2.9450000000000007,2.9450000000000007
2023,Spa,NOR,HARD,3,2,2,80.051,77.182,2.9789999999999996,2.9789999999999996
2023,Spa,NOR,HARD,4,2,3,80.241,77.182,3.2239999999999975,3.2239999999999975
2023,Spa,NOR,HARD,5,2,4,81.022,77.182,4.060000000000003,4.060000000000003
2023,Spa,NOR,HARD,6,2,5,80.818,77.182,3.9109999999999956,3.9109999999999956
2023,Spa,NOR,HARD,7,2,6,80.807,77.182,3.955,3.955
2023,Spa,NOR,HARD,8,2,7,81.17,77.182,4.372999999999999,4.372999999999999
2023,Spa,NOR,HARD,9,2,8,82.136,77.182,5.393999999999994,5.393999999999994
2023,Spa,NOR,HARD,10,2,9,81.956,77.182,5.269000000000001,5.269000000000001
2023,Spa,NOR,HARD,11,2,10,81.641,77.182,5.009000000000003,5.009000000000003
2023,Spa,NOR,HARD,12,2,11,81.744,77.182,5.166999999999998,5.166999999999998
2023,Spa,NOR,HARD,13,2,12,81.093,77.182,4.5710000000000015,4.5710000000000015
2023,Spa,NOR,HARD,14,2,13,81.359,77.182,4.891999999999992,4.891999999999992
2023,Spa,NOR,HARD,15,2,14,81.782,77.182,5.369999999999994,5.369999999999994
2023,Spa,NOR,HARD,16,2,15,82.536,77.182,6.178999999999999,6.178999999999999
2023,Spa,NOR,HARD,17,2,16,81.694,77.182,5.392,5.392
2023,Spa,NOR,HARD,18,2,17,81.746,77.182,5.4989999999999934,5.4989999999999934
2023,Spa,NOR,HARD,19,2,18,81.428,77.182,5.235999999999995,5.235999999999995
2023,Spa,NOR,HARD,20,2,19,81.589,77.182,5.451999999999996,5.451999999999996
2023,Spa,NOR,MEDIUM,2,3,1,79.705,77.182,2.5779999999999963,2.5779999999999963
2023,Spa,NOR,MEDIUM,3,3,2,80.056,77.182,2.983999999999995,2.983999999999995
2023,Spa,NOR,MEDIUM,4,3,3,79.975,77.182,2.957999999999992,2.957999999999992
2023,Spa,NOR,MEDIUM,5,3,4,79.88,77.182,2.9179999999999935,2.9179999999999935
2023,Spa,NOR,MEDIUM,6,3,5,80.091,77.182,3.1839999999999917,3.1839999999999917
2023,Spa,NOR,MEDIUM,7,3,6,80.076,77.182,3.2239999999999913,3.2239999999999913
2023,Spa,NOR,MEDIUM,8,3,7,80.125,77.182,3.3279999999999976,3.3279999999999976
2023,Spa,NOR,MEDIUM,9,3,8,80.117,77.182,3.375000000000002,3.375000000000002
2023,Spa,NOR,MEDIUM,10,3,9,79.942,77.182,3.254999999999991,3.254999999999991
2023,Spa,NOR,MEDIUM,11,3,10,79.803,77.182,3.170999999999995,3.170999999999995
2023,Spa,NOR,MEDIUM,12,3,11,80.248,77.182,3.6710000000000025,3.6710000000000025
2023,Spa,NOR,MEDIUM,13,3,12,80.288,77.182,3.7659999999999947,3.7659999999999947
2023,Spa,NOR,MEDIUM,14,3,13,80.499,77.182,4.031999999999993,4.031999999999993
2023,Spa,NOR,MEDIUM,15,3,14,80.461,77.182,4.048999999999996,4.048999999999996
2023,Spa,NOR,MEDIUM,16,3,15,82.135,77.182,5.778000000000003,5.778000000000003
2023,Spa,NOR,MEDIUM,17,3,16,80.469,77.182,4.166999999999992,4.166999999999992
2023,Spa,NOR,MEDIUM,18,3,17,79.881,77.182,3.633999999999998,3.633999999999998
2023,Spa,NOR,MEDIUM,19,3,18,80.992,77.182,4.8000000000000025,4.8000000000000025
2023,Spa,NOR,MEDIUM,20,3,19,80.707,77.182,4.569999999999991,4.569999999999991
2023,Spa,NOR,MEDIUM,21,3,20,79.576,77.182,3.4939999999999913,3.4939999999999913
2023,Spa,NOR,MEDIUM,22,3,21,79.865,77.182,3.837999999999993,3.837999999999993
2023,Spa,NOR,MEDIUM,23,3,22,79.925,77.182,3.952999999999995,3.952999999999995
2023,Spa,NOR,MEDIUM,24,3,23,79.896,77.182,3.9789999999999983,3.9789999999999983
2023,Spa,NOR,MEDIUM,25,3,24,80.146,77.182,4.283999999999999,4.283999999999999
2023,Spa,NOR,MEDIUM,26,3,25,79.863,77.182,4.055999999999997,4.055999999999997
2023,Spa,NOR,MEDIUM,27,3,26,79.826,77.182,4.073999999999991,4.073999999999991
2023,Spa,NOR,SOFT,5,4,1,78.809,77.182,1.6819999999999953,1.6819999999999953
2023,Spa,NOR,SOFT,6,4,2,77.287,77.182,0.21500000000000397,0.21500000000000397
2023,Spa,NOR,SOFT,7,4,3,78.746,77.182,1.728999999999993,1.728999999999993
2023,Spa,NOR,SOFT,8,4,4,77.182,77.182,0.22,0.22
2023,Spa,NOR,SOFT,9,4,5,77.939,77.182,1.0319999999999907,1.0319999999999907
2023,Spa,NOR,SOFT,10,4,6,78.16,77.182,1.3079999999999945,1.3079999999999945
2023,Spa,NOR,SOFT,11,4,7,78.412,77.182,1.615000000000004,1.615000000000004
2023,Spa,NOR,SOFT,12,4,8,80.534,77.182,3.792000000000004,3.792000000000004
2023,Spa,NOR,SOFT,13,4,9,80.532,77.182,3.8449999999999944,3.8449999999999944
2023,Spa,NOR,SOFT,14,4,10,79.503,77.182,2.8709999999999978,2.8709999999999978
2023,Spa,NOR,SOFT,15,4,11,79.43,77.182,2.8530000000000046,2.8530000000000046
2023,Spa,NOR,SOFT,16,4,12,79.36,77.182,2.8379999999999974,2.8379999999999974
2023,Spa,NOR,SOFT,17,4,13,79.022,77.182,2.5550000000000033,2.5550000000000033
2023,Spa,NOR,SOFT,18,4,14,78.833,77.182,2.4209999999999963,2.4209999999999963
2023,Spa,MAG,SOFT,2,1,1,82.725,78.069,4.710999999999991,4.710999999999991
2023,Spa,MAG,SOFT,3,1,2,81.836,78.069,3.876999999999996,3.876999999999996
2023,Spa,MAG,SOFT,4,1,3,82.097,78.069,4.192999999999992,4.192999999999992
2023,Spa,MAG,SOFT,5,1,4,81.294,78.069,3.4449999999999945,3.4449999999999945
2023,Spa,MAG,SOFT,6,1,5,81.593,78.069,3.799000000000001,3.799000000000001
2023,Spa,MAG,SOFT,7,1,6,82.354,78.069,4.614999999999997,4.614999999999997
2023,Spa,MAG,SOFT,8,1,7,82.486,78.069,4.802000000000001,4.802000000000001
2023,Spa,MAG,SOFT,9,1,8,81.53,78.069,3.9009999999999985,3.9009999999999985
2023,Spa,MAG,MEDIUM,2,2,1,80.176,78.069,2.1619999999999995,2.1619999999999995
2023,Spa,MAG,MEDIUM,3,2,2,80.504,78.069,2.545000000000002,2.545000000000002
2023,Spa,MAG,MEDIUM,4,2,3,80.706,78.069,2.8020000000000005,2.8020000000000005
2023,Spa,MAG,MEDIUM,5,2,4,81.069,78.069,3.22,3.22
2023,Spa,MAG,MEDIUM,6,2,5,81.119,78.069,3.324999999999997,3.324999999999997
2023,Spa,MAG,MEDIUM,7,2,6,81.203,78.069,3.4640000000000004,3.4640000000000004
2023,Spa,MAG,MEDIUM,8,2,7,81.031,78.069,3.347000000000003,3.347000000000003
2023,Spa,MAG,MEDIUM,9,2,8,81.719,78.069,4.089999999999992,4.089999999999992
2023,Spa,MAG,MEDIUM,10,2,9,81.51,78.069,3.9360000000000026,3.9360000000000026
2023,Spa,MAG,MEDIUM,11,2,10,81.662,78.069,4.143000000000003,4.143000000000003
2023,Spa,MAG,MEDIUM,12,2,11,81.631,78.069,4.166999999999998,4.166999999999998
2023,Spa,MAG,MEDIUM,13,2,12,81.847,78.069,4.437999999999992,4.437999999999992
2023,Spa,MAG,HARD,2,3,1,79.412,78.069,1.3980000000000035,1.3980000000000035
2023,Spa,MAG,HARD,3,3,2,79.009,78.069,1.0499999999999978,1.0499999999999978
2023,Spa,MAG,HARD,4,3,3,79.264,78.069,1.3599999999999932,1.3599999999999932
2023,Spa,MAG,HARD,5,3,4,79.627,78.069,1.7779999999999927,1.7779999999999927
2023,Spa,MAG,HARD,6,3,5,79.734,78.069,1.939999999999992,1.939999999999992
2023,Spa,MAG,HARD,7,3,6,79.98,78.069,2.2410000000000014,2.2410000000000014
2023,Spa,MAG,HARD,8,3,7,80.401,78.069,2.7169999999999934,2.7169999999999934
2023,Spa,MAG,HARD,9,3,8,80.774,78.069,3.1449999999999982,3.1449999999999982
2023,Spa,MAG,HARD,10,3,9,80.679,78.069,3.1049999999999995,3.1049999999999995
2023,Spa,MAG,HARD,11,3,10,80.085,78.069,2.565999999999991,2.565999999999991
2023,Spa,MAG,HARD,12,3,11,80.459,78.069,2.9950000000000006,2.9950000000000006
2023,Spa,MAG,HARD,13,3,12,81.792,78.069,4.382999999999999,4.382999999999999
2023,Spa,MAG,HARD,14,3,13,81.479,78.069,4.1249999999999964,4.1249999999999964
2023,Spa,MAG,HARD,15,3,14,79.939,78.069,2.6399999999999904,2.6399999999999904
2023,Spa,MAG,HARD,16,3,15,82.531,78.069,5.2870000000000035,5.2870000000000035
2023,Spa,MAG,HARD,17,3,16,80.194,78.069,3.005,3.005
2023,Spa,MAG,MEDIUM,2,4,1,78.069,78.069,0.055,0.055
2023,Spa,MAG,MEDIUM,3,4,2,78.282,78.069,0.32299999999999385,0.32299999999999385
2023,Spa,MAG,MEDIUM,4,4,3,78.851,78.069,0.9469999999999965,0.9469999999999965
2023,Spa,MAG,MEDIUM,5,4,4,79.166,78.069,1.3169999999999942,1.3169999999999942
2023,Spa,MAG,MEDIUM,6,4,5,78.7,78.069,0.9060000000000002,0.9060000000000002
2023,Spa,MAG,MEDIUM,7,4,6,79.105,78.069,1.3660000000000014,1.3660000000000014
2023,Spa,MAG,MEDIUM,8,4,7,78.98,78.069,1.2960000000000014,1.2960000000000014
2023,Spa,MAG,MEDIUM,9,4,8,79.101,78.069,1.4719999999999964,1.4719999999999964
2023,Spa,MAG,MEDIUM,10,4,9,79.345,78.069,1.7709999999999964,1.7709999999999964
2023,Spa,MAG,MEDIUM,11,4,10,79.396,78.069,1.8769999999999982,1.8769999999999982
2023,Spa,MAG,MEDIUM,12,4,11,79.311,78.069,1.8470000000000044,1.8470000000000044
2023,Spa,MAG,MEDIUM,13,4,12,79.187,78.069,1.7779999999999951,1.7779999999999951
2023,Spa,MAG,MEDIUM,14,4,13,79.389,78.069,2.034999999999993,2.034999999999993
2023,Spa,MAG,MEDIUM,15,4,14,79.199,78.069,1.8999999999999955,1.8999999999999955
2023,Spa,MAG,MEDIUM,16,4,15,79.397,78.069,2.153000000000003,2.153000000000003
2023,Spa,MAG,MEDIUM,17,4,16,81.015,78.069,3.825999999999998,3.825999999999998
2023,Spa,MAG,MEDIUM,18,4,17,80.31,78.069,3.1759999999999997,3.1759999999999997
2023,Spa,MAG,MEDIUM,19,4,18,79.492,78.069,2.413000000000002,2.413000000000002
2023,Spa,MAG,MEDIUM,20,4,19,79.407,78.069,2.382999999999994,2.382999999999994
2023,Spa,MAG,MEDIUM,21,4,20,79.496,78.069,2.5269999999999926,2.5269999999999926
2023,Spa,MAG,MEDIUM,22,4,21,82.711,78.069,5.796999999999996,5.796999999999996
2023,Spa,MAG,MEDIUM,23,4,22,83.209,78.069,6.3500000000000005,6.3500000000000005
2023,Spa,BOT,SOFT,2,1,1,83.122,78.242,4.934999999999995,4.934999999999995
2023,Spa,BOT,SOFT,3,1,2,82.033,78.242,3.9009999999999967,3.9009999999999967
2023,Spa,BOT,SOFT,4,1,3,82.24,78.242,4.1629999999999905,4.1629999999999905
2023,Spa,BOT,HARD,2,2,1,80.188,78.242,2.000999999999998,2.000999999999998
2023,Spa,BOT,HARD,3,2,2,79.955,78.242,1.822999999999994,1.822999999999994
2023,Spa,BOT,HARD,4,2,3,80.485,78.242,2.407999999999995,2.407999999999995
2023,Spa,BOT,HARD,5,2,4,82.633,78.242,4.610999999999991,4.610999999999991
2023,Spa,BOT,HARD,6,2,5,81.56,78.242,3.5929999999999978,3.5929999999999978
2023,Spa,BOT,HARD,7,2,6,81.19,78.242,3.2779999999999934,3.2779999999999934
2023,Spa,BOT,HARD,8,2,7,80.805,78.242,2.948000000000002,2.948000000000002
2023,Spa,BOT,HARD,9,2,8,82.361,78.242,4.559,4.559
2023,Spa,BOT,HARD,10,2,9,82.934,78.242,5.186999999999993,5.186999999999993
2023,Spa,BOT,HARD,11,2,10,81.922,78.242,4.229999999999992,4.229999999999992
2023,Spa,BOT,HARD,12,2,11,81.789,78.242,4.1519999999999975,4.1519999999999975
2023,Spa,BOT,HARD,13,2,12,81.419,78.242,3.8369999999999926,3.8369999999999926
2023,Spa,BOT,HARD,14,2,13,81.578,78.242,4.050999999999998,4.050999999999998
2023,Spa,BOT,HARD,15,2,14,83.449,78.242,5.976999999999993,5.976999999999993
2023,Spa,BOT,HARD,16,2,15,81.727,78.242,4.31,4.31
2023,Spa,BOT,HARD,17,2,16,81.807,78.242,4.444999999999998,4.444999999999998
2023,Spa,BOT,HARD,18,2,17,81.673,78.242,4.365999999999998,4.365999999999998
2023,Spa,BOT,HARD,19,2,18,81.559,78.242,4.306999999999993,4.306999999999993
2023,Spa,BOT,HARD,20,2,19,81.219,78.242,4.02199999999999,4.02199999999999
2023,Spa,BOT,HARD,21,2,20,81.205,78.242,4.0629999999999935,4.0629999999999935
2023,Spa,BOT,HARD,22,2,21,81.15,78.242,4.0630000000000015,4.0630000000000015
2023,Spa,BOT,HARD,23,2,22,81.253,78.242,4.220999999999996,4.220999999999996
2023,Spa,BOT,HARD,24,2,23,81.141,78.242,4.164000000000001,4.164000000000001
2023,Spa,BOT,HARD,25,2,24,80.866,78.242,3.9439999999999955,3.9439999999999955
2023,Spa,BOT,HARD,26,2,25,80.928,78.242,4.060999999999993,4.060999999999993
2023,Spa,BOT,HARD,27,2,26,81.081,78.242,4.268999999999998,4.268999999999998
2023,Spa,BOT,HARD,28,2,27,81.425,78.242,4.667999999999993,4.667999999999993
2023,Spa,BOT,HARD,29,2,28,83.001,78.242,6.299,6.299
2023,Spa,BOT,HARD,30,2,29,81.606,78.242,4.95899999999999,4.95899999999999
2023,Spa,BOT,HARD,31,2,30,81.789,78.242,5.196999999999997,5.196999999999997
2023,Spa,BOT,HARD,32,2,31,83.289,78.242,6.751999999999997,6.751999999999997
2023,Spa,BOT,HARD,33,2,32,81.948,78.242,5.465999999999989,5.465999999999989
2023,Spa,BOT,HARD,2,3,1,80.472,78.242,2.28499999999999,2.28499999999999
2023,Spa,BOT,HARD,3,3,2,79.706,78.242,1.5739999999999987,1.5739999999999987
2023,Spa,BOT,HARD,4,3,3,80.158,78.242,2.080999999999997,2.080999999999997
2023,Spa,BOT,HARD,5,3,4,82.064,78.242,4.041999999999988,4.041999999999988
2023,Spa,BOT,HARD,6,3,5,79.292,78.242,1.324999999999997,1.324999999999997
2023,Spa,BOT,HARD,7,3,6,78.885,78.242,0.9730000000000008,0.9730000000000008
2023,Spa,BOT,HARD,8,3,7,78.956,78.242,1.0989999999999986,1.0989999999999986
2023,Spa,BOT,HARD,9,3,8,79.498,78.242,1.6960000000000002,1.6960000000000002
2023,Spa,BOT,HARD,10,3,9,79.208,78.242,1.460999999999994,1.460999999999994
2023,Spa,BOT,HARD,11,3,10,78.242,78.242,0.55,0.55
2023,Spa,BOT,HARD,12,3,11,79.231,78.242,1.59399999999999,1.59399999999999
2023,Spa,BOT,HARD,13,3,12,79.531,78.242,1.9490000000000016,1.9490000000000016
2023,Spa,BOT,HARD,14,3,13,81.381,78.242,3.8539999999999957,3.8539999999999957
2023,Spa,BOT,HARD,15,3,14,80.104,78.242,2.631999999999995,2.631999999999995
2023,Spa,BOT,HARD,16,3,15,79.523,78.242,2.105999999999992,2.105999999999992
2023,Spa,BOT,HARD,17,3,16,81.435,78.242,4.072999999999998,4.072999999999998
2023,Spa,BOT,HARD,18,3,17,79.922,78.242,2.6149999999999927,2.6149999999999927
2023,Spa,BOT,HARD,19,3,18,81.352,78.242,4.1,4.1
2023,Spa,BOT,HARD,20,3,19,79.359,78.242,2.16199999999999,2.16199999999999
2023,Spa,BOT,HARD,21,3,20,79.704,78.242,2.561999999999989,2.561999999999989
2023,Spa,BOT,HARD,22,3,21,78.959,78.242,1.8719999999999988,1.8719999999999988
2023,Spa,BOT,HARD,23,3,22,79.72,78.242,2.6879999999999944,2.6879999999999944
2023,Spa,BOT,HARD,24,3,23,79.774,78.242,2.796999999999996,2.796999999999996
2023,Spa,BOT,HARD,25,3,24,82.619,78.242,5.696999999999996,5.696999999999996
2023,Spa,BOT,HARD,26,3,25,80.781,78.242,3.9140000000000015,3.9140000000000015
2023,Spa,SAR,MEDIUM,2,1,1,82.426,79.247,3.234000000000002,3.234000000000002
2023,Spa,SAR,MEDIUM,3,1,2,82.124,79.247,2.986999999999995,2.986999999999995
2023,Spa,SAR,MEDIUM,4,1,3,83.489,79.247,4.4070000000000045,4.4070000000000045
2023,Spa,SAR,MEDIUM,5,1,4,82.011,79.247,2.983999999999996,2.983999999999996
2023,Spa,SAR,MEDIUM,6,1,5,81.665,79.247,2.6930000000000063,2.6930000000000063
2023,Spa,SAR,MEDIUM,7,1,6,82.229,79.247,3.3119999999999994,3.3119999999999994
2023,Spa,SAR,MEDIUM,8,1,7,82.16,79.247,3.2979999999999965,3.2979999999999965
2023,Spa,SAR,MEDIUM,9,1,8,82.317,79.247,3.509999999999993,3.509999999999993
2023,Spa,SAR,MEDIUM,10,1,9,82.595,79.247,3.842999999999999,3.842999999999999
2023,Spa,SAR,MEDIUM,11,1,10,82.45,79.247,3.753000000000003,3.753000000000003
2023,Spa,SAR,MEDIUM,12,1,11,82.16,79.247,3.5179999999999967,3.5179999999999967
2023,Spa,SAR,MEDIUM,13,1,12,81.968,79.247,3.381000000000004,3.381000000000004
2023,Spa,SAR,MEDIUM,14,1,13,82.188,79.247,3.6560000000000024,3.6560000000000024
2023,Spa,SAR,MEDIUM,15,1,14,82.998,79.247,4.521000000000004,4.521000000000004
2023,Spa,SAR,MEDIUM,16,1,15,82.913,79.247,4.490999999999997,4.490999999999997
2023,Spa,SAR,HARD,2,2,1,80.458,79.247,1.2659999999999985,1.2659999999999985
2023,Spa,SAR,HARD,3,2,2,80.615,79.247,1.477999999999995,1.477999999999995
2023,Spa,SAR,HARD,4,2,3,80.676,79.247,1.594000000000002,1.594000000000002
2023,Spa,SAR,HARD,5,2,4,80.636,79.247,1.6089999999999958,1.6089999999999958
2023,Spa,SAR,HARD,6,2,5,80.672,79.247,1.699999999999997,1.699999999999997
2023,Spa,SAR,HARD,7,2,6,80.994,79.247,2.077,2.077
2023,Spa,SAR,HARD,8,2,7,81.033,79.247,2.171000000000001,2.171000000000001
2023,Spa,SAR,HARD,9,2,8,81.004,79.247,2.197000000000005,2.197000000000005
2023,Spa,SAR,HARD,10,2,9,80.762,79.247,2.0100000000000007,2.0100000000000007
2023,Spa,SAR,HARD,11,2,10,80.834,79.247,2.137000000000003,2.137000000000003
2023,Spa,SAR,HARD,12,2,11,80.844,79.247,2.201999999999994,2.201999999999994
2023,Spa,SAR,HARD,13,2,12,80.946,79.247,2.358999999999998,2.358999999999998
2023,Spa,SAR,HARD,14,2,13,82.182,79.247,3.650000000000002,3.650000000000002
2023,Spa,SAR,HARD,15,2,14,81.19,79.247,2.712999999999998,2.712999999999998
2023,Spa,SAR,HARD,16,2,15,81.224,79.247,2.802000000000004,2.802000000000004
2023,Spa,SAR,HARD,17,2,16,81.054,79.247,2.687000000000002,2.687000000000002
2023,Spa,SAR,HARD,18,2,17,82.383,79.247,4.070999999999996,4.070999999999996
2023,Spa,SAR,HARD,2,3,1,79.318,79.247,0.12599999999999795,0.12599999999999795
2023,Spa,SAR,HARD,3,3,2,79.622,79.247,0.485,0.485
2023,Spa,SAR,HARD,4,3,3,79.603,79.247,0.5209999999999946,0.5209999999999946
2023,Spa,SAR,HARD,5,3,4,79.247,79.247,0.22,0.22
2023,Spa,SAR,HARD,6,3,5,79.62,79.247,0.6480000000000047,0.6480000000000047
2023,Spa,SAR,HARD,7,3,6,79.805,79.247,0.888000000000007,0.888000000000007
2023,Spa,SAR,HARD,8,3,7,79.835,79.247,0.9729999999999939,0.9729999999999939
2023,Spa,SAR,HARD,9,3,8,79.835,79.247,1.0279999999999938,1.0279999999999938
2023,Spa,SAR,HARD,10,3,9,79.653,79.247,0.9010000000000059,0.9010000000000059
2023,Spa,SAR,HARD,11,3,10,79.646,79.247,0.949000000000001,0.949000000000001
2023,Spa,SAR,HARD,12,3,11,80.875,79.247,2.233,2.233
2023,Spa,SAR,HARD,13,3,12,80.052,79.247,1.465000000000007,1.465000000000007
2023,Spa,SAR,HARD,14,3,13,80.019,79.247,1.4870000000000054,1.4870000000000054
2023,Spa,SAR,HARD,15,3,14,79.942,79.247,1.4649999999999932,1.4649999999999932
2023,Spa,SAR,HARD,16,3,15,79.943,79.247,1.520999999999998,1.520999999999998
2023,Spa,SAR,HARD,17,3,16,79.943,79.247,1.5759999999999978,1.5759999999999978
2023,Spa,SAR,HARD,18,3,17,79.72,79.247,1.407999999999999,1.407999999999999
2023,Spa,SAR,HARD,19,3,18,81.834,79.247,3.5770000000000035,3.5770000000000035
2023,Spa,SAR,HARD,20,3,19,79.827,79.247,1.6249999999999982,1.6249999999999982
2023,Spa,SAR,HARD,21,3,20,80.009,79.247,1.8620000000000005,1.8620000000000005
2023,Spa,SAR,HARD,22,3,21,82.807,79.247,4.7150000000000025,4.7150000000000025
2023,Spa,SAR,HARD,23,3,22,81.829,79.247,3.7919999999999936,3.7919999999999936
2023,Spa,SAR,HARD,24,3,23,80.119,79.247,2.1369999999999996,2.1369999999999996
2023,Spa,SAR,HARD,25,3,24,81.28,79.247,3.3530000000000015,3.3530000000000015
2023,Spa,SAR,HARD,26,3,25,82.134,79.247,4.2620000000000005,4.2620000000000005
2023,Spa,SAR,HARD,27,3,26,80.42,79.247,2.6030000000000015,2.6030000000000015
2023,Spa,SAR,HARD,28,3,27,79.98,79.247,2.2180000000000044,2.2180000000000044
2023,Spa,SAR,HARD,29,3,28,80.254,79.247,2.547000000000005,2.547000000000005
2022,Silverstone,VER,MEDIUM,3,2,1,93.807,92.135,1.726999999999997,1.726999999999997
2022,Silverstone,VER,MEDIUM,4,2,2,93.489,92.135,1.4639999999999993,1.4639999999999993
2022,Silverstone,VER,MEDIUM,5,2,3,93.539,92.135,1.5689999999999964,1.5689999999999964
2022,Silverstone,VER,MEDIUM,6,2,4,93.762,92.135,1.8469999999999953,1.8469999999999953
2022,Silverstone,VER,MEDIUM,7,2,5,93.451,92.135,1.5909999999999882,1.5909999999999882
2022,Silverstone,VER,MEDIUM,8,2,6,93.606,92.135,1.8009999999999895,1.8009999999999895
2022,Silverstone,VER,MEDIUM,9,2,7,93.486,92.135,1.735999999999999,1.735999999999999
2022,Silverstone,VER,MEDIUM,2,3,1,94.388,92.135,2.3080000000000003,2.3080000000000003
2022,Silverstone,VER,MEDIUM,3,3,2,94.806,92.135,2.780999999999992,2.780999999999992
2022,Silverstone,VER,MEDIUM,4,3,3,95.015,92.135,3.0449999999999955,3.0449999999999955
2022,Silverstone,VER,MEDIUM,5,3,4,94.994,92.135,3.078999999999995,3.078999999999995
2022,Silverstone,VER,MEDIUM,6,3,5,94.973,92.135,3.1129999999999938,3.1129999999999938
2022,Silverstone,VER,MEDIUM,7,3,6,94.996,92.135,3.19099999999999,3.19099999999999
2022,Silverstone,VER,MEDIUM,8,3,7,94.87,92.135,3.119999999999999,3.119999999999999
2022,Silverstone,VER,MEDIUM,9,3,8,94.963,92.135,3.2679999999999887,3.2679999999999887
2022,Silverstone,VER,MEDIUM,10,3,9,94.826,92.135,3.1859999999999884,3.1859999999999884
2022,Silverstone,VER,HARD,2,4,1,95.405,92.135,3.324999999999996,3.324999999999996
2022,Silverstone,VER,HARD,3,4,2,94.441,92.135,2.4159999999999973,2.4159999999999973
2022,Silverstone,VER,HARD,4,4,3,94.67,92.135,2.6999999999999966,2.6999999999999966
2022,Silverstone,VER,HARD,5,4,4,94.482,92.135,2.5669999999999944,2.5669999999999944
2022,Silverstone,VER,HARD,6,4,5,94.404,92.135,2.543999999999991,2.543999999999991
2022,Silverstone,VER,HARD,7,4,6,94.488,92.135,2.6829999999999945,2.6829999999999945
2022,Silverstone,VER,HARD,8,4,7,94.171,92.135,2.421000000000001,2.421000000000001
2022,Silverstone,VER,HARD,9,4,8,94.415,92.135,2.720000000000001,2.720000000000001
2022,Silverstone,VER,HARD,10,4,9,94.503,92.135,2.862999999999995,2.862999999999995
2022,Silverstone,VER,HARD,11,4,10,94.21,92.135,2.6249999999999885,2.6249999999999885
2022,Silverstone,VER,HARD,12,4,11,94.068,92.135,2.5379999999999927,2.5379999999999927
2022,Silverstone,VER,HARD,13,4,12,94.924,92.135,3.4490000000000016,3.4490000000000016
2022,Silverstone,VER,HARD,14,4,13,94.023,92.135,2.602999999999991,2.602999999999991
2022,Silverstone,VER,SOFT,4,5,1,93.322,92.135,1.2419999999999976,1.2419999999999976
2022,Silverstone,VER,SOFT,5,5,2,92.354,92.135,0.3289999999999941,0.3289999999999941
2022,Silverstone,VER,SOFT,6,5,3,92.135,92.135,0.165,0.165
2022,Silverstone,VER,SOFT,7,5,4,92.516,92.135,0.6010000000000002,0.6010000000000002
2022,Silverstone,VER,SOFT,8,5,5,92.584,92.135,0.7239999999999981,0.7239999999999981
2022,Silverstone,VER,SOFT,9,5,6,92.566,92.135,0.7609999999999975,0.7609999999999975
2022,Silverstone,VER,SOFT,10,5,7,92.964,92.135,1.2139999999999935,1.2139999999999935
2022,Silverstone,VER,SOFT,11,5,8,93.051,92.135,1.3559999999999968,1.3559999999999968
2022,Silverstone,VER,SOFT,12,5,9,92.858,92.135,1.217999999999999,1.217999999999999
2022,Silverstone,VER,SOFT,13,5,10,93.581,92.135,1.995999999999998,1.995999999999998
2022,Silverstone,GAS,SOFT,3,2,2,95.854,94.614,1.349999999999995,1.349999999999995
2022,Silverstone,GAS,SOFT,4,2,3,96.576,94.614,2.126999999999989,2.126999999999989
2022,Silverstone,GAS,SOFT,5,2,4,95.333,94.614,0.9389999999999941,0.9389999999999941
2022,Silverstone,GAS,SOFT,6,2,5,95.642,94.614,1.3029999999999915,1.3029999999999915
2022,Silverstone,GAS,SOFT,7,2,6,95.512,94.614,1.2279999999999962,1.2279999999999962
2022,Silverstone,GAS,SOFT,8,2,7,95.527,94.614,1.2979999999999967,1.2979999999999967
2022,Silverstone,GAS,SOFT,9,2,8,96.25,94.614,2.0759999999999956,2.0759999999999956
2022,Silverstone,GAS,SOFT,11,2,9,95.807,94.614,1.687999999999998,1.687999999999998
2022,Silverstone,GAS,SOFT,12,2,10,95.543,94.614,1.479000000000002,1.479000000000002
2022,Silverstone,GAS,SOFT,13,2,11,95.419,94.614,1.4099999999999926,1.4099999999999926
2022,Silverstone,GAS,SOFT,14,2,12,95.671,94.614,1.7170000000000023,1.7170000000000023
2022,Silverstone,GAS,HARD,3,3,1,94.614,94.614,0.055,0.055
2022,Silverstone,GAS,HARD,4,3,2,94.738,94.614,0.2339999999999952,0.2339999999999952
2022,Silverstone,GAS,HARD,5,3,3,95.141,94.614,0.6920000000000011,0.6920000000000011
2022,Silverstone,GAS,HARD,6,3,4,95.265,94.614,0.8709999999999962,0.8709999999999962
2022,Silverstone,GAS,HARD,7,3,5,94.722,94.614,0.3829999999999899,0.3829999999999899
2022,Silverstone,GAS,HARD,8,3,6,94.636,94.614,0.3519999999999914,0.3519999999999914
2022,Silverstone,GAS,HARD,9,3,7,94.763,94.614,0.5340000000000009,0.5340000000000009
2022,Silverstone,GAS,HARD,10,3,8,95.118,94.614,0.9439999999999906,0.9439999999999906
2022,Silverstone,PER,MEDIUM,3,2,2,95.479,90.937,4.652000000000002,4.652000000000002
2022,Silverstone,PER,MEDIUM,3,3,1,93.455,90.937,2.573000000000001,2.573000000000001
2022,Silverstone,PER,MEDIUM,4,3,2,93.435,90.937,2.6080000000000045,2.6080000000000045
2022,Silverstone,PER,MEDIUM,5,3,3,93.362,90.937,2.589999999999997,2.589999999999997
2022,Silverstone,PER,MEDIUM,8,3,4,93.845,90.937,3.1280000000000014,3.1280000000000014
2022,Silverstone,PER,MEDIUM,9,3,5,94.869,90.937,4.2070000000000025,4.2070000000000025
2022,Silverstone,PER,MEDIUM,10,3,6,93.838,90.937,3.2309999999999963,3.2309999999999963
2022,Silverstone,PER,MEDIUM,11,3,7,94.293,90.937,3.7410000000000085,3.7410000000000085
2022,Silverstone,PER,MEDIUM,12,3,8,94.301,90.937,3.8040000000000043,3.8040000000000043
2022,Silverstone,PER,MEDIUM,13,3,9,93.657,90.937,3.214999999999999,3.214999999999999
2022,Silverstone,PER,MEDIUM,14,3,10,93.816,90.937,3.4290000000000047,3.4290000000000047
2022,Silverstone,PER,MEDIUM,15,3,11,94.38,90.937,4.047999999999998,4.047999999999998
2022,Silverstone,PER,MEDIUM,16,3,12,94.059,90.937,3.782,3.782
2022,Silverstone,PER,MEDIUM,17,3,13,93.291,90.937,3.068999999999999,3.068999999999999
2022,Silverstone,PER,MEDIUM,18,3,14,93.104,90.937,2.9370000000000016,2.9370000000000016
2022,Silverstone,PER,MEDIUM,19,3,15,93.02,90.937,2.9079999999999986,2.9079999999999986
2022,Silverstone,PER,MEDIUM,20,3,16,93.137,90.937,3.0800000000000027,3.0800000000000027
2022,Silverstone,PER,MEDIUM,21,3,17,93.101,90.937,3.0990000000000015,3.0990000000000015
2022,Silverstone,PER,MEDIUM,22,3,18,92.666,90.937,2.7189999999999994,2.7189999999999994
2022,Silverstone,PER,MEDIUM,23,3,19,92.948,90.937,3.0559999999999956,3.0559999999999956
2022,Silverstone,PER,MEDIUM,24,3,20,92.847,90.937,3.0099999999999967,3.0099999999999967
2022,Silverstone,PER,MEDIUM,25,3,21,93.014,90.937,3.2319999999999984,3.2319999999999984
2022,Silverstone,PER,MEDIUM,26,3,22,92.925,90.937,3.1979999999999995,3.1979999999999995
2022,Silverstone,PER,MEDIUM,27,3,23,92.655,90.937,2.983000000000003,2.983000000000003
2022,Silverstone,PER,MEDIUM,28,3,24,92.886,90.937,3.2689999999999984,3.2689999999999984
2022,Silverstone,PER,MEDIUM,29,3,25,92.926,90.937,3.3640000000000043,3.3640000000000043
2022,Silverstone,PER,MEDIUM,30,3,26,92.727,90.937,3.220000000000006,3.220000000000006
2022,Silverstone,PER,MEDIUM,31,3,27,92.305,90.937,2.8530000000000095,2.8530000000000095
2022,Silverstone,PER,MEDIUM,32,3,28,92.323,90.937,2.9259999999999957,2.9259999999999957
2022,Silverstone,PER,MEDIUM,33,3,29,92.401,90.937,3.0589999999999984,3.0589999999999984
2022,Silverstone,PER,MEDIUM,34,3,30,92.759,90.937,3.4720000000000026,3.4720000000000026
2022,Silverstone,PER,SOFT,4,4,1,91.892,90.937,1.0099999999999982,1.0099999999999982
2022,Silverstone,PER,SOFT,5,4,2,92.091,90.937,1.2639999999999965,1.2639999999999965
2022,Silverstone,PER,SOFT,6,4,3,92.207,90.937,1.434999999999996,1.434999999999996
2022,Silverstone,PER,SOFT,7,4,4,91.466,90.937,0.7489999999999963,0.7489999999999963
2022,Silverstone,PER,SOFT,8,4,5,90.937,90.937,0.275,0.275
2022,Silverstone,PER,SOFT,9,4,6,91.296,90.937,0.6890000000000089,0.6890000000000089
2022,Silverstone,PER,SOFT,10,4,7,90.997,90.937,0.4450000000000023,0.4450000000000023
2022,Silverstone,PER,SOFT,11,4,8,91.102,90.937,0.6050000000000062,0.6050000000000062
2022,Silverstone,PER,SOFT,12,4,9,91.976,90.937,1.5340000000000016,1.5340000000000016
2022,Silverstone,PER,SOFT,13,4,10,91.391,90.937,1.0040000000000078,1.0040000000000078
2022,Silverstone,ALO,MEDIUM,3,2,2,96.426,91.609,4.927000000000008,4.927000000000008
2022,Silverstone,ALO,MEDIUM,4,2,3,95.064,91.609,3.6199999999999983,3.6199999999999983
2022,Silverstone,ALO,MEDIUM,5,2,4,94.947,91.609,3.5580000000000083,3.5580000000000083
2022,Silverstone,ALO,MEDIUM,6,2,5,94.985,91.609,3.6510000000000047,3.6510000000000047
2022,Silverstone,ALO,MEDIUM,7,2,6,94.976,91.609,3.6970000000000045,3.6970000000000045
2022,Silverstone,ALO,MEDIUM,8,2,7,94.799,91.609,3.5750000000000117,3.5750000000000117
2022,Silverstone,ALO,MEDIUM,9,2,8,94.721,91.609,3.552000000000009,3.552000000000009
2022,Silverstone,ALO,MEDIUM,11,2,9,94.439,91.609,3.3249999999999984,3.3249999999999984
2022,Silverstone,ALO,MEDIUM,12,2,10,94.276,91.609,3.2170000000000014,3.2170000000000014
2022,Silverstone,ALO,MEDIUM,13,2,11,94.062,91.609,3.058000000000003,3.058000000000003
2022,Silverstone,ALO,MEDIUM,14,2,12,94.363,91.609,3.414000000000005,3.414000000000005
2022,Silverstone,ALO,MEDIUM,15,2,13,94.295,91.609,3.401000000000007,3.401000000000007
2022,Silverstone,ALO,MEDIUM,16,2,14,94.251,91.609,3.41200000000001,3.41200000000001
2022,Silverstone,ALO,MEDIUM,17,2,15,93.855,91.609,3.0710000000000095,3.0710000000000095
2022,Silverstone,ALO,MEDIUM,18,2,16,94.087,91.609,3.3580000000000085,3.3580000000000085
2022,Silverstone,ALO,MEDIUM,19,2,17,94.107,91.609,3.4330000000000047,3.4330000000000047
2022,Silverstone,ALO,MEDIUM,20,2,18,94.056,91.609,3.437000000000003,3.437000000000003
2022,Silverstone,ALO,MEDIUM,21,2,19,93.847,91.609,3.2829999999999995,3.2829999999999995
2022,Silverstone,ALO,MEDIUM,22,2,20,93.983,91.609,3.4740000000000095,3.4740000000000095
2022,Silverstone,ALO,MEDIUM,23,2,21,94.283,91.609,3.829000000000007,3.829000000000007
2022,Silverstone,ALO,MEDIUM,24,2,22,94.075,91.609,3.676000000000008,3.676000000000008
2022,Silverstone,ALO,MEDIUM,25,2,23,94.013,91.609,3.6690000000000103,3.6690000000000103
2022,Silverstone,ALO,MEDIUM,26,2,24,93.836,91.609,3.547000000000004,3.547000000000004
2022,Silverstone,ALO,MEDIUM,27,2,25,93.681,91.609,3.4470000000000027,3.4470000000000027
2022,Silverstone,ALO,MEDIUM,28,2,26,93.991,91.609,3.8120000000000047,3.8120000000000047
2022,Silverstone,ALO,MEDIUM,29,2,27,93.848,91.609,3.7240000000000046,3.7240000000000046
2022,Silverstone,ALO,MEDIUM,30,2,28,93.826,91.609,3.756999999999999,3.756999999999999
2022,Silverstone,ALO,MEDIUM,31,2,29,93.863,91.609,3.8490000000000046,3.8490000000000046
2022,Silverstone,ALO,HARD,2,3,1,92.744,91.609,1.190000000000005,1.190000000000005
2022,Silverstone,ALO,HARD,3,3,2,92.529,91.609,1.0300000000000018,1.0300000000000018
2022,Silverstone,ALO,HARD,4,3,3,92.233,91.609,0.7890000000000095,0.7890000000000095
2022,Silverstone,ALO,HARD,5,3,4,92.707,91.609,1.317999999999999,1.317999999999999
2022,Silverstone,ALO,SOFT,4,4,1,92.306,91.609,0.7520000000000028,0.7520000000000028
2022,Silverstone,ALO,SOFT,5,4,2,92.142,91.609,0.6430000000000012,0.6430000000000012
2022,Silverstone,ALO,SOFT,6,4,3,91.808,91.609,0.3640000000000123,0.3640000000000123
2022,Silverstone,ALO,SOFT,7,4,4,92.84,91.609,1.4510000000000087,1.4510000000000087
2022,Silverstone,ALO,SOFT,8,4,5,91.609,91.609,0.275,0.275
2022,Silverstone,ALO,SOFT,9,4,6,92.838,91.609,1.5589999999999993,1.5589999999999993
2022,Silverstone,ALO,SOFT,10,4,7,91.973,91.609,0.7490000000000043,0.7490000000000043
2022,Silverstone,ALO,SOFT,11,4,8,91.707,91.609,0.5379999999999989,0.5379999999999989
2022,Silverstone,ALO,SOFT,12,4,9,91.758,91.609,0.6440000000000009,0.6440000000000009
2022,Silverstone,ALO,SOFT,13,4,10,91.694,91.609,0.635000000000008,0.635000000000008
2022,Silverstone,LEC,MEDIUM,3,2,2,94.65,91.282,3.478000000000009,3.478000000000009
2022,Silverstone,LEC,MEDIUM,4,2,3,93.657,91.282,2.54,2.54
2022,Silverstone,LEC,MEDIUM,5,2,4,93.483,91.282,2.421000000000008,2.421000000000008
2022,Silverstone,LEC,MEDIUM,6,2,5,93.704,91.282,2.696999999999997,2.696999999999997
2022,Silverstone,LEC,MEDIUM,7,2,6,93.648,91.282,2.6959999999999997,2.6959999999999997
2022,Silverstone,LEC,MEDIUM,8,2,7,93.509,91.282,2.6120000000000037,2.6120000000000037
2022,Silverstone,LEC,MEDIUM,9,2,8,93.821,91.282,2.9790000000000014,2.9790000000000014
2022,Silverstone,LEC,MEDIUM,11,2,9,93.793,91.282,3.00600000000001,3.00600000000001
2022,Silverstone,LEC,MEDIUM,12,2,10,93.204,91.282,2.471999999999997,2.471999999999997
2022,Silverstone,LEC,MEDIUM,13,2,11,93.451,91.282,2.773999999999997,2.773999999999997
2022,Silverstone,LEC,MEDIUM,14,2,12,93.222,91.282,2.599999999999998,2.599999999999998
2022,Silverstone,LEC,MEDIUM,15,2,13,93.61,91.282,3.043000000000003,3.043000000000003
2022,Silverstone,LEC,MEDIUM,16,2,14,93.459,91.282,2.9470000000000067,2.9470000000000067
2022,Silverstone,LEC,MEDIUM,17,2,15,93.363,91.282,2.9060000000000032,2.9060000000000032
2022,Silverstone,LEC,MEDIUM,18,2,16,92.757,91.282,2.3550000000000084,2.3550000000000084
2022,Silverstone,LEC,MEDIUM,19,2,17,93.046,91.282,2.69900000000001,2.69900000000001
2022,Silverstone,LEC,MEDIUM,20,2,18,93.323,91.282,3.030999999999997,3.030999999999997
2022,Silverstone,LEC,MEDIUM,21,2,19,92.796,91.282,2.55900000000001,2.55900000000001
2022,Silverstone,LEC,MEDIUM,22,2,20,93.119,91.282,2.9370000000000034,2.9370000000000034
2022,Silverstone,LEC,MEDIUM,23,2,21,93.055,91.282,2.9280000000000106,2.9280000000000106
2022,Silverstone,LEC,HARD,2,3,1,92.06,91.282,0.8330000000000058,0.8330000000000058
2022,Silverstone,LEC,HARD,3,3,2,92.021,91.282,0.8490000000000043,0.8490000000000043
2022,Silverstone,LEC,HARD,4,3,3,92.302,91.282,1.1850000000000103,1.1850000000000103
2022,Silverstone,LEC,HARD,5,3,4,92.403,91.282,1.3410000000000093,1.3410000000000093
2022,Silverstone,LEC,HARD,6,3,5,92.325,91.282,1.3180000000000063,1.3180000000000063
2022,Silverstone,LEC,HARD,7,3,6,91.837,91.282,0.8850000000000069,0.8850000000000069
2022,Silverstone,LEC,HARD,8,3,7,91.976,91.282,1.0790000000000026,1.0790000000000026
2022,Silverstone,LEC,HARD,9,3,8,92.124,91.282,1.2819999999999987,1.2819999999999987
2022,Silverstone,LEC,HARD,10,3,9,91.774,91.282,0.9870000000000044,0.9870000000000044
2022,Silverstone,LEC,HARD,11,3,10,91.692,91.282,0.9599999999999966,0.9599999999999966
2022,Silverstone,LEC,HARD,12,3,11,91.613,91.282,0.936000000000003,0.936000000000003
2022,Silverstone,LEC,HARD,13,3,12,91.347,91.282,0.7249999999999978,0.7249999999999978
2022,Silverstone,LEC,HARD,18,3,13,92.617,91.282,2.050000000000008,2.050000000000008
2022,Silverstone,LEC,HARD,19,3,14,91.893,91.282,1.3810000000000042,1.3810000000000042
2022,Silverstone,LEC,HARD,20,3,15,93.088,91.282,2.6309999999999976,2.6309999999999976
2022,Silverstone,LEC,HARD,21,3,16,92.022,91.282,1.620000000000009,1.620000000000009
2022,Silverstone,LEC,HARD,22,3,17,92.048,91.282,1.7010000000000054,1.7010000000000054
2022,Silverstone,LEC,HARD,23,3,18,93.143,91.282,2.8510000000000044,2.8510000000000044
2022,Silverstone,LEC,HARD,24,3,19,91.724,91.282,1.4870000000000072,1.4870000000000072
2022,Silverstone,LEC,HARD,25,3,20,91.747,91.282,1.5650000000000035,1.5650000000000035
2022,Silverstone,LEC,HARD,26,3,21,91.77,91.282,1.6429999999999996,1.6429999999999996
2022,Silverstone,LEC,HARD,27,3,22,91.282,91.282,1.21,1.21
2022,Silverstone,STR,MEDIUM,5,2,2,98.189,92.379,5.919999999999988,5.919999999999988
2022,Silverstone,STR,MEDIUM,6,2,3,96.284,92.379,4.070000000000001,4.070000000000001
2022,Silverstone,STR,MEDIUM,7,2,4,95.761,92.379,3.601999999999991,3.601999999999991
2022,Silverstone,STR,MEDIUM,8,2,5,95.666,92.379,3.561999999999992,3.561999999999992
2022,Silverstone,STR,MEDIUM,9,2,6,95.64,92.379,3.5909999999999958,3.5909999999999958
2022,Silverstone,STR,MEDIUM,10,2,7,96.032,92.379,4.037999999999991,4.037999999999991
2022,Silverstone,STR,MEDIUM,11,2,8,95.766,92.379,3.8270000000000004,3.8270000000000004
2022,Silverstone,STR,MEDIUM,13,2,9,96.001,92.379,4.117,4.117
2022,Silverstone,STR,MEDIUM,14,2,10,95.464,92.379,3.6349999999999936,3.6349999999999936
2022,Silverstone,STR,MEDIUM,15,2,11,95.466,92.379,3.691999999999989,3.691999999999989
2022,Silverstone,STR,HARD,3,3,1,95.948,92.379,3.6239999999999886,3.6239999999999886
2022,Silverstone,STR,HARD,4,3,2,94.833,92.379,2.5639999999999934,2.5639999999999934
2022,Silverstone,STR,HARD,5,3,3,94.695,92.379,2.4809999999999883,2.4809999999999883
2022,Silverstone,STR,HARD,6,3,4,95.203,92.379,3.0439999999999983,3.0439999999999983
2022,Silverstone,STR,HARD,7,3,5,94.946,92.379,2.841999999999993,2.841999999999993
2022,Silverstone,STR,HARD,8,3,6,94.844,92.379,2.7949999999999893,2.7949999999999893
2022,Silverstone,STR,HARD,9,3,7,94.707,92.379,2.7129999999999885,2.7129999999999885
2022,Silverstone,STR,HARD,10,3,8,94.718,92.379,2.7789999999999986,2.7789999999999986
2022,Silverstone,STR,HARD,11,3,9,95.143,92.379,3.258999999999996,3.258999999999996
2022,Silverstone,STR,HARD,12,3,10,94.844,92.379,3.014999999999989,3.014999999999989
2022,Silverstone,STR,HARD,13,3,11,94.572,92.379,2.797999999999998,2.797999999999998
2022,Silverstone,STR,HARD,14,3,12,94.526,92.379,2.8069999999999915,2.8069999999999915
2022,Silverstone,STR,HARD,15,3,13,94.133,92.379,2.4689999999999905,2.4689999999999905
2022,Silverstone,STR,HARD,16,3,14,94.373,92.379,2.764,2.764
2022,Silverstone,STR,HARD,17,3,15,94.016,92.379,2.4620000000000006,2.4620000000000006
2022,Silverstone,STR,HARD,18,3,16,95.116,92.379,3.6169999999999947,3.6169999999999947
2022,Silverstone,STR,HARD,19,3,17,94.252,92.379,2.8079999999999905,2.8079999999999905
2022,Silverstone,STR,HARD,20,3,18,93.781,92.379,2.3920000000000012,2.3920000000000012
2022,Silverstone,STR,HARD,21,3,19,93.748,92.379,2.4139999999999997,2.4139999999999997
2022,Silverstone,STR,HARD,22,3,20,93.788,92.379,2.508999999999992,2.508999999999992
2022,Silverstone,STR,HARD,23,3,21,93.722,92.379,2.4979999999999896,2.4979999999999896
2022,Silverstone,STR,MEDIUM,6,4,1,94.564,92.379,2.2399999999999882,2.2399999999999882
2022,Silverstone,STR,MEDIUM,7,4,2,93.775,92.379,1.506000000000001,1.506000000000001
2022,Silverstone,STR,MEDIUM,8,4,3,93.213,92.379,0.998999999999989,0.998999999999989
2022,Silverstone,STR,MEDIUM,9,4,4,93.461,92.379,1.3019999999999936,1.3019999999999936
2022,Silverstone,STR,MEDIUM,10,4,5,93.495,92.379,1.3909999999999996,1.3909999999999996
2022,Silverstone,STR,MEDIUM,11,4,6,93.196,92.379,1.1469999999999931,1.1469999999999931
2022,Silverstone,STR,MEDIUM,12,4,7,94.124,92.379,2.12999999999999,2.12999999999999
2022,Silverstone,STR,MEDIUM,13,4,8,92.812,92.379,0.8729999999999927,0.8729999999999927
2022,Silverstone,STR,MEDIUM,14,4,9,92.416,92.379,0.5319999999999919,0.5319999999999919
2022,Silverstone,STR,MEDIUM,15,4,10,92.379,92.379,0.55,0.55
2022,Silverstone,MAG,MEDIUM,5,2,2,97.784,92.661,5.233000000000005,5.233000000000005
2022,Silverstone,MAG,MEDIUM,6,2,3,95.935,92.661,3.439000000000001,3.439000000000001
2022,Silverstone,MAG,MEDIUM,7,2,4,95.549,92.661,3.1080000000000054,3.1080000000000054
2022,Silverstone,MAG,MEDIUM,8,2,5,95.242,92.661,2.856000000000003,2.856000000000003
2022,Silverstone,MAG,MEDIUM,9,2,6,95.611,92.661,3.280000000000003,3.280000000000003
2022,Silverstone,MAG,MEDIUM,10,2,7,95.443,92.661,3.1669999999999963,3.1669999999999963
2022,Silverstone,MAG,MEDIUM,11,2,8,95.541,92.661,3.3199999999999954,3.3199999999999954
2022,Silverstone,MAG,MEDIUM,13,2,9,95.422,92.661,3.255999999999996,3.255999999999996
2022,Silverstone,MAG,MEDIUM,14,2,10,95.403,92.661,3.2920000000000043,3.2920000000000043
2022,Silverstone,MAG,MEDIUM,15,2,11,95.258,92.661,3.201999999999994,3.201999999999994
2022,Silverstone,MAG,MEDIUM,16,2,12,96.592,92.661,4.5909999999999975,4.5909999999999975
2022,Silverstone,MAG,MEDIUM,17,2,13,95.065,92.661,3.118999999999996,3.118999999999996
2022,Silverstone,MAG,MEDIUM,18,2,14,95.848,92.661,3.9569999999999976,3.9569999999999976
2022,Silverstone,MAG,MEDIUM,19,2,15,95.869,92.661,4.032999999999999,4.032999999999999
2022,Silverstone,MAG,MEDIUM,20,2,16,94.995,92.661,3.214000000000003,3.214000000000003
2022,Silverstone,MAG,MEDIUM,21,2,17,95.311,92.661,3.5850000000000057,3.5850000000000057
2022,Silverstone,MAG,MEDIUM,22,2,18,94.946,92.661,3.274999999999997,3.274999999999997
2022,Silverstone,MAG,MEDIUM,2,3,1,94.578,92.661,1.9720000000000015,1.9720000000000015
2022,Silverstone,MAG,MEDIUM,3,3,2,94.198,92.661,1.646999999999992,1.646999999999992
2022,Silverstone,MAG,MEDIUM,4,3,3,93.675,92.661,1.1789999999999958,1.1789999999999958
2022,Silverstone,MAG,MEDIUM,5,3,4,94.128,92.661,1.6869999999999987,1.6869999999999987
2022,Silverstone,MAG,MEDIUM,6,3,5,94.36,92.661,1.973999999999998,1.973999999999998
2022,Silverstone,MAG,MEDIUM,7,3,6,95.138,92.661,2.807000000000004,2.807000000000004
2022,Silverstone,MAG,MEDIUM,8,3,7,95.006,92.661,2.7299999999999986,2.7299999999999986
2022,Silverstone,MAG,MEDIUM,9,3,8,94.362,92.661,2.1409999999999934,2.1409999999999934
2022,Silverstone,MAG,MEDIUM,10,3,9,95.215,92.661,3.049000000000002,3.049000000000002
2022,Silverstone,MAG,MEDIUM,11,3,10,94.159,92.661,2.0480000000000045,2.0480000000000045
2022,Silverstone,MAG,MEDIUM,12,3,11,94.438,92.661,2.382000000000001,2.382000000000001
2022,Silverstone,MAG,MEDIUM,13,3,12,94.241,92.661,2.2399999999999984,2.2399999999999984
2022,Silverstone,MAG,MEDIUM,14,3,13,93.934,92.661,1.987999999999996,1.987999999999996
2022,Silverstone,MAG,MEDIUM,15,3,14,93.525,92.661,1.6340000000000043,1.6340000000000043
2022,Silverstone,MAG,MEDIUM,21,3,15,95.475,92.661,3.638999999999993,3.638999999999993
2022,Silverstone,MAG,MEDIUM,22,3,16,93.692,92.661,1.9109999999999916,1.9109999999999916
2022,Silverstone,MAG,MEDIUM,23,3,17,93.407,92.661,1.6809999999999952,1.6809999999999952
2022,Silverstone,MAG,MEDIUM,24,3,18,93.301,92.661,1.6300000000000006,1.6300000000000006
2022,Silverstone,MAG,MEDIUM,25,3,19,93.478,92.661,1.861999999999993,1.861999999999993
2022,Silverstone,MAG,MEDIUM,26,3,20,93.309,92.661,1.7479999999999962,1.7479999999999962
2022,Silverstone,MAG,MEDIUM,27,3,21,92.813,92.661,1.307000000000001,1.307000000000001
2022,Silverstone,MAG,MEDIUM,28,3,22,93.123,92.661,1.6720000000000033,1.6720000000000033
2022,Silverstone,MAG,MEDIUM,29,3,23,92.827,92.661,1.4309999999999967,1.4309999999999967
2022,Silverstone,MAG,MEDIUM,30,3,24,92.661,92.661,1.32,1.32
2022,Silverstone,TSU,SOFT,3,2,2,96.822,93.832,3.100000000000009,3.100000000000009
2022,Silverstone,TSU,SOFT,4,2,3,95.745,93.832,2.078000000000011,2.078000000000011
2022,Silverstone,TSU,SOFT,5,2,4,95.483,93.832,1.8710000000000104,1.8710000000000104
2022,Silverstone,TSU,SOFT,6,2,5,95.573,93.832,2.0159999999999996,2.0159999999999996
2022,Silverstone,TSU,SOFT,7,2,6,95.409,93.832,1.9070000000000125,1.9070000000000125
2022,Silverstone,TSU,SOFT,8,2,7,95.766,93.832,2.3190000000000115,2.3190000000000115
2022,Silverstone,TSU,SOFT,9,2,8,95.616,93.832,2.224000000000006,2.224000000000006
2022,Silverstone,TSU,SOFT,11,2,9,96.194,93.832,2.857000000000009,2.857000000000009
2022,Silverstone,TSU,SOFT,12,2,10,96.659,93.832,3.377000000000012,3.377000000000012
2022,Silverstone,TSU,SOFT,13,2,11,96.235,93.832,3.008000000000006,3.008000000000006
2022,Silverstone,TSU,SOFT,14,2,12,96.207,93.832,3.035,3.035
2022,Silverstone,TSU,SOFT,15,2,13,96.092,93.832,2.975000000000005,2.975000000000005
2022,Silverstone,TSU,SOFT,16,2,14,96.0,93.832,2.9380000000000064,2.9380000000000064
2022,Silverstone,TSU,HARD,3,3,1,96.232,93.832,2.455000000000006,2.455000000000006
2022,Silverstone,TSU,HARD,4,3,2,95.537,93.832,1.8150000000000126,1.8150000000000126
2022,Silverstone,TSU,HARD,5,3,3,95.713,93.832,2.0460000000000003,2.0460000000000003
2022,Silverstone,TSU,HARD,6,3,4,95.438,93.832,1.8260000000000087,1.8260000000000087
2022,Silverstone,TSU,HARD,7,3,5,97.998,93.832,4.441000000000011,4.441000000000011
2022,Silverstone,TSU,HARD,8,3,6,95.841,93.832,2.3390000000000004,2.3390000000000004
2022,Silverstone,TSU,HARD,9,3,7,95.442,93.832,1.9949999999999994,1.9949999999999994
2022,Silverstone,TSU,HARD,10,3,8,95.505,93.832,2.1130000000000018,2.1130000000000018
2022,Silverstone,TSU,HARD,11,3,9,95.545,93.832,2.208000000000008,2.208000000000008
2022,Silverstone,TSU,HARD,12,3,10,95.62,93.832,2.3380000000000107,2.3380000000000107
2022,Silverstone,TSU,HARD,13,3,11,98.388,93.832,5.161000000000012,5.161000000000012
2022,Silverstone,TSU,HARD,14,3,12,95.505,93.832,2.333000000000002,2.333000000000002
2022,Silverstone,TSU,HARD,15,3,13,95.705,93.832,2.5880000000000045,2.5880000000000045
2022,Silverstone,TSU,HARD,16,3,14,95.196,93.832,2.1340000000000043,2.1340000000000043
2022,Silverstone,TSU,HARD,17,3,15,95.12,93.832,2.113000000000011,2.113000000000011
2022,Silverstone,TSU,HARD,18,3,16,94.797,93.832,1.8450000000000033,1.8450000000000033
2022,Silverstone,TSU,HARD,19,3,17,94.607,93.832,1.7100000000000057,1.7100000000000057
2022,Silverstone,TSU,HARD,20,3,18,94.75,93.832,1.9080000000000064,1.9080000000000064
2022,Silverstone,TSU,SOFT,5,4,1,93.912,93.832,0.1350000000000125,0.1350000000000125
2022,Silverstone,TSU,SOFT,6,4,2,94.99,93.832,1.2680000000000013,1.2680000000000013
2022,Silverstone,TSU,SOFT,7,4,3,94.488,93.832,0.821000000000006,0.821000000000006
2022,Silverstone,TSU,SOFT,8,4,4,94.144,93.832,0.5320000000000118,0.5320000000000118
2022,Silverstone,TSU,SOFT,9,4,5,94.132,93.832,0.5750000000000114,0.5750000000000114
2022,Silverstone,TSU,SOFT,10,4,6,93.947,93.832,0.4450000000000091,0.4450000000000091
2022,Silverstone,TSU,SOFT,11,4,7,94.072,93.832,0.6250000000000091,0.6250000000000091
2022,Silverstone,TSU,SOFT,12,4,8,94.191,93.832,0.7990000000000088,0.7990000000000088
2022,Silverstone,TSU,SOFT,13,4,9,93.832,93.832,0.495,0.495
2022,Silverstone,TSU,SOFT,14,4,10,94.089,93.832,0.807000000000005,0.807000000000005
2022,Silverstone,RIC,MEDIUM,4,2,2,97.878,92.644,5.343999999999995,5.343999999999995
2022,Silverstone,RIC,MEDIUM,5,2,3,95.865,92.644,3.3859999999999895,3.3859999999999895
2022,Silverstone,RIC,MEDIUM,6,2,4,95.642,92.644,3.2179999999999906,3.2179999999999906
2022,Silverstone,RIC,MEDIUM,7,2,5,95.66,92.644,3.290999999999991,3.290999999999991
2022,Silverstone,RIC,MEDIUM,8,2,6,95.802,92.644,3.4880000000000013,3.4880000000000013
2022,Silverstone,RIC,MEDIUM,9,2,7,95.37,92.644,3.110999999999999,3.110999999999999
2022,Silverstone,RIC,MEDIUM,10,2,8,95.509,92.644,3.304999999999995,3.304999999999995
2022,Silverstone,RIC,MEDIUM,12,2,9,95.367,92.644,3.217999999999999,3.217999999999999
2022,Silverstone,RIC,MEDIUM,13,2,10,95.247,92.644,3.1529999999999943,3.1529999999999943
2022,Silverstone,RIC,MEDIUM,14,2,11,95.289,92.644,3.249999999999996,3.249999999999996
2022,Silverstone,RIC,MEDIUM,15,2,12,95.303,92.644,3.318999999999992,3.318999999999992
2022,Silverstone,RIC,MEDIUM,16,2,13,95.571,92.644,3.6419999999999924,3.6419999999999924
2022,Silverstone,RIC,MEDIUM,17,2,14,95.289,92.644,3.414999999999996,3.414999999999996
2022,Silverstone,RIC,MEDIUM,18,2,15,95.56,92.644,3.740999999999997,3.740999999999997
2022,Silverstone,RIC,MEDIUM,19,2,16,95.239,92.644,3.4749999999999988,3.4749999999999988
2022,Silverstone,RIC,HARD,2,3,1,94.393,92.644,1.8039999999999952,1.8039999999999952
2022,Silverstone,RIC,HARD,3,3,2,94.648,92.644,2.1139999999999906,2.1139999999999906
2022,Silverstone,RIC,HARD,4,3,3,94.581,92.644,2.1019999999999976,2.1019999999999976
2022,Silverstone,RIC,HARD,5,3,4,94.365,92.644,1.9409999999999894,1.9409999999999894
2022,Silverstone,RIC,HARD,6,3,5,94.178,92.644,1.8089999999999917,1.8089999999999917
2022,Silverstone,RIC,HARD,7,3,6,94.64,92.644,2.325999999999995,2.325999999999995
2022,Silverstone,RIC,HARD,8,3,7,94.446,92.644,2.1869999999999923,2.1869999999999923
2022,Silverstone,RIC,HARD,9,3,8,94.418,92.644,2.214000000000001,2.214000000000001
2022,Silverstone,RIC,HARD,10,3,9,94.656,92.644,2.5070000000000006,2.5070000000000006
2022,Silverstone,RIC,HARD,11,3,10,94.205,92.644,2.1109999999999927,2.1109999999999927
2022,Silverstone,RIC,SOFT,2,4,1,92.644,92.644,0.055,0.055
2022,Silverstone,RIC,SOFT,3,4,2,94.517,92.644,1.9829999999999905,1.9829999999999905
2022,Silverstone,RIC,SOFT,4,4,3,92.978,92.644,0.498999999999989,0.498999999999989
2022,Silverstone,RIC,SOFT,5,4,4,93.122,92.644,0.6979999999999944,0.6979999999999944
2022,Silverstone,RIC,SOFT,5,5,1,94.706,92.644,2.1169999999999978,2.1169999999999978
2022,Silverstone,RIC,SOFT,6,5,2,93.967,92.644,1.4329999999999934,1.4329999999999934
2022,Silverstone,RIC,SOFT,7,5,3,93.398,92.644,0.9189999999999907,0.9189999999999907
2022,Silverstone,RIC,SOFT,8,5,4,93.419,92.644,0.9949999999999914,0.9949999999999914
2022,Silverstone,RIC,SOFT,9,5,5,93.438,92.644,1.0689999999999968,1.0689999999999968
2022,Silverstone,RIC,SOFT,10,5,6,93.445,92.644,1.1309999999999878,1.1309999999999878
2022,Silverstone,RIC,SOFT,11,5,7,94.159,92.644,1.9000000000000006,1.9000000000000006
2022,Silverstone,RIC,SOFT,12,5,8,93.798,92.644,1.5939999999999963,1.5939999999999963
2022,Silverstone,RIC,SOFT,13,5,9,94.981,92.644,2.831999999999989,2.831999999999989
2022,Silverstone,RIC,SOFT,14,5,10,94.608,92.644,2.5139999999999985,2.5139999999999985
2022,Silverstone,OCO,SOFT,3,2,2,96.513,93.537,3.085999999999999,3.085999999999999
2022,Silverstone,OCO,SOFT,4,2,3,95.717,93.537,2.3449999999999926,2.3449999999999926
2022,Silverstone,OCO,SOFT,5,2,4,95.589,93.537,2.2719999999999927,2.2719999999999927
2022,Silverstone,OCO,SOFT,6,2,5,95.631,93.537,2.368999999999994,2.368999999999994
2022,Silverstone,OCO,SOFT,7,2,6,95.485,93.537,2.2779999999999934,2.2779999999999934
2022,Silverstone,OCO,SOFT,8,2,7,95.807,93.537,2.654999999999996,2.654999999999996
2022,Silverstone,OCO,SOFT,9,2,8,95.291,93.537,2.1939999999999906,2.1939999999999906
2022,Silverstone,OCO,SOFT,11,2,9,95.494,93.537,2.4519999999999937,2.4519999999999937
2022,Silverstone,OCO,SOFT,12,2,10,95.426,93.537,2.4389999999999956,2.4389999999999956
2022,Silverstone,OCO,SOFT,13,2,11,95.256,93.537,2.323999999999994,2.323999999999994
2022,Silverstone,OCO,SOFT,14,2,12,95.101,93.537,2.223999999999993,2.223999999999993
2022,Silverstone,OCO,SOFT,15,2,13,94.995,93.537,2.1729999999999983,2.1729999999999983
2022,Silverstone,OCO,SOFT,16,2,14,94.999,93.537,2.231999999999989,2.231999999999989
2022,Silverstone,OCO,SOFT,17,2,15,94.849,93.537,2.136999999999998,2.136999999999998
2022,Silverstone,OCO,SOFT,18,2,16,94.996,93.537,2.338999999999989,2.338999999999989
2022,Silverstone,OCO,SOFT,19,2,17,95.046,93.537,2.4440000000000004,2.4440000000000004
2022,Silverstone,OCO,SOFT,20,2,18,95.036,93.537,2.4889999999999954,2.4889999999999954
2022,Silverstone,OCO,HARD,2,3,1,94.287,93.537,0.805,0.805
2022,Silverstone,OCO,HARD,3,3,2,94.65,93.537,1.2229999999999996,1.2229999999999996
2022,Silverstone,OCO,HARD,4,3,3,94.24,93.537,0.8679999999999888,0.8679999999999888
2022,Silverstone,OCO,HARD,5,3,4,94.843,93.537,1.5259999999999974,1.5259999999999974
2022,Silverstone,OCO,HARD,6,3,5,94.631,93.537,1.368999999999994,1.368999999999994
2022,Silverstone,OCO,HARD,7,3,6,94.149,93.537,0.9419999999999948,0.9419999999999948
2022,Silverstone,OCO,HARD,8,3,7,94.367,93.537,1.2149999999999983,1.2149999999999983
2022,Silverstone,OCO,HARD,9,3,8,93.915,93.537,0.8180000000000001,0.8180000000000001
2022,Silverstone,OCO,HARD,10,3,9,94.139,93.537,1.0969999999999898,1.0969999999999898
2022,Silverstone,OCO,HARD,11,3,10,94.115,93.537,1.1279999999999888,1.1279999999999888
2022,Silverstone,OCO,HARD,12,3,11,93.962,93.537,1.0299999999999971,1.0299999999999971
2022,Silverstone,OCO,HARD,13,3,12,93.726,93.537,0.848999999999993,0.848999999999993
2022,Silverstone,OCO,HARD,14,3,13,94.258,93.537,1.4359999999999893,1.4359999999999893
2022,Silverstone,OCO,HARD,15,3,14,93.537,93.537,0.77,0.77
2022,Silverstone,NOR,MEDIUM,4,2,2,95.426,91.645,3.891000000000006,3.891000000000006
2022,Silverstone,NOR,MEDIUM,5,2,3,95.243,91.645,3.762999999999999,3.762999999999999
2022,Silverstone,NOR,MEDIUM,6,2,4,95.119,91.645,3.694000000000004,3.694000000000004
2022,Silverstone,NOR,MEDIUM,7,2,5,95.45,91.645,4.080000000000007,4.080000000000007
2022,Silverstone,NOR,MEDIUM,8,2,6,94.778,91.645,3.46300000000001,3.46300000000001
2022,Silverstone,NOR,MEDIUM,9,2,7,95.058,91.645,3.7980000000000107,3.7980000000000107
2022,Silverstone,NOR,MEDIUM,10,2,8,94.567,91.645,3.361999999999997,3.361999999999997
2022,Silverstone,NOR,MEDIUM,12,2,9,94.801,91.645,3.651000000000006,3.651000000000006
2022,Silverstone,NOR,MEDIUM,13,2,10,94.383,91.645,3.2879999999999994,3.2879999999999994
2022,Silverstone,NOR,MEDIUM,14,2,11,94.191,91.645,3.1510000000000065,3.1510000000000065
2022,Silverstone,NOR,MEDIUM,15,2,12,94.143,91.645,3.158000000000005,3.158000000000005
2022,Silverstone,NOR,MEDIUM,16,2,13,93.958,91.645,3.0280000000000022,3.0280000000000022
2022,Silverstone,NOR,MEDIUM,17,2,14,94.454,91.645,3.5789999999999975,3.5789999999999975
2022,Silverstone,NOR,MEDIUM,18,2,15,93.88,91.645,3.0599999999999996,3.0599999999999996
2022,Silverstone,NOR,MEDIUM,19,2,16,93.824,91.645,3.059000000000002,3.059000000000002
2022,Silverstone,NOR,MEDIUM,20,2,17,93.945,91.645,3.234999999999997,3.234999999999997
2022,Silverstone,NOR,MEDIUM,21,2,18,94.036,91.645,3.3810000000000056,3.3810000000000056
2022,Silverstone,NOR,MEDIUM,22,2,19,94.086,91.645,3.4860000000000024,3.4860000000000024
2022,Silverstone,NOR,MEDIUM,23,2,20,93.879,91.645,3.334000000000009,3.334000000000009
2022,Silverstone,NOR,MEDIUM,24,2,21,93.987,91.645,3.496999999999999,3.496999999999999
2022,Silverstone,NOR,MEDIUM,25,2,22,93.983,91.645,3.548000000000008,3.548000000000008
2022,Silverstone,NOR,MEDIUM,26,2,23,94.108,91.645,3.7280000000000078,3.7280000000000078
2022,Silverstone,NOR,MEDIUM,27,2,24,93.957,91.645,3.631999999999998,3.631999999999998
2022,Silverstone,NOR,MEDIUM,28,2,25,93.714,91.645,3.4440000000000026,3.4440000000000026
2022,Silverstone,NOR,MEDIUM,29,2,26,93.933,91.645,3.7180000000000106,3.7180000000000106
2022,Silverstone,NOR,MEDIUM,30,2,27,94.0,91.645,3.8400000000000043,3.8400000000000043
2022,Silverstone,NOR,MEDIUM,31,2,28,93.813,91.645,3.7080000000000064,3.7080000000000064
2022,Silverstone,NOR,MEDIUM,32,2,29,93.788,91.645,3.7380000000000004,3.7380000000000004
2022,Silverstone,NOR,MEDIUM,33,2,30,93.686,91.645,3.691000000000011,3.691000000000011
2022,Silverstone,NOR,HARD,2,3,1,92.702,91.645,1.112000000000002,1.112000000000002
2022,Silverstone,NOR,HARD,3,3,2,92.425,91.645,0.8900000000000011,0.8900000000000011
2022,Silverstone,NOR,HARD,4,3,3,92.271,91.645,0.7910000000000048,0.7910000000000048
2022,Silverstone,NOR,SOFT,3,4,1,92.168,91.645,0.5780000000000104,0.5780000000000104
2022,Silverstone,NOR,SOFT,4,4,2,92.211,91.645,0.6760000000000025,0.6760000000000025
2022,Silverstone,NOR,SOFT,5,4,3,91.774,91.645,0.2940000000000049,0.2940000000000049
2022,Silverstone,NOR,SOFT,6,4,4,92.831,91.645,1.406000000000007,1.406000000000007
2022,Silverstone,NOR,SOFT,7,4,5,91.645,91.645,0.275,0.275
2022,Silverstone,NOR,SOFT,8,4,6,92.664,91.645,1.3490000000000055,1.3490000000000055
2022,Silverstone,NOR,SOFT,9,4,7,92.121,91.645,0.8609999999999991,0.8609999999999991
2022,Silverstone,NOR,SOFT,10,4,8,92.07,91.645,0.8649999999999971,0.8649999999999971
2022,Silverstone,NOR,SOFT,11,4,9,92.585,91.645,1.4349999999999978,1.4349999999999978
2022,Silverstone,NOR,SOFT,12,4,10,92.325,91.645,1.2300000000000069,1.2300000000000069
2022,Silverstone,HAM,MEDIUM,3,2,2,95.27,90.51,4.869999999999991,4.869999999999991
2022,Silverstone,HAM,MEDIUM,4,2,3,95.12,90.51,4.7749999999999995,4.7749999999999995
2022,Silverstone,HAM,MEDIUM,5,2,4,93.731,90.51,3.4409999999999896,3.4409999999999896
2022,Silverstone,HAM,MEDIUM,6,2,5,93.955,90.51,3.719999999999993,3.719999999999993
2022,Silverstone,HAM,MEDIUM,7,2,6,93.679,90.51,3.498999999999997,3.498999999999997
2022,Silverstone,HAM,MEDIUM,8,2,7,93.704,90.51,3.578999999999988,3.578999999999988
2022,Silverstone,HAM,MEDIUM,9,2,8,93.338,90.51,3.2679999999999887,3.2679999999999887
2022,Silverstone,HAM,MEDIUM,11,2,9,94.09,90.51,4.074999999999998,4.074999999999998
2022,Silverstone,HAM,MEDIUM,12,2,10,93.212,90.51,3.251999999999998,3.251999999999998
2022,Silverstone,HAM,MEDIUM,13,2,11,93.226,90.51,3.320999999999994,3.320999999999994
2022,Silverstone,HAM,MEDIUM,14,2,12,93.042,90.51,3.1919999999999966,3.1919999999999966
2022,Silverstone,HAM,MEDIUM,15,2,13,92.973,90.51,3.1779999999999937,3.1779999999999937
2022,Silverstone,HAM,MEDIUM,16,2,14,93.168,90.51,3.4280000000000013,3.4280000000000013
2022,Silverstone,HAM,MEDIUM,17,2,15,92.92,90.51,3.2349999999999968,3.2349999999999968
2022,Silverstone,HAM,MEDIUM,18,2,16,92.592,90.51,2.9619999999999935,2.9619999999999935
2022,Silverstone,HAM,MEDIUM,19,2,17,92.85,90.51,3.2749999999999893,3.2749999999999893
2022,Silverstone,HAM,MEDIUM,20,2,18,92.833,90.51,3.3129999999999935,3.3129999999999935
2022,Silverstone,HAM,MEDIUM,21,2,19,92.435,90.51,2.969999999999997,2.969999999999997
2022,Silverstone,HAM,MEDIUM,22,2,20,92.65,90.51,3.2400000000000007,3.2400000000000007
2022,Silverstone,HAM,MEDIUM,23,2,21,92.782,90.51,3.4269999999999916,3.4269999999999916
2022,Silverstone,HAM,MEDIUM,24,2,22,92.723,90.51,3.422999999999994,3.422999999999994
2022,Silverstone,HAM,MEDIUM,25,2,23,92.655,90.51,3.4099999999999957,3.4099999999999957
2022,Silverstone,HAM,MEDIUM,26,2,24,92.445,90.51,3.2549999999999883,3.2549999999999883
2022,Silverstone,HAM,MEDIUM,27,2,25,92.265,90.51,3.1299999999999955,3.1299999999999955
2022,Silverstone,HAM,MEDIUM,28,2,26,92.442,90.51,3.3619999999999877,3.3619999999999877
2022,Silverstone,HAM,MEDIUM,29,2,27,92.541,90.51,3.515999999999992,3.515999999999992
2022,Silverstone,HAM,MEDIUM,30,2,28,92.676,90.51,3.705999999999997,3.705999999999997
2022,Silverstone,HAM,MEDIUM,31,2,29,92.079,90.51,3.163999999999988,3.163999999999988
2022,Silverstone,HAM,HARD,2,3,1,92.111,90.51,1.655999999999999,1.655999999999999
2022,Silverstone,HAM,HARD,3,3,2,91.711,90.51,1.3109999999999935,1.3109999999999935
2022,Silverstone,HAM,HARD,4,3,3,91.521,90.51,1.1759999999999957,1.1759999999999957
2022,Silverstone,HAM,HARD,5,3,4,91.302,90.51,1.0120000000000016,1.0120000000000016
2022,Silverstone,HAM,SOFT,4,4,1,92.498,90.51,2.0429999999999997,2.0429999999999997
2022,Silverstone,HAM,SOFT,5,4,2,92.062,90.51,1.6619999999999926,1.6619999999999926
2022,Silverstone,HAM,SOFT,6,4,3,91.659,90.51,1.314000000000001,1.314000000000001
2022,Silverstone,HAM,SOFT,7,4,4,92.894,90.51,2.6040000000000005,2.6040000000000005
2022,Silverstone,HAM,SOFT,8,4,5,91.933,90.51,1.6980000000000017,1.6980000000000017
2022,Silverstone,HAM,SOFT,9,4,6,91.628,90.51,1.447999999999995,1.447999999999995
2022,Silverstone,HAM,SOFT,10,4,7,91.201,90.51,1.0759999999999883,1.0759999999999883
2022,Silverstone,HAM,SOFT,11,4,8,91.397,90.51,1.3270000000000004,1.3270000000000004
2022,Silverstone,HAM,SOFT,12,4,9,92.277,90.51,2.261999999999996,2.261999999999996
2022,Silverstone,HAM,SOFT,13,4,10,90.51,90.51,0.55,0.55
2022,Silverstone,MSC,MEDIUM,3,2,2,97.298,92.109,5.2990000000000075,5.2990000000000075
2022,Silverstone,MSC,MEDIUM,4,2,3,96.04,92.109,4.096000000000012,4.096000000000012
2022,Silverstone,MSC,MEDIUM,5,2,4,95.569,92.109,3.680000000000008,3.680000000000008
2022,Silverstone,MSC,MEDIUM,6,2,5,95.083,92.109,3.2490000000000037,3.2490000000000037
2022,Silverstone,MSC,MEDIUM,7,2,6,95.677,92.109,3.898000000000012,3.898000000000012
2022,Silverstone,MSC,MEDIUM,8,2,7,96.028,92.109,4.304000000000011,4.304000000000011
2022,Silverstone,MSC,MEDIUM,9,2,8,95.42,92.109,3.751000000000007,3.751000000000007
2022,Silverstone,MSC,MEDIUM,11,2,9,95.408,92.109,3.7940000000000067,3.7940000000000067
2022,Silverstone,MSC,MEDIUM,12,2,10,95.452,92.109,3.8930000000000033,3.8930000000000033
2022,Silverstone,MSC,MEDIUM,13,2,11,95.222,92.109,3.7179999999999995,3.7179999999999995
2022,Silverstone,MSC,MEDIUM,14,2,12,95.327,92.109,3.8780000000000037,3.8780000000000037
2022,Silverstone,MSC,MEDIUM,15,2,13,94.892,92.109,3.498000000000001,3.498000000000001
2022,Silverstone,MSC,MEDIUM,16,2,14,95.449,92.109,4.110000000000003,4.110000000000003
2022,Silverstone,MSC,MEDIUM,17,2,15,95.425,92.109,4.141000000000003,4.141000000000003
2022,Silverstone,MSC,HARD,2,3,1,94.469,92.109,2.4149999999999996,2.4149999999999996
2022,Silverstone,MSC,HARD,3,3,2,94.127,92.109,2.1280000000000006,2.1280000000000006
2022,Silverstone,MSC,HARD,4,3,3,94.648,92.109,2.7040000000000015,2.7040000000000015
2022,Silverstone,MSC,HARD,5,3,4,94.725,92.109,2.836,2.836
2022,Silverstone,MSC,HARD,6,3,5,94.793,92.109,2.9590000000000116,2.9590000000000116
2022,Silverstone,MSC,HARD,7,3,6,93.92,92.109,2.141000000000007,2.141000000000007
2022,Silverstone,MSC,HARD,8,3,7,94.017,92.109,2.293000000000001,2.293000000000001
2022,Silverstone,MSC,HARD,9,3,8,94.612,92.109,2.943,2.943
2022,Silverstone,MSC,HARD,10,3,9,95.144,92.109,3.530000000000011,3.530000000000011
2022,Silverstone,MSC,HARD,11,3,10,95.006,92.109,3.4470000000000054,3.4470000000000054
2022,Silverstone,MSC,HARD,12,3,11,94.247,92.109,2.743000000000005,2.743000000000005
2022,Silverstone,MSC,HARD,13,3,12,94.139,92.109,2.6900000000000013,2.6900000000000013
2022,Silverstone,MSC,HARD,14,3,13,93.979,92.109,2.5850000000000044,2.5850000000000044
2022,Silverstone,MSC,HARD,15,3,14,93.794,92.109,2.4550000000000023,2.4550000000000023
2022,Silverstone,MSC,HARD,16,3,15,93.864,92.109,2.58000000000001,2.58000000000001
2022,Silverstone,MSC,HARD,17,3,16,93.796,92.109,2.5670000000000117,2.5670000000000117
2022,Silverstone,MSC,HARD,18,3,17,93.275,92.109,2.101000000000011,2.101000000000011
2022,Silverstone,MSC,SOFT,4,4,1,93.351,92.109,1.2970000000000044,1.2970000000000044
2022,Silverstone,MSC,SOFT,5,4,2,93.597,92.109,1.5979999999999996,1.5979999999999996
2022,Silverstone,MSC,SOFT,6,4,3,92.29,92.109,0.34600000000001163,0.34600000000001163
2022,Silverstone,MSC,SOFT,7,4,4,92.35,92.109,0.46099999999999963,0.46099999999999963
2022,Silverstone,MSC,SOFT,8,4,5,92.224,92.109,0.3900000000000091,0.3900000000000091
2022,Silverstone,MSC,SOFT,9,4,6,92.109,92.109,0.33,0.33
2022,Silverstone,MSC,SOFT,10,4,7,92.339,92.109,0.615000000000004,0.615000000000004
2022,Silverstone,MSC,SOFT,11,4,8,93.27,92.109,1.6010000000000013,1.6010000000000013
2022,Silverstone,MSC,SOFT,12,4,9,92.74,92.109,1.1260000000000003,1.1260000000000003
2022,Silverstone,MSC,SOFT,13,4,10,93.479,92.109,1.9200000000000046,1.9200000000000046
2022,Silverstone,VET,SOFT,3,2,2,97.594,92.471,5.232999999999991,5.232999999999991
2022,Silverstone,VET,SOFT,4,2,3,95.814,92.471,3.5079999999999893,3.5079999999999893
2022,Silverstone,VET,MEDIUM,4,3,1,95.155,92.471,2.7389999999999977,2.7389999999999977
2022,Silverstone,VET,MEDIUM,5,3,2,95.178,92.471,2.8169999999999935,2.8169999999999935
2022,Silverstone,VET,MEDIUM,8,3,3,94.911,92.471,2.6049999999999978,2.6049999999999978
2022,Silverstone,VET,MEDIUM,9,3,4,94.912,92.471,2.6610000000000027,2.6610000000000027
2022,Silverstone,VET,MEDIUM,10,3,5,94.82,92.471,2.6239999999999895,2.6239999999999895
2022,Silverstone,VET,MEDIUM,11,3,6,94.816,92.471,2.674999999999999,2.674999999999999
2022,Silverstone,VET,MEDIUM,12,3,7,94.828,92.471,2.741999999999999,2.741999999999999
2022,Silverstone,VET,MEDIUM,13,3,8,94.75,92.471,2.7189999999999963,2.7189999999999963
2022,Silverstone,VET,MEDIUM,14,3,9,94.712,92.471,2.7359999999999998,2.7359999999999998
2022,Silverstone,VET,MEDIUM,15,3,10,94.609,92.471,2.687999999999991,2.687999999999991
2022,Silverstone,VET,MEDIUM,16,3,11,94.658,92.471,2.7919999999999976,2.7919999999999976
2022,Silverstone,VET,MEDIUM,17,3,12,94.652,92.471,2.8409999999999975,2.8409999999999975
2022,Silverstone,VET,MEDIUM,18,3,13,94.379,92.471,2.623000000000001,2.623000000000001
2022,Silverstone,VET,MEDIUM,19,3,14,94.417,92.471,2.715999999999998,2.715999999999998
2022,Silverstone,VET,MEDIUM,20,3,15,94.706,92.471,3.0599999999999996,3.0599999999999996
2022,Silverstone,VET,MEDIUM,21,3,16,94.598,92.471,3.0069999999999952,3.0069999999999952
2022,Silverstone,VET,MEDIUM,22,3,17,94.258,92.471,2.721999999999992,2.721999999999992
2022,Silverstone,VET,MEDIUM,23,3,18,94.293,92.471,2.812000000000003,2.812000000000003
2022,Silverstone,VET,MEDIUM,24,3,19,94.448,92.471,3.0219999999999896,3.0219999999999896
2022,Silverstone,VET,MEDIUM,25,3,20,94.361,92.471,2.9900000000000007,2.9900000000000007
2022,Silverstone,VET,MEDIUM,26,3,21,94.238,92.471,2.921999999999996,2.921999999999996
2022,Silverstone,VET,MEDIUM,27,3,22,94.325,92.471,3.063999999999999,3.063999999999999
2022,Silverstone,VET,MEDIUM,28,3,23,94.394,92.471,3.1880000000000015,3.1880000000000015
2022,Silverstone,VET,MEDIUM,29,3,24,94.272,92.471,3.121000000000002,3.121000000000002
2022,Silverstone,VET,MEDIUM,30,3,25,94.258,92.471,3.161999999999992,3.161999999999992
2022,Silverstone,VET,MEDIUM,31,3,26,93.985,92.471,2.9439999999999955,2.9439999999999955
2022,Silverstone,VET,MEDIUM,32,3,27,93.997,92.471,3.0109999999999966,3.0109999999999966
2022,Silverstone,VET,MEDIUM,33,3,28,93.709,92.471,2.7779999999999996,2.7779999999999996
2022,Silverstone,VET,MEDIUM,6,4,1,93.605,92.471,1.1890000000000003,1.1890000000000003
2022,Silverstone,VET,MEDIUM,7,4,2,94.04,92.471,1.6790000000000027,1.6790000000000027
2022,Silverstone,VET,MEDIUM,8,4,3,93.679,92.471,1.3729999999999984,1.3729999999999984
2022,Silverstone,VET,MEDIUM,9,4,4,93.317,92.471,1.0659999999999894,1.0659999999999894
2022,Silverstone,VET,MEDIUM,10,4,5,92.841,92.471,0.6449999999999904,0.6449999999999904
2022,Silverstone,VET,MEDIUM,11,4,6,93.053,92.471,0.9119999999999937,0.9119999999999937
2022,Silverstone,VET,MEDIUM,12,4,7,92.988,92.471,0.9019999999999959,0.9019999999999959
2022,Silverstone,VET,MEDIUM,13,4,8,93.005,92.471,0.9739999999999918,0.9739999999999918
2022,Silverstone,VET,MEDIUM,14,4,9,93.169,92.471,1.1929999999999934,1.1929999999999934
2022,Silverstone,VET,MEDIUM,15,4,10,92.471,92.471,0.55,0.55
2022,Silverstone,SAI,MEDIUM,3,2,1,93.437,90.813,2.6789999999999954,2.6789999999999954
2022,Silverstone,SAI,MEDIUM,4,2,2,93.623,90.813,2.920000000000002,2.920000000000002
2022,Silverstone,SAI,MEDIUM,5,2,3,93.596,90.813,2.9480000000000013,2.9480000000000013
2022,Silverstone,SAI,MEDIUM,6,2,4,93.918,90.813,3.325000000000004,3.325000000000004
2022,Silverstone,SAI,MEDIUM,7,2,5,93.732,90.813,3.193999999999997,3.193999999999997
2022,Silverstone,SAI,MEDIUM,8,2,6,93.575,90.813,3.0920000000000005,3.0920000000000005
2022,Silverstone,SAI,MEDIUM,9,2,7,95.415,90.813,4.987000000000004,4.987000000000004
2022,Silverstone,SAI,MEDIUM,11,2,8,93.491,90.813,3.117999999999997,3.117999999999997
2022,Silverstone,SAI,MEDIUM,12,2,9,93.31,90.813,2.992,2.992
2022,Silverstone,SAI,MEDIUM,13,2,10,93.55,90.813,3.2869999999999946,3.2869999999999946
2022,Silverstone,SAI,MEDIUM,14,2,11,93.445,90.813,3.2369999999999908,3.2369999999999908
2022,Silverstone,SAI,MEDIUM,15,2,12,93.55,90.813,3.396999999999995,3.396999999999995
2022,Silverstone,SAI,MEDIUM,16,2,13,93.328,90.813,3.2300000000000004,3.2300000000000004
2022,Silverstone,SAI,MEDIUM,17,2,14,93.166,90.813,3.1229999999999944,3.1229999999999944
2022,Silverstone,SAI,MEDIUM,18,2,15,92.974,90.813,2.9860000000000015,2.9860000000000015
2022,Silverstone,SAI,HARD,2,3,1,92.771,90.813,2.0129999999999986,2.0129999999999986
2022,Silverstone,SAI,HARD,3,3,2,92.622,90.813,1.9189999999999976,1.9189999999999976
2022,Silverstone,SAI,HARD,4,3,3,92.787,90.813,2.139000000000004,2.139000000000004
2022,Silverstone,SAI,HARD,5,3,4,92.696,90.813,2.1029999999999958,2.1029999999999958
2022,Silverstone,SAI,HARD,6,3,5,92.976,90.813,2.4379999999999966,2.4379999999999966
2022,Silverstone,SAI,HARD,7,3,6,92.876,90.813,2.3930000000000025,2.3930000000000025
2022,Silverstone,SAI,HARD,8,3,7,92.403,90.813,1.9750000000000034,1.9750000000000034
2022,Silverstone,SAI,HARD,9,3,8,92.493,90.813,2.1199999999999926,2.1199999999999926
2022,Silverstone,SAI,HARD,10,3,9,92.764,90.813,2.4459999999999935,2.4459999999999935
2022,Silverstone,SAI,HARD,11,3,10,93.584,90.813,3.3210000000000006,3.3210000000000006
2022,Silverstone,SAI,HARD,12,3,11,91.932,90.813,1.7239999999999998,1.7239999999999998
2022,Silverstone,SAI,HARD,13,3,12,92.073,90.813,1.919999999999991,1.919999999999991
2022,Silverstone,SAI,HARD,14,3,13,92.72,90.813,2.6219999999999963,2.6219999999999963
2022,Silverstone,SAI,HARD,15,3,14,92.463,90.813,2.4199999999999915,2.4199999999999915
2022,Silverstone,SAI,HARD,16,3,15,92.416,90.813,2.4279999999999946,2.4279999999999946
2022,Silverstone,SAI,HARD,17,3,16,92.169,90.813,2.2359999999999944,2.2359999999999944
2022,Silverstone,SAI,HARD,18,3,17,92.072,90.813,2.1940000000000004,2.1940000000000004
2022,Silverstone,SAI,SOFT,4,4,1,90.886,90.813,0.12799999999999329,0.12799999999999329
2022,Silverstone,SAI,SOFT,5,4,2,90.813,90.813,0.11,0.11
2022,Silverstone,SAI,SOFT,6,4,3,91.215,90.813,0.5670000000000011,0.5670000000000011
2022,Silverstone,SAI,SOFT,7,4,4,91.416,90.813,0.8229999999999944,0.8229999999999944
2022,Silverstone,SAI,SOFT,8,4,5,91.315,90.813,0.7769999999999954,0.7769999999999954
2022,Silverstone,SAI,SOFT,9,4,6,91.25,90.813,0.7669999999999977,0.7669999999999977
2022,Silverstone,SAI,SOFT,10,4,7,91.317,90.813,0.8889999999999907,0.8889999999999907
2022,Silverstone,SAI,SOFT,11,4,8,91.141,90.813,0.7680000000000029,0.7680000000000029
2022,Silverstone,SAI,SOFT,12,4,9,91.474,90.813,1.1560000000000015,1.1560000000000015
2022,Silverstone,SAI,SOFT,13,4,10,91.526,90.813,1.262999999999994,1.262999999999994
2022,Silverstone,LAT,SOFT,3,2,2,97.41,93.286,4.2339999999999955,4.2339999999999955
2022,Silverstone,LAT,SOFT,4,2,3,95.719,93.286,2.5979999999999928,2.5979999999999928
2022,Silverstone,LAT,SOFT,5,2,4,95.743,93.286,2.676999999999994,2.676999999999994
2022,Silverstone,LAT,SOFT,6,2,5,95.615,93.286,2.6039999999999934,2.6039999999999934
2022,Silverstone,LAT,SOFT,7,2,6,95.673,93.286,2.7170000000000005,2.7170000000000005
2022,Silverstone,LAT,SOFT,8,2,7,95.522,93.286,2.621000000000004,2.621000000000004
2022,Silverstone,LAT,SOFT,9,2,8,95.462,93.286,2.616000000000002,2.616000000000002
2022,Silverstone,LAT,SOFT,11,2,9,95.531,93.286,2.7400000000000047,2.7400000000000047
2022,Silverstone,LAT,SOFT,12,2,10,95.333,93.286,2.596999999999997,2.596999999999997
2022,Silverstone,LAT,SOFT,13,2,11,95.265,93.286,2.583999999999999,2.583999999999999
2022,Silverstone,LAT,SOFT,14,2,12,95.232,93.286,2.605999999999998,2.605999999999998
2022,Silverstone,LAT,SOFT,15,2,13,95.635,93.286,3.0640000000000036,3.0640000000000036
2022,Silverstone,LAT,SOFT,16,2,14,95.357,93.286,2.840999999999998,2.840999999999998
2022,Silverstone,LAT,SOFT,17,2,15,95.442,93.286,2.980999999999992,2.980999999999992
2022,Silverstone,LAT,MEDIUM,2,3,1,94.232,93.286,1.000999999999998,1.000999999999998
2022,Silverstone,LAT,MEDIUM,3,3,2,94.01,93.286,0.8340000000000037,0.8340000000000037
2022,Silverstone,LAT,MEDIUM,4,3,3,94.227,93.286,1.1060000000000025,1.1060000000000025
2022,Silverstone,LAT,MEDIUM,5,3,4,94.962,93.286,1.896000000000002,1.896000000000002
2022,Silverstone,LAT,MEDIUM,6,3,5,95.075,93.286,2.0640000000000014,2.0640000000000014
2022,Silverstone,LAT,MEDIUM,7,3,6,94.684,93.286,1.7279999999999962,1.7279999999999962
2022,Silverstone,LAT,MEDIUM,8,3,7,94.897,93.286,1.9960000000000042,1.9960000000000042
2022,Silverstone,LAT,MEDIUM,9,3,8,94.664,93.286,1.818,1.818
2022,Silverstone,LAT,MEDIUM,10,3,9,95.723,93.286,2.9319999999999977,2.9319999999999977
2022,Silverstone,LAT,MEDIUM,11,3,10,94.859,93.286,2.122999999999993,2.122999999999993
2022,Silverstone,LAT,MEDIUM,12,3,11,94.309,93.286,1.6279999999999961,1.6279999999999961
2022,Silverstone,LAT,MEDIUM,13,3,12,95.851,93.286,3.224999999999998,3.224999999999998
2022,Silverstone,LAT,MEDIUM,14,3,13,95.609,93.286,3.037999999999993,3.037999999999993
2022,Silverstone,LAT,MEDIUM,15,3,14,95.085,93.286,2.5689999999999924,2.5689999999999924
2022,Silverstone,LAT,MEDIUM,16,3,15,94.71,93.286,2.2489999999999926,2.2489999999999926
2022,Silverstone,LAT,MEDIUM,17,3,16,94.513,93.286,2.1070000000000038,2.1070000000000038
2022,Silverstone,LAT,MEDIUM,18,3,17,94.878,93.286,2.526999999999999,2.526999999999999
2022,Silverstone,LAT,SOFT,5,4,1,94.694,93.286,1.4630000000000012,1.4630000000000012
2022,Silverstone,LAT,SOFT,6,4,2,93.79,93.286,0.6140000000000049,0.6140000000000049
2022,Silverstone,LAT,SOFT,7,4,3,93.365,93.286,0.24399999999999353,0.24399999999999353
2022,Silverstone,LAT,SOFT,8,4,4,93.425,93.286,0.35899999999999577,0.35899999999999577
2022,Silverstone,LAT,SOFT,9,4,5,93.558,93.286,0.5470000000000056,0.5470000000000056
2022,Silverstone,LAT,SOFT,10,4,6,93.286,93.286,0.33,0.33
2022,Silverstone,LAT,SOFT,11,4,7,95.043,93.286,2.142000000000005,2.142000000000005
2022,Silverstone,LAT,SOFT,12,4,8,93.937,93.286,1.0909999999999962,1.0909999999999962
2022,Silverstone,LAT,SOFT,13,4,9,94.867,93.286,2.076000000000003,2.076000000000003
2022,Silverstone,LAT,SOFT,14,4,10,94.663,93.286,1.9269999999999954,1.9269999999999954
2022,Silverstone,BOT,MEDIUM,3,2,2,97.106,95.103,2.113,2.113
2022,Silverstone,BOT,MEDIUM,4,2,3,95.571,95.103,0.6330000000000036,0.6330000000000036
2022,Silverstone,BOT,MEDIUM,5,2,4,95.694,95.103,0.8110000000000082,0.8110000000000082
2022,Silverstone,BOT,MEDIUM,6,2,5,95.579,95.103,0.7509999999999991,0.7509999999999991
2022,Silverstone,BOT,MEDIUM,7,2,6,95.857,95.103,1.084000000000005,1.084000000000005
2022,Silverstone,BOT,MEDIUM,8,2,7,95.527,95.103,0.8090000000000066,0.8090000000000066
2022,Silverstone,BOT,MEDIUM,9,2,8,95.433,95.103,0.7700000000000125,0.7700000000000125
2022,Silverstone,BOT,MEDIUM,11,2,9,95.274,95.103,0.6660000000000065,0.6660000000000065
2022,Silverstone,BOT,MEDIUM,12,2,10,95.387,95.103,0.8340000000000061,0.8340000000000061
2022,Silverstone,BOT,MEDIUM,13,2,11,95.117,95.103,0.61900000000001,0.61900000000001
2022,Silverstone,BOT,MEDIUM,14,2,12,95.279,95.103,0.836000000000002,0.836000000000002
2022,Silverstone,BOT,MEDIUM,15,2,13,95.702,95.103,1.3140000000000036,1.3140000000000036
2022,Silverstone,BOT,MEDIUM,16,2,14,95.364,95.103,1.03100000000001,1.03100000000001
2022,Silverstone,BOT,MEDIUM,17,2,15,95.507,95.103,1.2290000000000105,1.2290000000000105
2022,Silverstone,BOT,MEDIUM,18,2,16,95.103,95.103,0.88,0.88
2022,Monza,VER,SOFT,2,1,1,86.401,84.745,1.7109999999999916,1.7109999999999916
2022,Monza,VER,SOFT,3,1,2,86.181,84.745,1.545999999999993,1.545999999999993
2022,Monza,VER,SOFT,4,1,3,85.782,84.745,1.201999999999992,1.201999999999992
2022,Monza,VER,SOFT,5,1,4,85.512,84.745,0.9869999999999959,0.9869999999999959
2022,Monza,VER,SOFT,6,1,5,85.66,84.745,1.189999999999992,1.189999999999992
2022,Monza,VER,SOFT,7,1,6,85.297,84.745,0.8819999999999926,0.8819999999999926
2022,Monza,VER,SOFT,8,1,7,85.618,84.745,1.2579999999999905,1.2579999999999905
2022,Monza,VER,SOFT,9,1,8,85.886,84.745,1.580999999999991,1.580999999999991
2022,Monza,VER,SOFT,10,1,9,85.953,84.745,1.7029999999999985,1.7029999999999985
2022,Monza,VER,SOFT,11,1,10,85.858,84.745,1.6629999999999996,1.6629999999999996
2022,Monza,VER,SOFT,14,1,11,85.615,84.745,1.4749999999999903,1.4749999999999903
2022,Monza,VER,SOFT,15,1,12,85.794,84.745,1.7089999999999925,1.7089999999999925
2022,Monza,VER,SOFT,16,1,13,85.903,84.745,1.873000000000001,1.873000000000001
2022,Monza,VER,SOFT,17,1,14,85.87,84.745,1.895,1.895
2022,Monza,VER,SOFT,18,1,15,85.985,84.745,2.064999999999995,2.064999999999995
2022,Monza,VER,SOFT,19,1,16,85.799,84.745,1.934000000000002,1.934000000000002
2022,Monza,VER,SOFT,20,1,17,85.75,84.745,1.9399999999999955,1.9399999999999955
2022,Monza,VER,SOFT,21,1,18,85.79,84.745,2.035000000000002,2.035000000000002
2022,Monza,VER,SOFT,22,1,19,85.901,84.745,2.2009999999999916,2.2009999999999916
2022,Monza,VER,SOFT,23,1,20,85.719,84.745,2.0739999999999896,2.0739999999999896
2022,Monza,VER,SOFT,24,1,21,85.8,84.745,2.209999999999993,2.209999999999993
2022,Monza,VER,MEDIUM,2,2,1,85.012,84.745,0.3219999999999959,0.3219999999999959
2022,Monza,VER,MEDIUM,3,2,2,85.19,84.745,0.5549999999999932,0.5549999999999932
2022,Monza,VER,MEDIUM,4,2,3,84.829,84.745,0.24899999999998898,0.24899999999998898
2022,Monza,VER,MEDIUM,5,2,4,84.798,84.745,0.27299999999999724,0.27299999999999724
2022,Monza,VER,MEDIUM,6,2,5,85.071,84.745,0.6009999999999934,0.6009999999999934
2022,Monza,VER,MEDIUM,7,2,6,84.918,84.745,0.5030000000000019,0.5030000000000019
2022,Monza,VER,MEDIUM,8,2,7,85.095,84.745,0.7349999999999943,0.7349999999999943
2022,Monza,VER,MEDIUM,9,2,8,84.857,84.745,0.5519999999999947,0.5519999999999947
2022,Monza,VER,MEDIUM,10,2,9,84.831,84.745,0.5809999999999985,0.5809999999999985
2022,Monza,VER,MEDIUM,11,2,10,84.919,84.745,0.7239999999999924,0.7239999999999924
2022,Monza,VER,MEDIUM,12,2,11,84.829,84.745,0.688999999999989,0.688999999999989
2022,Monza,VER,MEDIUM,13,2,12,84.745,84.745,0.66,0.66
2022,Monza,VER,MEDIUM,14,2,13,84.815,84.745,0.7849999999999931,0.7849999999999931
2022,Monza,VER,MEDIUM,15,2,14,84.905,84.745,0.9299999999999966,0.9299999999999966
2022,Monza,VER,MEDIUM,16,2,15,85.078,84.745,1.1579999999999984,1.1579999999999984
2022,Monza,VER,MEDIUM,17,2,16,84.926,84.745,1.0609999999999973,1.0609999999999973
2022,Monza,VER,MEDIUM,18,2,17,85.01,84.745,1.2000000000000006,1.2000000000000006
2022,Monza,VER,MEDIUM,19,2,18,85.122,84.745,1.3669999999999953,1.3669999999999953
2022,Monza,VER,MEDIUM,20,2,19,84.824,84.745,1.1239999999999934,1.1239999999999934
2022,Monza,VER,MEDIUM,21,2,20,85.257,84.745,1.6120000000000005,1.6120000000000005
2022,Monza,GAS,MEDIUM,2,1,1,88.201,86.718,1.5379999999999898,1.5379999999999898
2022,Monza,GAS,MEDIUM,3,1,2,87.625,86.718,1.0169999999999966,1.0169999999999966
2022,Monza,GAS,MEDIUM,4,1,3,87.365,86.718,0.8119999999999914,0.8119999999999914
2022,Monza,GAS,MEDIUM,5,1,4,87.534,86.718,1.0360000000000025,1.0360000000000025
2022,Monza,GAS,MEDIUM,6,1,5,87.316,86.718,0.872999999999999,0.872999999999999
2022,Monza,GAS,MEDIUM,7,1,6,87.368,86.718,0.9799999999999915,0.9799999999999915
2022,Monza,GAS,MEDIUM,8,1,7,87.232,86.718,0.8989999999999958,0.8989999999999958
2022,Monza,GAS,MEDIUM,9,1,8,87.534,86.718,1.2560000000000024,1.2560000000000024
2022,Monza,GAS,MEDIUM,10,1,9,87.606,86.718,1.3829999999999911,1.3829999999999911
2022,Monza,GAS,MEDIUM,13,1,10,88.402,86.718,2.2339999999999973,2.2339999999999973
2022,Monza,GAS,MEDIUM,14,1,11,88.309,86.718,2.195999999999994,2.195999999999994
2022,Monza,GAS,MEDIUM,15,1,12,87.628,86.718,1.5699999999999967,1.5699999999999967
2022,Monza,GAS,MEDIUM,16,1,13,87.528,86.718,1.5250000000000021,1.5250000000000021
2022,Monza,GAS,MEDIUM,17,1,14,87.722,86.718,1.7739999999999907,1.7739999999999907
2022,Monza,GAS,HARD,3,2,1,87.469,86.718,0.8059999999999906,0.8059999999999906
2022,Monza,GAS,HARD,4,2,2,87.447,86.718,0.8389999999999992,0.8389999999999992
2022,Monza,GAS,HARD,5,2,3,87.33,86.718,0.7769999999999948,0.7769999999999948
2022,Monza,GAS,HARD,6,2,4,86.946,86.718,0.4479999999999944,0.4479999999999944
2022,Monza,GAS,HARD,7,2,5,87.026,86.718,0.5829999999999927,0.5829999999999927
2022,Monza,GAS,HARD,8,2,6,87.074,86.718,0.6859999999999946,0.6859999999999946
2022,Monza,GAS,HARD,9,2,7,87.196,86.718,0.8629999999999944,0.8629999999999944
2022,Monza,GAS,HARD,10,2,8,86.916,86.718,0.6379999999999932,0.6379999999999932
2022,Monza,GAS,HARD,11,2,9,86.891,86.718,0.6680000000000018,0.6680000000000018
2022,Monza,GAS,HARD,12,2,10,87.108,86.718,0.9400000000000006,0.9400000000000006
2022,Monza,GAS,HARD,13,2,11,86.718,86.718,0.605,0.605
2022,Monza,GAS,HARD,14,2,12,87.564,86.718,1.5059999999999896,1.5059999999999896
2022,Monza,GAS,HARD,15,2,13,87.509,86.718,1.5059999999999967,1.5059999999999967
2022,Monza,GAS,HARD,16,2,14,87.08,86.718,1.1319999999999948,1.1319999999999948
2022,Monza,GAS,HARD,17,2,15,87.093,86.718,1.2,1.2
2022,Monza,GAS,HARD,18,2,16,87.023,86.718,1.1849999999999925,1.1849999999999925
2022,Monza,GAS,HARD,19,2,17,88.619,86.718,2.8359999999999963,2.8359999999999963
2022,Monza,GAS,HARD,20,2,18,87.632,86.718,1.9040000000000015,1.9040000000000015
2022,Monza,GAS,HARD,21,2,19,87.047,86.718,1.3739999999999934,1.3739999999999934
2022,Monza,GAS,HARD,22,2,20,86.932,86.718,1.3139999999999987,1.3139999999999987
2022,Monza,GAS,HARD,23,2,21,86.949,86.718,1.3859999999999946,1.3859999999999946
2022,Monza,GAS,HARD,24,2,22,86.721,86.718,1.213,1.213
2022,Monza,GAS,HARD,25,2,23,86.817,86.718,1.3639999999999894,1.3639999999999894
2022,Monza,GAS,HARD,26,2,24,86.734,86.718,1.3359999999999912,1.3359999999999912
2022,Monza,GAS,HARD,27,2,25,87.055,86.718,1.7120000000000033,1.7120000000000033
2022,Monza,GAS,HARD,28,2,26,88.377,86.718,3.0889999999999915,3.0889999999999915
2022,Monza,PER,MEDIUM,2,1,1,90.459,84.457,6.057000000000009,6.057000000000009
2022,Monza,PER,MEDIUM,3,1,2,87.557,84.457,3.2100000000000084,3.2100000000000084
2022,Monza,PER,MEDIUM,4,1,3,87.263,84.457,2.9710000000000116,2.9710000000000116
2022,Monza,PER,MEDIUM,5,1,4,87.266,84.457,3.029000000000012,3.029000000000012
2022,Monza,PER,MEDIUM,6,1,5,87.535,84.457,3.353000000000003,3.353000000000003
2022,Monza,PER,HARD,2,2,1,87.176,84.457,2.7740000000000085,2.7740000000000085
2022,Monza,PER,HARD,3,2,2,86.794,84.457,2.447000000000003,2.447000000000003
2022,Monza,PER,HARD,6,2,3,86.068,84.457,1.7760000000000042,1.7760000000000042
2022,Monza,PER,HARD,7,2,4,86.154,84.457,1.9170000000000027,1.9170000000000027
2022,Monza,PER,HARD,8,2,5,86.102,84.457,1.9200000000000101,1.9200000000000101
2022,Monza,PER,HARD,9,2,6,86.205,84.457,2.0780000000000047,2.0780000000000047
2022,Monza,PER,HARD,10,2,7,85.969,84.457,1.8970000000000005,1.8970000000000005
2022,Monza,PER,HARD,11,2,8,86.902,84.457,2.8850000000000073,2.8850000000000073
2022,Monza,PER,HARD,12,2,9,86.315,84.457,2.353000000000004,2.353000000000004
2022,Monza,PER,HARD,13,2,10,86.346,84.457,2.43900000000001,2.43900000000001
2022,Monza,PER,HARD,14,2,11,87.185,84.457,3.3330000000000086,3.3330000000000086
2022,Monza,PER,HARD,15,2,12,86.75,84.457,2.9530000000000065,2.9530000000000065
2022,Monza,PER,HARD,16,2,13,87.262,84.457,3.5200000000000067,3.5200000000000067
2022,Monza,PER,HARD,17,2,14,86.742,84.457,3.055000000000011,3.055000000000011
2022,Monza,PER,HARD,18,2,15,86.109,84.457,2.477000000000001,2.477000000000001
2022,Monza,PER,HARD,19,2,16,86.255,84.457,2.6780000000000017,2.6780000000000017
2022,Monza,PER,HARD,20,2,17,86.13,84.457,2.608000000000002,2.608000000000002
2022,Monza,PER,HARD,21,2,18,86.084,84.457,2.6170000000000098,2.6170000000000098
2022,Monza,PER,HARD,22,2,19,86.096,84.457,2.68400000000001,2.68400000000001
2022,Monza,PER,HARD,23,2,20,86.19,84.457,2.833000000000004,2.833000000000004
2022,Monza,PER,HARD,24,2,21,86.351,84.457,3.0490000000000057,3.0490000000000057
2022,Monza,PER,HARD,25,2,22,85.985,84.457,2.7380000000000058,2.7380000000000058
2022,Monza,PER,HARD,26,2,23,87.146,84.457,3.954000000000007,3.954000000000007
2022,Monza,PER,HARD,27,2,24,86.172,84.457,3.0350000000000037,3.0350000000000037
2022,Monza,PER,HARD,28,2,25,86.025,84.457,2.943000000000012,2.943000000000012
2022,Monza,PER,HARD,29,2,26,86.165,84.457,3.1380000000000123,3.1380000000000123
2022,Monza,PER,HARD,30,2,27,85.933,84.457,2.9610000000000136,2.9610000000000136
2022,Monza,PER,HARD,31,2,28,85.868,84.457,2.9510000000000014,2.9510000000000014
2022,Monza,PER,HARD,32,2,29,85.57,84.457,2.7079999999999993,2.7079999999999993
2022,Monza,PER,HARD,33,2,30,85.572,84.457,2.765000000000009,2.765000000000009
2022,Monza,PER,HARD,34,2,31,85.7,84.457,2.9480000000000093,2.9480000000000093
2022,Monza,PER,SOFT,2,3,1,84.457,84.457,0.055,0.055
2022,Monza,PER,SOFT,3,3,2,84.566,84.457,0.21900000000000885,0.21900000000000885
2022,Monza,ALO,MEDIUM,2,1,1,88.272,87.203,1.1240000000000026,1.1240000000000026
2022,Monza,ALO,MEDIUM,3,1,2,87.607,87.203,0.5139999999999963,0.5139999999999963
2022,Monza,ALO,MEDIUM,4,1,3,87.417,87.203,0.37899999999999867,0.37899999999999867
2022,Monza,ALO,MEDIUM,5,1,4,87.502,87.203,0.5189999999999924,0.5189999999999924
2022,Monza,ALO,MEDIUM,6,1,5,87.446,87.203,0.517999999999995,0.517999999999995
2022,Monza,ALO,MEDIUM,7,1,6,87.203,87.203,0.33,0.33
2022,Monza,ALO,MEDIUM,8,1,7,87.415,87.203,0.5970000000000033,0.5970000000000033
2022,Monza,ALO,MEDIUM,9,1,8,87.487,87.203,0.7239999999999918,0.7239999999999918
2022,Monza,ALO,MEDIUM,10,1,9,87.975,87.203,1.2669999999999915,1.2669999999999915
2022,Monza,ALO,MEDIUM,13,1,10,87.45,87.203,0.7969999999999999,0.7969999999999999
2022,Monza,ALO,MEDIUM,14,1,11,88.185,87.203,1.5869999999999993,1.5869999999999993
2022,Monza,ALO,MEDIUM,15,1,12,87.867,87.203,1.3240000000000016,1.3240000000000016
2022,Monza,ALO,MEDIUM,16,1,13,87.472,87.203,0.9839999999999912,0.9839999999999912
2022,Monza,ALO,MEDIUM,17,1,14,87.682,87.203,1.2489999999999992,1.2489999999999992
2022,Monza,ALO,MEDIUM,18,1,15,88.351,87.203,1.972999999999996,1.972999999999996
2022,Monza,ALO,MEDIUM,19,1,16,87.324,87.203,1.000999999999995,1.000999999999995
2022,Monza,ALO,MEDIUM,20,1,17,87.728,87.203,1.4599999999999915,1.4599999999999915
2022,Monza,ALO,MEDIUM,21,1,18,87.668,87.203,1.4550000000000034,1.4550000000000034
2022,Monza,ALO,MEDIUM,22,1,19,87.615,87.203,1.4569999999999919,1.4569999999999919
2022,Monza,ALO,MEDIUM,23,1,20,88.055,87.203,1.952000000000004,1.952000000000004
2022,Monza,ALO,MEDIUM,24,1,21,87.83,87.203,1.7819999999999954,1.7819999999999954
2022,Monza,ALO,MEDIUM,25,1,22,87.452,87.203,1.4589999999999952,1.4589999999999952
2022,Monza,ALO,MEDIUM,26,1,23,87.583,87.203,1.6449999999999954,1.6449999999999954
2022,Monza,ALO,MEDIUM,27,1,24,88.363,87.203,2.479999999999997,2.479999999999997
2022,Monza,ALO,MEDIUM,28,1,25,87.865,87.203,2.036999999999992,2.036999999999992
2022,Monza,ALO,MEDIUM,29,1,26,87.698,87.203,1.9249999999999903,1.9249999999999903
2022,Monza,ALO,MEDIUM,30,1,27,87.385,87.203,1.6670000000000023,1.6670000000000023
2022,Monza,LEC,SOFT,2,1,1,86.535,84.336,2.2539999999999982,2.2539999999999982
2022,Monza,LEC,SOFT,3,1,2,86.352,84.336,2.126000000000005,2.126000000000005
2022,Monza,LEC,SOFT,4,1,3,85.802,84.336,1.6310000000000082,1.6310000000000082
2022,Monza,LEC,SOFT,5,1,4,85.902,84.336,1.7860000000000025,1.7860000000000025
2022,Monza,LEC,SOFT,6,1,5,85.559,84.336,1.4979999999999989,1.4979999999999989
2022,Monza,LEC,SOFT,7,1,6,85.467,84.336,1.4610000000000003,1.4610000000000003
2022,Monza,LEC,SOFT,8,1,7,85.784,84.336,1.8330000000000075,1.8330000000000075
2022,Monza,LEC,SOFT,9,1,8,86.092,84.336,2.196,2.196
2022,Monza,LEC,SOFT,10,1,9,86.266,84.336,2.425000000000007,2.425000000000007
2022,Monza,LEC,SOFT,11,1,10,85.796,84.336,2.010000000000008,2.010000000000008
2022,Monza,LEC,MEDIUM,2,2,1,85.257,84.336,0.9760000000000065,0.9760000000000065
2022,Monza,LEC,MEDIUM,3,2,2,85.631,84.336,1.4050000000000018,1.4050000000000018
2022,Monza,LEC,MEDIUM,4,2,3,85.428,84.336,1.2569999999999988,1.2569999999999988
2022,Monza,LEC,MEDIUM,5,2,4,85.145,84.336,1.0289999999999975,1.0289999999999975
2022,Monza,LEC,MEDIUM,6,2,5,85.428,84.336,1.3669999999999987,1.3669999999999987
2022,Monza,LEC,MEDIUM,7,2,6,85.664,84.336,1.658000000000003,1.658000000000003
2022,Monza,LEC,MEDIUM,8,2,7,85.525,84.336,1.5740000000000072,1.5740000000000072
2022,Monza,LEC,MEDIUM,9,2,8,85.473,84.336,1.5770000000000004,1.5770000000000004
2022,Monza,LEC,MEDIUM,10,2,9,85.641,84.336,1.800000000000007,1.800000000000007
2022,Monza,LEC,MEDIUM,11,2,10,85.471,84.336,1.6850000000000052,1.6850000000000052
2022,Monza,LEC,MEDIUM,12,2,11,85.365,84.336,1.6339999999999963,1.6339999999999963
2022,Monza,LEC,MEDIUM,13,2,12,85.225,84.336,1.548999999999996,1.548999999999996
2022,Monza,LEC,MEDIUM,14,2,13,85.507,84.336,1.8860000000000063,1.8860000000000063
2022,Monza,LEC,MEDIUM,15,2,14,86.04,84.336,2.4740000000000077,2.4740000000000077
2022,Monza,LEC,MEDIUM,16,2,15,85.683,84.336,2.1720000000000086,2.1720000000000086
2022,Monza,LEC,MEDIUM,17,2,16,85.512,84.336,2.056000000000002,2.056000000000002
2022,Monza,LEC,MEDIUM,18,2,17,85.602,84.336,2.2010000000000054,2.2010000000000054
2022,Monza,LEC,MEDIUM,19,2,18,85.769,84.336,2.423000000000007,2.423000000000007
2022,Monza,LEC,MEDIUM,20,2,19,85.962,84.336,2.6710000000000047,2.6710000000000047
2022,Monza,LEC,SOFT,2,3,1,85.228,84.336,0.946999999999996,0.946999999999996
2022,Monza,LEC,SOFT,3,3,2,84.908,84.336,0.6820000000000027,0.6820000000000027
2022,Monza,LEC,SOFT,4,3,3,84.51,84.336,0.33900000000000663,0.33900000000000663
2022,Monza,LEC,SOFT,5,3,4,84.336,84.336,0.22,0.22
2022,Monza,LEC,SOFT,6,3,5,84.411,84.336,0.35000000000000286,0.35000000000000286
2022,Monza,LEC,SOFT,7,3,6,84.745,84.336,0.7390000000000061,0.7390000000000061
2022,Monza,LEC,SOFT,8,3,7,84.522,84.336,0.5710000000000071,0.5710000000000071
2022,Monza,LEC,SOFT,9,3,8,84.612,84.336,0.7159999999999962,0.7159999999999962
2022,Monza,LEC,SOFT,10,3,9,84.532,84.336,0.690999999999998,0.690999999999998
2022,Monza,LEC,SOFT,11,3,10,84.793,84.336,1.0070000000000079,1.0070000000000079
2022,Monza,LEC,SOFT,12,3,11,85.17,84.336,1.4390000000000032,1.4390000000000032
2022,Monza,LEC,SOFT,13,3,12,84.452,84.336,0.7759999999999997,0.7759999999999997
2022,Monza,STR,MEDIUM,3,1,1,88.722,87.467,1.3099999999999954,1.3099999999999954
2022,Monza,STR,MEDIUM,4,1,2,88.096,87.467,0.7390000000000049,0.7390000000000049
2022,Monza,STR,MEDIUM,5,1,3,87.618,87.467,0.3159999999999963,0.3159999999999963
2022,Monza,STR,MEDIUM,6,1,4,87.637,87.467,0.3900000000000017,0.3900000000000017
2022,Monza,STR,MEDIUM,7,1,5,88.499,87.467,1.3069999999999964,1.3069999999999964
2022,Monza,STR,MEDIUM,8,1,6,87.694,87.467,0.5570000000000039,0.5570000000000039
2022,Monza,STR,MEDIUM,9,1,7,87.783,87.467,0.7010000000000025,0.7010000000000025
2022,Monza,STR,MEDIUM,10,1,8,87.902,87.467,0.8750000000000022,0.8750000000000022
2022,Monza,STR,MEDIUM,11,1,9,88.014,87.467,1.0419999999999972,1.0419999999999972
2022,Monza,STR,MEDIUM,14,1,10,87.931,87.467,1.0139999999999987,1.0139999999999987
2022,Monza,STR,MEDIUM,15,1,11,87.527,87.467,0.6650000000000023,0.6650000000000023
2022,Monza,STR,MEDIUM,16,1,12,87.915,87.467,1.1080000000000076,1.1080000000000076
2022,Monza,STR,MEDIUM,17,1,13,87.824,87.467,1.0719999999999992,1.0719999999999992
2022,Monza,STR,MEDIUM,18,1,14,88.819,87.467,2.122000000000004,2.122000000000004
2022,Monza,STR,HARD,3,2,1,88.51,87.467,1.0980000000000063,1.0980000000000063
2022,Monza,STR,HARD,4,2,2,88.442,87.467,1.0849999999999944,1.0849999999999944
2022,Monza,STR,HARD,5,2,3,87.815,87.467,0.512999999999999,0.512999999999999
2022,Monza,STR,HARD,6,2,4,87.595,87.467,0.3480000000000001,0.3480000000000001
2022,Monza,STR,HARD,7,2,5,88.746,87.467,1.5539999999999963,1.5539999999999963
2022,Monza,STR,HARD,8,2,6,87.749,87.467,0.6119999999999965,0.6119999999999965
2022,Monza,STR,HARD,9,2,7,87.704,87.467,0.6219999999999948,0.6219999999999948
2022,Monza,STR,HARD,10,2,8,87.491,87.467,0.4640000000000009,0.4640000000000009
2022,Monza,STR,HARD,11,2,9,87.687,87.467,0.7149999999999989,0.7149999999999989
2022,Monza,STR,HARD,12,2,10,87.583,87.467,0.6659999999999997,0.6659999999999997
2022,Monza,STR,HARD,13,2,11,87.499,87.467,0.6369999999999965,0.6369999999999965
2022,Monza,STR,HARD,14,2,12,87.761,87.467,0.953999999999997,0.953999999999997
2022,Monza,STR,HARD,15,2,13,87.641,87.467,0.8890000000000066,0.8890000000000066
2022,Monza,STR,HARD,16,2,14,87.5,87.467,0.8030000000000013,0.8030000000000013
2022,Monza,STR,HARD,17,2,15,87.467,87.467,0.825,0.825
2022,Monza,STR,HARD,18,2,16,88.234,87.467,1.6469999999999958,1.6469999999999958
2022,Monza,STR,HARD,19,2,17,88.569,87.467,2.037000000000004,2.037000000000004
2022,Monza,STR,HARD,20,2,18,88.318,87.467,1.840999999999999,1.840999999999999
2022,Monza,STR,HARD,21,2,19,87.475,87.467,1.0529999999999955,1.0529999999999955
2022,Monza,MAG,MEDIUM,2,1,1,89.935,86.798,3.1920000000000006,3.1920000000000006
2022,Monza,MAG,MEDIUM,3,1,2,88.221,86.798,1.533000000000002,1.533000000000002
2022,Monza,MAG,MEDIUM,4,1,3,89.212,86.798,2.5790000000000015,2.5790000000000015
2022,Monza,MAG,MEDIUM,5,1,4,88.126,86.798,1.548000000000003,1.548000000000003
2022,Monza,MAG,MEDIUM,6,1,5,87.918,86.798,1.3950000000000045,1.3950000000000045
2022,Monza,MAG,MEDIUM,7,1,6,87.833,86.798,1.3649999999999967,1.3649999999999967
2022,Monza,MAG,MEDIUM,8,1,7,88.877,86.798,2.4639999999999933,2.4639999999999933
2022,Monza,MAG,MEDIUM,9,1,8,88.644,86.798,2.2860000000000036,2.2860000000000036
2022,Monza,MAG,MEDIUM,10,1,9,87.835,86.798,1.531999999999992,1.531999999999992
2022,Monza,MAG,MEDIUM,13,1,10,88.457,86.798,2.2089999999999916,2.2089999999999916
2022,Monza,MAG,MEDIUM,14,1,11,88.137,86.798,1.9439999999999986,1.9439999999999986
2022,Monza,MAG,MEDIUM,15,1,12,88.232,86.798,2.0939999999999976,2.0939999999999976
2022,Monza,MAG,MEDIUM,16,1,13,88.755,86.798,2.6719999999999935,2.6719999999999935
2022,Monza,MAG,MEDIUM,17,1,14,88.144,86.798,2.1160000000000037,2.1160000000000037
2022,Monza,MAG,MEDIUM,18,1,15,88.771,86.798,2.797999999999999,2.797999999999999
2022,Monza,MAG,MEDIUM,19,1,16,87.88,86.798,1.9619999999999935,1.9619999999999935
2022,Monza,MAG,MEDIUM,20,1,17,89.423,86.798,3.56,3.56
2022,Monza,MAG,MEDIUM,21,1,18,88.625,86.798,2.8169999999999984,2.8169999999999984
2022,Monza,MAG,MEDIUM,22,1,19,88.395,86.798,2.641999999999994,2.641999999999994
2022,Monza,MAG,MEDIUM,23,1,20,88.011,86.798,2.312999999999994,2.312999999999994
2022,Monza,MAG,HARD,2,2,1,87.631,86.798,0.8879999999999985,0.8879999999999985
2022,Monza,MAG,HARD,3,2,2,88.535,86.798,1.8469999999999949,1.8469999999999949
2022,Monza,MAG,HARD,4,2,3,87.082,86.798,0.44899999999999185,0.44899999999999185
2022,Monza,MAG,HARD,5,2,4,86.853,86.798,0.2749999999999926,0.2749999999999926
2022,Monza,MAG,HARD,6,2,5,87.2,86.798,0.677000000000001,0.677000000000001
2022,Monza,MAG,HARD,7,2,6,87.763,86.798,1.2950000000000035,1.2950000000000035
2022,Monza,MAG,HARD,8,2,7,86.976,86.798,0.5629999999999973,0.5629999999999973
2022,Monza,MAG,HARD,9,2,8,87.203,86.798,0.8450000000000011,0.8450000000000011
2022,Monza,MAG,HARD,10,2,9,87.087,86.798,0.7840000000000015,0.7840000000000015
2022,Monza,MAG,HARD,11,2,10,87.034,86.798,0.7860000000000043,0.7860000000000043
2022,Monza,MAG,HARD,12,2,11,87.156,86.798,0.9630000000000041,0.9630000000000041
2022,Monza,MAG,HARD,13,2,12,86.798,86.798,0.66,0.66
2022,Monza,MAG,HARD,14,2,13,87.075,86.798,0.992000000000001,0.992000000000001
2022,Monza,MAG,HARD,15,2,14,87.498,86.798,1.4700000000000029,1.4700000000000029
2022,Monza,MAG,HARD,16,2,15,87.061,86.798,1.0880000000000052,1.0880000000000052
2022,Monza,MAG,HARD,17,2,16,87.645,86.798,1.726999999999994,1.726999999999994
2022,Monza,MAG,HARD,18,2,17,87.416,86.798,1.552999999999995,1.552999999999995
2022,Monza,MAG,HARD,19,2,18,88.341,86.798,2.5329999999999924,2.5329999999999924
2022,Monza,MAG,HARD,20,2,19,87.224,86.798,1.4710000000000019,1.4710000000000019
2022,Monza,MAG,HARD,21,2,20,87.573,86.798,1.8749999999999916,1.8749999999999916
2022,Monza,TSU,MEDIUM,2,1,1,89.541,86.857,2.7389999999999977,2.7389999999999977
2022,Monza,TSU,MEDIUM,3,1,2,89.333,86.857,2.585999999999999,2.585999999999999
2022,Monza,TSU,MEDIUM,4,1,3,88.198,86.857,1.505999999999994,1.505999999999994
2022,Monza,TSU,MEDIUM,5,1,4,87.638,86.857,1.0010000000000059,1.0010000000000059
2022,Monza,TSU,MEDIUM,6,1,5,87.372,86.857,0.7900000000000006,0.7900000000000006
2022,Monza,TSU,MEDIUM,7,1,6,87.55,86.857,1.022999999999998,1.022999999999998
2022,Monza,TSU,MEDIUM,8,1,7,87.331,86.857,0.8590000000000038,0.8590000000000038
2022,Monza,TSU,MEDIUM,9,1,8,87.578,86.857,1.1610000000000036,1.1610000000000036
2022,Monza,TSU,MEDIUM,10,1,9,87.564,86.857,1.2019999999999937,1.2019999999999937
2022,Monza,TSU,MEDIUM,13,1,10,87.377,86.857,1.069999999999996,1.069999999999996
2022,Monza,TSU,MEDIUM,14,1,11,87.591,86.857,1.3389999999999946,1.3389999999999946
2022,Monza,TSU,MEDIUM,15,1,12,87.51,86.857,1.313000000000006,1.313000000000006
2022,Monza,TSU,MEDIUM,16,1,13,87.405,86.857,1.2630000000000017,1.2630000000000017
2022,Monza,TSU,MEDIUM,17,1,14,87.5,86.857,1.4130000000000007,1.4130000000000007
2022,Monza,TSU,MEDIUM,18,1,15,87.927,86.857,1.8950000000000073,1.8950000000000073
2022,Monza,TSU,HARD,3,2,1,87.243,86.857,0.4409999999999957,0.4409999999999957
2022,Monza,TSU,HARD,4,2,2,87.53,86.857,0.7830000000000018,0.7830000000000018
2022,Monza,TSU,HARD,5,2,3,87.272,86.857,0.5800000000000063,0.5800000000000063
2022,Monza,TSU,HARD,6,2,4,87.256,86.857,0.6190000000000009,0.6190000000000009
2022,Monza,TSU,HARD,7,2,5,87.329,86.857,0.7469999999999942,0.7469999999999942
2022,Monza,TSU,HARD,8,2,6,87.372,86.857,0.8450000000000006,0.8450000000000006
2022,Monza,TSU,HARD,9,2,7,87.217,86.857,0.7449999999999994,0.7449999999999994
2022,Monza,TSU,HARD,10,2,8,86.897,86.857,0.48000000000000625,0.48000000000000625
2022,Monza,TSU,HARD,11,2,9,87.083,86.857,0.7209999999999991,0.7209999999999991
2022,Monza,TSU,HARD,12,2,10,87.186,86.857,0.8790000000000078,0.8790000000000078
2022,Monza,TSU,HARD,13,2,11,87.227,86.857,0.9750000000000045,0.9750000000000045
2022,Monza,TSU,HARD,14,2,12,87.075,86.857,0.8780000000000036,0.8780000000000036
2022,Monza,TSU,HARD,15,2,13,87.032,86.857,0.8899999999999971,0.8899999999999971
2022,Monza,TSU,HARD,16,2,14,87.105,86.857,1.0180000000000047,1.0180000000000047
2022,Monza,TSU,HARD,17,2,15,87.017,86.857,0.9849999999999965,0.9849999999999965
2022,Monza,TSU,HARD,18,2,16,87.043,86.857,1.066000000000007,1.066000000000007
2022,Monza,TSU,HARD,19,2,17,87.075,86.857,1.1530000000000036,1.1530000000000036
2022,Monza,TSU,HARD,20,2,18,86.93,86.857,1.0630000000000075,1.0630000000000075
2022,Monza,TSU,HARD,21,2,19,86.99,86.857,1.1779999999999955,1.1779999999999955
2022,Monza,TSU,HARD,22,2,20,87.86,86.857,2.103,2.103
2022,Monza,TSU,HARD,23,2,21,87.268,86.857,1.5660000000000014,1.5660000000000014
2022,Monza,TSU,HARD,24,2,22,87.286,86.857,1.639000000000002,1.639000000000002
2022,Monza,TSU,HARD,25,2,23,86.857,86.857,1.265,1.265
2022,Monza,TSU,HARD,26,2,24,87.136,86.857,1.5989999999999964,1.5989999999999964
2022,Monza,TSU,HARD,27,2,25,87.877,86.857,2.394999999999996,2.394999999999996
2022,Monza,ZHO,MEDIUM,2,1,1,88.445,86.361,2.138999999999989,2.138999999999989
2022,Monza,ZHO,MEDIUM,3,1,2,87.989,86.361,1.7380000000000002,1.7380000000000002
2022,Monza,ZHO,MEDIUM,4,1,3,87.296,86.361,1.1000000000000023,1.1000000000000023
2022,Monza,ZHO,MEDIUM,5,1,4,87.546,86.361,1.4050000000000022,1.4050000000000022
2022,Monza,ZHO,MEDIUM,6,1,5,87.369,86.361,1.2829999999999955,1.2829999999999955
2022,Monza,ZHO,MEDIUM,7,1,6,87.3,86.361,1.268999999999993,1.268999999999993
2022,Monza,ZHO,MEDIUM,8,1,7,87.953,86.361,1.9769999999999988,1.9769999999999988
2022,Monza,ZHO,MEDIUM,9,1,8,87.651,86.361,1.729999999999992,1.729999999999992
2022,Monza,ZHO,MEDIUM,10,1,9,87.471,86.361,1.6049999999999995,1.6049999999999995
2022,Monza,ZHO,MEDIUM,13,1,10,87.247,86.361,1.4359999999999957,1.4359999999999957
2022,Monza,ZHO,MEDIUM,14,1,11,87.611,86.361,1.855,1.855
2022,Monza,ZHO,MEDIUM,15,1,12,88.143,86.361,2.4419999999999966,2.4419999999999966
2022,Monza,ZHO,MEDIUM,16,1,13,87.771,86.361,2.1249999999999964,2.1249999999999964
2022,Monza,ZHO,MEDIUM,17,1,14,87.774,86.361,2.1829999999999967,2.1829999999999967
2022,Monza,ZHO,HARD,2,2,1,87.075,86.361,0.7689999999999987,0.7689999999999987
2022,Monza,ZHO,HARD,3,2,2,86.598,86.361,0.34699999999999476,0.34699999999999476
2022,Monza,ZHO,HARD,4,2,3,87.281,86.361,1.0850000000000017,1.0850000000000017
2022,Monza,ZHO,HARD,5,2,4,87.155,86.361,1.013999999999997,1.013999999999997
2022,Monza,ZHO,HARD,6,2,5,86.996,86.361,0.9099999999999909,0.9099999999999909
2022,Monza,ZHO,HARD,7,2,6,86.763,86.361,0.7320000000000011,0.7320000000000011
2022,Monza,ZHO,HARD,8,2,7,86.93,86.361,0.9540000000000026,0.9540000000000026
2022,Monza,ZHO,HARD,9,2,8,86.904,86.361,0.9829999999999921,0.9829999999999921
2022,Monza,ZHO,HARD,10,2,9,86.842,86.361,0.9759999999999945,0.9759999999999945
2022,Monza,ZHO,HARD,11,2,10,86.824,86.361,1.012999999999994,1.012999999999994
2022,Monza,ZHO,HARD,12,2,11,87.098,86.361,1.3419999999999948,1.3419999999999948
2022,Monza,ZHO,HARD,13,2,12,86.927,86.361,1.2260000000000026,1.2260000000000026
2022,Monza,ZHO,HARD,14,2,13,87.421,86.361,1.7750000000000021,1.7750000000000021
2022,Monza,ZHO,HARD,15,2,14,86.896,86.361,1.3049999999999966,1.3049999999999966
2022,Monza,ZHO,HARD,16,2,15,87.383,86.361,1.8469999999999913,1.8469999999999913
2022,Monza,ZHO,HARD,17,2,16,87.592,86.361,2.1109999999999944,2.1109999999999944
2022,Monza,ZHO,HARD,18,2,17,87.669,86.361,2.2429999999999928,2.2429999999999928
2022,Monza,ZHO,HARD,19,2,18,87.278,86.361,1.9070000000000016,1.9070000000000016
2022,Monza,ZHO,HARD,20,2,19,87.156,86.361,1.8400000000000016,1.8400000000000016
2022,Monza,ZHO,HARD,21,2,20,87.224,86.361,1.9629999999999996,1.9629999999999996
2022,Monza,ZHO,HARD,22,2,21,86.991,86.361,1.7849999999999955,1.7849999999999955
2022,Monza,ZHO,HARD,23,2,22,86.361,86.361,1.21,1.21
2022,Monza,ZHO,HARD,24,2,23,87.208,86.361,2.111999999999994,2.111999999999994
2022,Monza,ZHO,HARD,25,2,24,87.411,86.361,2.3699999999999974,2.3699999999999974
2022,Monza,ZHO,HARD,26,2,25,88.275,86.361,3.2890000000000015,3.2890000000000015
2022,Monza,ZHO,HARD,27,2,26,87.156,86.361,2.2250000000000014,2.2250000000000014
2022,Monza,RIC,MEDIUM,2,1,1,88.398,86.603,1.8500000000000016,1.8500000000000016
2022,Monza,RIC,MEDIUM,3,1,2,87.818,86.603,1.3250000000000035,1.3250000000000035
2022,Monza,RIC,MEDIUM,4,1,3,87.26,86.603,0.8220000000000107,0.8220000000000107
2022,Monza,RIC,MEDIUM,5,1,4,87.441,86.603,1.058000000000008,1.058000000000008
2022,Monza,RIC,MEDIUM,6,1,5,87.406,86.603,1.0780000000000114,1.0780000000000114
2022,Monza,RIC,MEDIUM,7,1,6,87.222,86.603,0.9489999999999998,0.9489999999999998
2022,Monza,RIC,MEDIUM,8,1,7,87.266,86.603,1.048000000000011,1.048000000000011
2022,Monza,RIC,MEDIUM,9,1,8,87.567,86.603,1.4039999999999986,1.4039999999999986
2022,Monza,RIC,MEDIUM,10,1,9,87.661,86.603,1.553000000000007,1.553000000000007
2022,Monza,RIC,MEDIUM,13,1,10,89.644,86.603,3.591000000000011,3.591000000000011
2022,Monza,RIC,MEDIUM,14,1,11,87.727,86.603,1.7290000000000094,1.7290000000000094
2022,Monza,RIC,MEDIUM,15,1,12,87.711,86.603,1.7680000000000042,1.7680000000000042
2022,Monza,RIC,MEDIUM,16,1,13,87.509,86.603,1.6210000000000058,1.6210000000000058
2022,Monza,RIC,MEDIUM,17,1,14,87.614,86.603,1.78100000000001,1.78100000000001
2022,Monza,RIC,MEDIUM,18,1,15,87.753,86.603,1.9750000000000056,1.9750000000000056
2022,Monza,RIC,HARD,2,2,1,87.372,86.603,0.8240000000000055,0.8240000000000055
2022,Monza,RIC,HARD,3,2,2,87.37,86.603,0.8770000000000101,0.8770000000000101
2022,Monza,RIC,HARD,4,2,3,86.911,86.603,0.47300000000000697,0.47300000000000697
2022,Monza,RIC,HARD,5,2,4,87.094,86.603,0.7109999999999996,0.7109999999999996
2022,Monza,RIC,HARD,6,2,5,86.971,86.603,0.6430000000000092,0.6430000000000092
2022,Monza,RIC,HARD,7,2,6,87.173,86.603,0.9000000000000075,0.9000000000000075
2022,Monza,RIC,HARD,8,2,7,86.918,86.603,0.700000000000012,0.700000000000012
2022,Monza,RIC,HARD,9,2,8,86.972,86.603,0.8089999999999997,0.8089999999999997
2022,Monza,RIC,HARD,10,2,9,87.175,86.603,1.0670000000000028,1.0670000000000028
2022,Monza,RIC,HARD,11,2,10,86.938,86.603,0.885000000000008,0.885000000000008
2022,Monza,RIC,HARD,12,2,11,87.317,86.603,1.3189999999999986,1.3189999999999986
2022,Monza,RIC,HARD,13,2,12,87.498,86.603,1.5550000000000104,1.5550000000000104
2022,Monza,RIC,HARD,14,2,13,87.143,86.603,1.255000000000006,1.255000000000006
2022,Monza,RIC,HARD,15,2,14,87.1,86.603,1.267,1.267
2022,Monza,RIC,HARD,16,2,15,86.978,86.603,1.2,1.2
2022,Monza,RIC,HARD,17,2,16,87.207,86.603,1.483999999999999,1.483999999999999
2022,Monza,RIC,HARD,18,2,17,88.336,86.603,2.668000000000004,2.668000000000004
2022,Monza,RIC,HARD,19,2,18,86.778,86.603,1.1650000000000114,1.1650000000000114
2022,Monza,RIC,HARD,20,2,19,86.603,86.603,1.045,1.045
2022,Monza,RIC,HARD,21,2,20,86.759,86.603,1.256000000000006,1.256000000000006
2022,Monza,RIC,HARD,22,2,21,86.751,86.603,1.3030000000000104,1.3030000000000104
2022,Monza,RIC,HARD,23,2,22,86.775,86.603,1.3820000000000112,1.3820000000000112
2022,Monza,RIC,HARD,24,2,23,86.751,86.603,1.4130000000000102,1.4130000000000102
2022,Monza,RIC,HARD,25,2,24,87.184,86.603,1.9010000000000031,1.9010000000000031
2022,Monza,RIC,HARD,26,2,25,87.296,86.603,2.068000000000012,2.068000000000012
2022,Monza,OCO,SOFT,2,1,1,88.849,86.593,2.3110000000000004,2.3110000000000004
2022,Monza,OCO,SOFT,3,1,2,88.228,86.593,1.744999999999991,1.744999999999991
2022,Monza,OCO,SOFT,4,1,3,87.725,86.593,1.2969999999999908,1.2969999999999908
2022,Monza,OCO,SOFT,5,1,4,88.005,86.593,1.631999999999992,1.631999999999992
2022,Monza,OCO,SOFT,6,1,5,88.533,86.593,2.2149999999999976,2.2149999999999976
2022,Monza,OCO,SOFT,7,1,6,87.642,86.593,1.3789999999999925,1.3789999999999925
2022,Monza,OCO,SOFT,8,1,7,87.379,86.593,1.1710000000000014,1.1710000000000014
2022,Monza,OCO,SOFT,9,1,8,87.876,86.593,1.7230000000000012,1.7230000000000012
2022,Monza,OCO,SOFT,10,1,9,88.206,86.593,2.1079999999999997,2.1079999999999997
2022,Monza,OCO,SOFT,13,1,10,87.636,86.593,1.5929999999999922,1.5929999999999922
2022,Monza,OCO,SOFT,14,1,11,87.859,86.593,1.8709999999999911,1.8709999999999911
2022,Monza,OCO,SOFT,15,1,12,87.709,86.593,1.7759999999999998,1.7759999999999998
2022,Monza,OCO,SOFT,16,1,13,88.442,86.593,2.5639999999999894,2.5639999999999894
2022,Monza,OCO,SOFT,17,1,14,88.196,86.593,2.3729999999999944,2.3729999999999944
2022,Monza,OCO,SOFT,18,1,15,87.885,86.593,2.1170000000000018,2.1170000000000018
2022,Monza,OCO,HARD,2,2,1,87.215,86.593,0.6769999999999999,0.6769999999999999
2022,Monza,OCO,HARD,3,2,2,87.16,86.593,0.676999999999993,0.676999999999993
2022,Monza,OCO,HARD,4,2,3,87.158,86.593,0.7299999999999978,0.7299999999999978
2022,Monza,OCO,HARD,5,2,4,87.106,86.593,0.732999999999991,0.732999999999991
2022,Monza,OCO,HARD,6,2,5,87.223,86.593,0.9049999999999955,0.9049999999999955
2022,Monza,OCO,HARD,7,2,6,87.054,86.593,0.7909999999999986,0.7909999999999986
2022,Monza,OCO,HARD,8,2,7,86.898,86.593,0.6899999999999926,0.6899999999999926
2022,Monza,OCO,HARD,9,2,8,86.93,86.593,0.7770000000000032,0.7770000000000032
2022,Monza,OCO,HARD,10,2,9,87.144,86.593,1.046000000000002,1.046000000000002
2022,Monza,OCO,HARD,11,2,10,87.095,86.593,1.0519999999999954,1.0519999999999954
2022,Monza,OCO,HARD,12,2,11,86.865,86.593,0.8769999999999913,0.8769999999999913
2022,Monza,OCO,HARD,13,2,12,86.858,86.593,0.9250000000000006,0.9250000000000006
2022,Monza,OCO,HARD,14,2,13,87.124,86.593,1.2459999999999916,1.2459999999999916
2022,Monza,OCO,HARD,15,2,14,86.881,86.593,1.0579999999999967,1.0579999999999967
2022,Monza,OCO,HARD,16,2,15,86.901,86.593,1.1329999999999927,1.1329999999999927
2022,Monza,OCO,HARD,17,2,16,86.798,86.593,1.0849999999999982,1.0849999999999982
2022,Monza,OCO,HARD,18,2,17,86.593,86.593,0.935,0.935
2022,Monza,OCO,HARD,19,2,18,86.667,86.593,1.063999999999998,1.063999999999998
2022,Monza,OCO,HARD,20,2,19,86.704,86.593,1.15599999999999,1.15599999999999
2022,Monza,OCO,HARD,21,2,20,86.594,86.593,1.1009999999999907,1.1009999999999907
2022,Monza,OCO,HARD,22,2,21,86.703,86.593,1.2649999999999995,1.2649999999999995
2022,Monza,OCO,HARD,23,2,22,86.99,86.593,1.6069999999999913,1.6069999999999913
2022,Monza,OCO,HARD,24,2,23,87.996,86.593,2.6679999999999913,2.6679999999999913
2022,Monza,OCO,HARD,25,2,24,87.391,86.593,2.118000000000002,2.118000000000002
2022,Monza,OCO,HARD,26,2,25,86.869,86.593,1.6509999999999962,1.6509999999999962
2022,Monza,NOR,MEDIUM,2,1,1,88.196,84.718,3.5329999999999946,3.5329999999999946
2022,Monza,NOR,MEDIUM,3,1,2,87.655,84.718,3.0469999999999975,3.0469999999999975
2022,Monza,NOR,MEDIUM,4,1,3,87.326,84.718,2.77299999999999,2.77299999999999
2022,Monza,NOR,MEDIUM,5,1,4,87.553,84.718,3.054999999999994,3.054999999999994
2022,Monza,NOR,MEDIUM,6,1,5,87.381,84.718,2.9379999999999966,2.9379999999999966
2022,Monza,NOR,MEDIUM,7,1,6,87.265,84.718,2.876999999999997,2.876999999999997
2022,Monza,NOR,MEDIUM,8,1,7,87.38,84.718,3.0469999999999917,3.0469999999999917
2022,Monza,NOR,MEDIUM,9,1,8,87.295,84.718,3.016999999999998,3.016999999999998
2022,Monza,NOR,MEDIUM,10,1,9,87.565,84.718,3.3419999999999943,3.3419999999999943
2022,Monza,NOR,MEDIUM,13,1,10,88.568,84.718,4.399999999999994,4.399999999999994
2022,Monza,NOR,MEDIUM,14,1,11,87.824,84.718,3.7109999999999945,3.7109999999999945
2022,Monza,NOR,MEDIUM,15,1,12,88.013,84.718,3.955000000000002,3.955000000000002
2022,Monza,NOR,MEDIUM,16,1,13,87.414,84.718,3.410999999999998,3.410999999999998
2022,Monza,NOR,MEDIUM,17,1,14,87.45,84.718,3.5019999999999993,3.5019999999999993
2022,Monza,NOR,MEDIUM,18,1,15,87.353,84.718,3.459999999999991,3.459999999999991
2022,Monza,NOR,MEDIUM,19,1,16,87.291,84.718,3.452999999999993,3.452999999999993
2022,Monza,NOR,MEDIUM,20,1,17,87.08,84.718,3.296999999999995,3.296999999999995
2022,Monza,NOR,MEDIUM,21,1,18,87.298,84.718,3.5699999999999985,3.5699999999999985
2022,Monza,NOR,MEDIUM,22,1,19,86.88,84.718,3.206999999999992,3.206999999999992
2022,Monza,NOR,MEDIUM,23,1,20,86.861,84.718,3.2430000000000008,3.2430000000000008
2022,Monza,NOR,MEDIUM,24,1,21,87.371,84.718,3.807999999999992,3.807999999999992
2022,Monza,NOR,MEDIUM,25,1,22,86.902,84.718,3.3939999999999975,3.3939999999999975
2022,Monza,NOR,MEDIUM,26,1,23,87.082,84.718,3.62899999999999,3.62899999999999
2022,Monza,NOR,MEDIUM,27,1,24,86.837,84.718,3.439,3.439
2022,Monza,NOR,MEDIUM,28,1,25,87.067,84.718,3.7239999999999895,3.7239999999999895
2022,Monza,NOR,MEDIUM,29,1,26,86.987,84.718,3.698999999999991,3.698999999999991
2022,Monza,NOR,MEDIUM,30,1,27,86.991,84.718,3.7579999999999965,3.7579999999999965
2022,Monza,NOR,MEDIUM,31,1,28,86.928,84.718,3.749999999999994,3.749999999999994
2022,Monza,NOR,MEDIUM,32,1,29,87.114,84.718,3.9910000000000005,3.9910000000000005
2022,Monza,NOR,MEDIUM,33,1,30,87.017,84.718,3.9489999999999923,3.9489999999999923
2022,Monza,NOR,MEDIUM,34,1,31,87.001,84.718,3.9880000000000013,3.9880000000000013
2022,Monza,NOR,SOFT,4,2,1,85.309,84.718,0.645999999999994,0.645999999999994
2022,Monza,NOR,SOFT,5,2,2,85.167,84.718,0.558999999999998,0.558999999999998
2022,Monza,NOR,SOFT,6,2,3,85.034,84.718,0.48100000000000254,0.48100000000000254
2022,Monza,NOR,SOFT,7,2,4,84.926,84.718,0.4279999999999984,0.4279999999999984
2022,Monza,NOR,SOFT,8,2,5,84.799,84.718,0.3560000000000031,0.3560000000000031
2022,Monza,NOR,SOFT,9,2,6,85.082,84.718,0.6939999999999902,0.6939999999999902
2022,Monza,NOR,SOFT,10,2,7,84.718,84.718,0.385,0.385
2022,Monza,NOR,SOFT,11,2,8,84.891,84.718,0.6130000000000018,0.6130000000000018
2022,Monza,NOR,SOFT,12,2,9,84.825,84.718,0.6019999999999993,0.6019999999999993
2022,Monza,HAM,MEDIUM,2,1,1,90.032,84.434,5.652999999999999,5.652999999999999
2022,Monza,HAM,MEDIUM,3,1,2,88.954,84.434,4.629999999999996,4.629999999999996
2022,Monza,HAM,MEDIUM,4,1,3,88.153,84.434,3.8840000000000083,3.8840000000000083
2022,Monza,HAM,MEDIUM,5,1,4,87.806,84.434,3.592,3.592
2022,Monza,HAM,MEDIUM,6,1,5,87.335,84.434,3.175999999999996,3.175999999999996
2022,Monza,HAM,MEDIUM,7,1,6,87.943,84.434,3.8390000000000004,3.8390000000000004
2022,Monza,HAM,MEDIUM,8,1,7,87.783,84.434,3.7340000000000035,3.7340000000000035
2022,Monza,HAM,MEDIUM,9,1,8,86.724,84.434,2.730000000000006,2.730000000000006
2022,Monza,HAM,MEDIUM,10,1,9,87.646,84.434,3.7070000000000034,3.7070000000000034
2022,Monza,HAM,MEDIUM,13,1,10,87.207,84.434,3.322999999999996,3.322999999999996
2022,Monza,HAM,MEDIUM,14,1,11,87.307,84.434,3.4780000000000046,3.4780000000000046
2022,Monza,HAM,MEDIUM,15,1,12,87.462,84.434,3.688000000000006,3.688000000000006
2022,Monza,HAM,MEDIUM,16,1,13,87.227,84.434,3.5080000000000062,3.5080000000000062
2022,Monza,HAM,MEDIUM,17,1,14,86.762,84.434,3.098000000000003,3.098000000000003
2022,Monza,HAM,MEDIUM,18,1,15,87.409,84.434,3.8000000000000087,3.8000000000000087
2022,Monza,HAM,MEDIUM,19,1,16,86.576,84.434,3.021999999999996,3.021999999999996
2022,Monza,HAM,MEDIUM,20,1,17,87.01,84.434,3.5110000000000077,3.5110000000000077
2022,Monza,HAM,MEDIUM,21,1,18,86.722,84.434,3.277999999999997,3.277999999999997
2022,Monza,HAM,MEDIUM,22,1,19,86.646,84.434,3.2570000000000032,3.2570000000000032
2022,Monza,HAM,MEDIUM,23,1,20,87.023,84.434,3.6889999999999987,3.6889999999999987
2022,Monza,HAM,MEDIUM,24,1,21,88.066,84.434,4.787000000000005,4.787000000000005
2022,Monza,HAM,MEDIUM,25,1,22,87.467,84.434,4.243000000000001,4.243000000000001
2022,Monza,HAM,MEDIUM,26,1,23,87.183,84.434,4.014000000000009,4.014000000000009
2022,Monza,HAM,MEDIUM,27,1,24,87.06,84.434,3.946000000000005,3.946000000000005
2022,Monza,HAM,MEDIUM,28,1,25,86.906,84.434,3.8470000000000084,3.8470000000000084
2022,Monza,HAM,MEDIUM,29,1,26,86.957,84.434,3.952999999999996,3.952999999999996
2022,Monza,HAM,MEDIUM,30,1,27,87.17,84.434,4.2210000000000045,4.2210000000000045
2022,Monza,HAM,MEDIUM,31,1,28,86.885,84.434,3.9910000000000077,3.9910000000000077
2022,Monza,HAM,MEDIUM,32,1,29,86.771,84.434,3.932000000000003,3.932000000000003
2022,Monza,HAM,SOFT,2,2,1,85.491,84.434,1.112000000000002,1.112000000000002
2022,Monza,HAM,SOFT,3,2,2,86.376,84.434,2.052000000000007,2.052000000000007
2022,Monza,HAM,SOFT,4,2,3,85.282,84.434,1.012999999999999,1.012999999999999
2022,Monza,HAM,SOFT,5,2,4,84.82,84.434,0.6059999999999957,0.6059999999999957
2022,Monza,HAM,SOFT,6,2,5,84.714,84.434,0.5550000000000012,0.5550000000000012
2022,Monza,HAM,SOFT,7,2,6,84.525,84.434,0.4210000000000082,0.4210000000000082
2022,Monza,HAM,SOFT,8,2,7,84.49,84.434,0.4409999999999974,0.4409999999999974
2022,Monza,HAM,SOFT,9,2,8,84.471,84.434,0.47700000000000614,0.47700000000000614
2022,Monza,HAM,SOFT,10,2,9,84.434,84.434,0.495,0.495
2022,Monza,HAM,SOFT,11,2,10,84.984,84.434,1.0999999999999972,1.0999999999999972
2022,Monza,HAM,SOFT,12,2,11,84.845,84.434,1.0160000000000013,1.0160000000000013
2022,Monza,DEV,SOFT,2,1,1,88.416,86.624,1.8470000000000015,1.8470000000000015
2022,Monza,DEV,SOFT,3,1,2,87.566,86.624,1.0520000000000074,1.0520000000000074
2022,Monza,DEV,SOFT,4,1,3,87.459,86.624,1.000000000000008,1.000000000000008
2022,Monza,DEV,SOFT,5,1,4,87.428,86.624,1.024000000000002,1.024000000000002
2022,Monza,DEV,SOFT,6,1,5,87.466,86.624,1.1169999999999987,1.1169999999999987
2022,Monza,DEV,SOFT,7,1,6,87.341,86.624,1.0469999999999988,1.0469999999999988
2022,Monza,DEV,SOFT,8,1,7,87.328,86.624,1.0890000000000077,1.0890000000000077
2022,Monza,DEV,SOFT,9,1,8,88.071,86.624,1.8870000000000027,1.8870000000000027
2022,Monza,DEV,SOFT,10,1,9,87.381,86.624,1.252000000000005,1.252000000000005
2022,Monza,DEV,SOFT,13,1,10,87.451,86.624,1.3769999999999982,1.3769999999999982
2022,Monza,DEV,SOFT,14,1,11,87.859,86.624,1.8399999999999994,1.8399999999999994
2022,Monza,DEV,SOFT,15,1,12,88.096,86.624,2.1320000000000086,2.1320000000000086
2022,Monza,DEV,SOFT,16,1,13,87.554,86.624,1.6450000000000067,1.6450000000000067
2022,Monza,DEV,SOFT,17,1,14,87.623,86.624,1.7690000000000095,1.7690000000000095
2022,Monza,DEV,SOFT,18,1,15,87.836,86.624,2.0370000000000035,2.0370000000000035
2022,Monza,DEV,MEDIUM,2,2,1,87.098,86.624,0.5290000000000038,0.5290000000000038
2022,Monza,DEV,MEDIUM,3,2,2,86.748,86.624,0.23400000000000942,0.23400000000000942
2022,Monza,DEV,MEDIUM,4,2,3,86.925,86.624,0.46600000000000197,0.46600000000000197
2022,Monza,DEV,MEDIUM,5,2,4,86.818,86.624,0.4140000000000026,0.4140000000000026
2022,Monza,DEV,MEDIUM,6,2,5,86.643,86.624,0.2940000000000055,0.2940000000000055
2022,Monza,DEV,MEDIUM,7,2,6,87.115,86.624,0.8209999999999997,0.8209999999999997
2022,Monza,DEV,MEDIUM,8,2,7,86.756,86.624,0.517000000000005,0.517000000000005
2022,Monza,DEV,MEDIUM,9,2,8,86.968,86.624,0.7840000000000082,0.7840000000000082
2022,Monza,DEV,MEDIUM,10,2,9,86.923,86.624,0.7940000000000066,0.7940000000000066
2022,Monza,DEV,MEDIUM,11,2,10,86.993,86.624,0.9189999999999998,0.9189999999999998
2022,Monza,DEV,MEDIUM,12,2,11,87.478,86.624,1.4589999999999992,1.4589999999999992
2022,Monza,DEV,MEDIUM,13,2,12,87.401,86.624,1.4370000000000012,1.4370000000000012
2022,Monza,DEV,MEDIUM,14,2,13,87.145,86.624,1.2360000000000007,1.2360000000000007
2022,Monza,DEV,MEDIUM,15,2,14,87.101,86.624,1.2470000000000039,1.2470000000000039
2022,Monza,DEV,MEDIUM,16,2,15,87.879,86.624,2.08000000000001,2.08000000000001
2022,Monza,DEV,MEDIUM,17,2,16,88.091,86.624,2.3469999999999986,2.3469999999999986
2022,Monza,DEV,MEDIUM,18,2,17,87.149,86.624,1.4600000000000057,1.4600000000000057
2022,Monza,DEV,MEDIUM,19,2,18,87.324,86.624,1.6900000000000028,1.6900000000000028
2022,Monza,DEV,MEDIUM,20,2,19,87.198,86.624,1.618999999999998,1.618999999999998
2022,Monza,DEV,MEDIUM,21,2,20,86.824,86.624,1.300000000000003,1.300000000000003
2022,Monza,DEV,MEDIUM,22,2,21,86.624,86.624,1.155,1.155
2022,Monza,DEV,MEDIUM,23,2,22,87.153,86.624,1.7390000000000105,1.7390000000000105
2022,Monza,DEV,MEDIUM,24,2,23,87.266,86.624,1.90700000000001,1.90700000000001
2022,Monza,DEV,MEDIUM,25,2,24,87.348,86.624,2.044000000000004,2.044000000000004
2022,Monza,DEV,MEDIUM,26,2,25,86.949,86.624,1.7000000000000028,1.7000000000000028
2022,Monza,MSC,MEDIUM,2,1,1,90.906,85.298,5.663000000000004,5.663000000000004
2022,Monza,MSC,MEDIUM,3,1,2,89.301,85.298,4.113,4.113
2022,Monza,MSC,MEDIUM,4,1,3,88.248,85.298,3.115000000000003,3.115000000000003
2022,Monza,MSC,MEDIUM,5,1,4,87.412,85.298,2.3340000000000045,2.3340000000000045
2022,Monza,MSC,MEDIUM,6,1,5,87.712,85.298,2.6890000000000014,2.6890000000000014
2022,Monza,MSC,MEDIUM,7,1,6,87.949,85.298,2.9809999999999963,2.9809999999999963
2022,Monza,MSC,MEDIUM,8,1,7,88.199,85.298,3.285999999999996,3.285999999999996
2022,Monza,MSC,MEDIUM,9,1,8,88.693,85.298,3.834999999999996,3.834999999999996
2022,Monza,MSC,MEDIUM,10,1,9,87.574,85.298,2.7709999999999964,2.7709999999999964
2022,Monza,MSC,MEDIUM,13,1,10,88.08,85.298,3.3319999999999963,3.3319999999999963
2022,Monza,MSC,MEDIUM,14,1,11,88.348,85.298,3.654999999999997,3.654999999999997
2022,Monza,MSC,MEDIUM,15,1,12,88.021,85.298,3.382999999999999,3.382999999999999
2022,Monza,MSC,MEDIUM,16,1,13,87.322,85.298,2.7390000000000008,2.7390000000000008
2022,Monza,MSC,MEDIUM,17,1,14,87.525,85.298,2.997000000000004,2.997000000000004
2022,Monza,MSC,MEDIUM,18,1,15,87.548,85.298,3.075,3.075
2022,Monza,MSC,MEDIUM,19,1,16,87.645,85.298,3.226999999999994,3.226999999999994
2022,Monza,MSC,MEDIUM,20,1,17,87.885,85.298,3.5220000000000034,3.5220000000000034
2022,Monza,MSC,MEDIUM,21,1,18,87.856,85.298,3.547999999999993,3.547999999999993
2022,Monza,MSC,MEDIUM,22,1,19,87.537,85.298,3.2840000000000042,3.2840000000000042
2022,Monza,MSC,MEDIUM,23,1,20,87.545,85.298,3.347,3.347
2022,Monza,MSC,MEDIUM,24,1,21,88.403,85.298,4.260000000000004,4.260000000000004
2022,Monza,MSC,MEDIUM,25,1,22,87.674,85.298,3.5860000000000047,3.5860000000000047
2022,Monza,MSC,MEDIUM,26,1,23,87.491,85.298,3.4579999999999975,3.4579999999999975
2022,Monza,MSC,MEDIUM,27,1,24,87.034,85.298,3.0560000000000045,3.0560000000000045
2022,Monza,MSC,MEDIUM,28,1,25,87.511,85.298,3.587999999999994,3.587999999999994
2022,Monza,MSC,MEDIUM,29,1,26,87.652,85.298,3.783999999999999,3.783999999999999
2022,Monza,MSC,MEDIUM,30,1,27,87.424,85.298,3.611000000000005,3.611000000000005
2022,Monza,MSC,MEDIUM,31,1,28,87.197,85.298,3.439000000000001,3.439000000000001
2022,Monza,MSC,MEDIUM,32,1,29,87.51,85.298,3.807000000000003,3.807000000000003
2022,Monza,MSC,SOFT,2,2,1,85.882,85.298,0.6390000000000032,0.6390000000000032
2022,Monza,MSC,SOFT,3,2,2,86.2,85.298,1.0120000000000011,1.0120000000000011
2022,Monza,MSC,SOFT,4,2,3,87.488,85.298,2.3549999999999978,2.3549999999999978
2022,Monza,MSC,SOFT,5,2,4,85.708,85.298,0.6299999999999966,0.6299999999999966
2022,Monza,MSC,SOFT,6,2,5,86.523,85.298,1.4999999999999942,1.4999999999999942
2022,Monza,MSC,SOFT,7,2,6,87.339,85.298,2.370999999999997,2.370999999999997
2022,Monza,MSC,SOFT,8,2,7,86.805,85.298,1.892000000000005,1.892000000000005
2022,Monza,MSC,SOFT,9,2,8,86.195,85.298,1.3369999999999913,1.3369999999999913
2022,Monza,MSC,SOFT,10,2,9,85.298,85.298,0.495,0.495
2022,Monza,MSC,SOFT,11,2,10,85.993,85.298,1.2449999999999932,1.2449999999999932
2022,Monza,MSC,SOFT,12,2,11,86.264,85.298,1.570999999999994,1.570999999999994
2022,Monza,VET,MEDIUM,3,1,1,89.616,87.501,2.169999999999995,2.169999999999995
2022,Monza,VET,MEDIUM,4,1,2,88.338,87.501,0.9469999999999891,0.9469999999999891
2022,Monza,VET,MEDIUM,5,1,3,87.501,87.501,0.165,0.165
2022,Monza,VET,MEDIUM,6,1,4,87.928,87.501,0.6469999999999925,0.6469999999999925
2022,Monza,VET,MEDIUM,7,1,5,88.087,87.501,0.8609999999999985,0.8609999999999985
2022,Monza,VET,MEDIUM,8,1,6,87.662,87.501,0.4910000000000014,0.4910000000000014
2022,Monza,VET,MEDIUM,9,1,7,87.956,87.501,0.8399999999999983,0.8399999999999983
2022,Monza,VET,MEDIUM,10,1,8,87.851,87.501,0.7899999999999943,0.7899999999999943
2022,Monza,VET,MEDIUM,11,1,9,88.788,87.501,1.781999999999992,1.781999999999992
2022,Monza,SAI,MEDIUM,2,1,1,89.685,84.42,5.32,5.32
2022,Monza,SAI,MEDIUM,3,1,2,87.539,84.42,3.2289999999999996,3.2289999999999996
2022,Monza,SAI,MEDIUM,4,1,3,87.044,84.42,2.7889999999999953,2.7889999999999953
2022,Monza,SAI,MEDIUM,5,1,4,86.543,84.42,2.343000000000005,2.343000000000005
2022,Monza,SAI,MEDIUM,6,1,5,86.343,84.42,2.1980000000000017,2.1980000000000017
2022,Monza,SAI,MEDIUM,7,1,6,86.477,84.42,2.3870000000000022,2.3870000000000022
2022,Monza,SAI,MEDIUM,8,1,7,86.592,84.42,2.556999999999997,2.556999999999997
2022,Monza,SAI,MEDIUM,9,1,8,86.94,84.42,2.959999999999996,2.959999999999996
2022,Monza,SAI,MEDIUM,10,1,9,86.791,84.42,2.865999999999995,2.865999999999995
2022,Monza,SAI,MEDIUM,13,1,10,87.747,84.42,3.876999999999998,3.876999999999998
2022,Monza,SAI,MEDIUM,14,1,11,86.823,84.42,3.0079999999999916,3.0079999999999916
2022,Monza,SAI,MEDIUM,15,1,12,86.523,84.42,2.7629999999999946,2.7629999999999946
2022,Monza,SAI,MEDIUM,16,1,13,86.59,84.42,2.8850000000000016,2.8850000000000016
2022,Monza,SAI,MEDIUM,17,1,14,86.312,84.42,2.661999999999996,2.661999999999996
2022,Monza,SAI,MEDIUM,18,1,15,87.093,84.42,3.498000000000002,3.498000000000002
2022,Monza,SAI,MEDIUM,19,1,16,86.898,84.42,3.3579999999999943,3.3579999999999943
2022,Monza,SAI,MEDIUM,20,1,17,86.807,84.42,3.3220000000000005,3.3220000000000005
2022,Monza,SAI,MEDIUM,21,1,18,86.819,84.42,3.389000000000001,3.389000000000001
2022,Monza,SAI,MEDIUM,22,1,19,86.715,84.42,3.3400000000000016,3.3400000000000016
2022,Monza,SAI,MEDIUM,23,1,20,86.676,84.42,3.3560000000000003,3.3560000000000003
2022,Monza,SAI,MEDIUM,24,1,21,86.655,84.42,3.3899999999999997,3.3899999999999997
2022,Monza,SAI,MEDIUM,25,1,22,86.742,84.42,3.5320000000000027,3.5320000000000027
2022,Monza,SAI,MEDIUM,26,1,23,86.752,84.42,3.5969999999999933,3.5969999999999933
2022,Monza,SAI,MEDIUM,27,1,24,86.897,84.42,3.797000000000004,3.797000000000004
2022,Monza,SAI,MEDIUM,28,1,25,86.675,84.42,3.6299999999999955,3.6299999999999955
2022,Monza,SAI,MEDIUM,29,1,26,86.986,84.42,3.996000000000002,3.996000000000002
2022,Monza,SAI,SOFT,2,2,1,85.322,84.42,0.9570000000000011,0.9570000000000011
2022,Monza,SAI,SOFT,3,2,2,85.577,84.42,1.2669999999999966,1.2669999999999966
2022,Monza,SAI,SOFT,4,2,3,85.313,84.42,1.0580000000000007,1.0580000000000007
2022,Monza,SAI,SOFT,5,2,4,84.999,84.42,0.7989999999999935,0.7989999999999935
2022,Monza,SAI,SOFT,6,2,5,85.347,84.42,1.2019999999999924,1.2019999999999924
2022,Monza,SAI,SOFT,7,2,6,85.014,84.42,0.9239999999999942,0.9239999999999942
2022,Monza,SAI,SOFT,8,2,7,84.565,84.42,0.529999999999996,0.529999999999996
2022,Monza,SAI,SOFT,9,2,8,84.42,84.42,0.44,0.44
2022,Monza,SAI,SOFT,10,2,9,84.652,84.42,0.7269999999999993,0.7269999999999993
2022,Monza,SAI,SOFT,11,2,10,84.446,84.42,0.5759999999999963,0.5759999999999963
2022,Monza,SAI,SOFT,12,2,11,84.739,84.42,0.9240000000000026,0.9240000000000026
2022,Monza,SAI,SOFT,13,2,12,84.599,84.42,0.8390000000000021,0.8390000000000021
2022,Monza,SAI,SOFT,14,2,13,84.498,84.42,0.7930000000000029,0.7930000000000029
2022,Monza,SAI,SOFT,15,2,14,84.684,84.42,1.0339999999999958,1.0339999999999958
2022,Monza,SAI,SOFT,16,2,15,84.58,84.42,0.9849999999999965,0.9849999999999965
2022,Monza,LAT,MEDIUM,2,1,1,90.629,86.798,3.8860000000000032,3.8860000000000032
2022,Monza,LAT,MEDIUM,3,1,2,89.308,86.798,2.620000000000005,2.620000000000005
2022,Monza,LAT,MEDIUM,4,1,3,87.944,86.798,1.3110000000000008,1.3110000000000008
2022,Monza,LAT,MEDIUM,5,1,4,87.837,86.798,1.2590000000000015,1.2590000000000015
2022,Monza,LAT,MEDIUM,6,1,5,87.773,86.798,1.2499999999999942,1.2499999999999942
2022,Monza,LAT,MEDIUM,7,1,6,88.283,86.798,1.8149999999999995,1.8149999999999995
2022,Monza,LAT,MEDIUM,8,1,7,88.76,86.798,2.347000000000003,2.347000000000003
2022,Monza,LAT,MEDIUM,9,1,8,88.305,86.798,1.947000000000005,1.947000000000005
2022,Monza,LAT,MEDIUM,10,1,9,87.967,86.798,1.663999999999997,1.663999999999997
2022,Monza,LAT,MEDIUM,13,1,10,87.316,86.798,1.0680000000000007,1.0680000000000007
2022,Monza,LAT,MEDIUM,14,1,11,87.504,86.798,1.311000000000003,1.311000000000003
2022,Monza,LAT,HARD,2,2,1,86.798,86.798,0.055,0.055
2022,Monza,LAT,HARD,3,2,2,86.831,86.798,0.14300000000000124,0.14300000000000124
2022,Monza,LAT,HARD,4,2,3,87.449,86.798,0.8159999999999963,0.8159999999999963
2022,Monza,LAT,HARD,5,2,4,87.218,86.798,0.6400000000000017,0.6400000000000017
2022,Monza,LAT,HARD,6,2,5,87.208,86.798,0.6849999999999966,0.6849999999999966
2022,Monza,LAT,HARD,7,2,6,87.196,86.798,0.7279999999999962,0.7279999999999962
2022,Monza,LAT,HARD,8,2,7,87.346,86.798,0.9330000000000018,0.9330000000000018
2022,Monza,LAT,HARD,9,2,8,87.394,86.798,1.0360000000000036,1.0360000000000036
2022,Monza,LAT,HARD,10,2,9,87.22,86.798,0.916999999999997,0.916999999999997
2022,Monza,LAT,HARD,11,2,10,87.04,86.798,0.7920000000000045,0.7920000000000045
2022,Monza,LAT,HARD,12,2,11,87.095,86.798,0.901999999999997,0.901999999999997
2022,Monza,LAT,HARD,13,2,12,87.028,86.798,0.890000000000004,0.890000000000004
2022,Monza,LAT,HARD,14,2,13,87.15,86.798,1.0670000000000037,1.0670000000000037
2022,Monza,LAT,HARD,15,2,14,87.194,86.798,1.1660000000000008,1.1660000000000008
2022,Monza,LAT,HARD,16,2,15,88.348,86.798,2.3749999999999973,2.3749999999999973
2022,Monza,LAT,HARD,17,2,16,87.292,86.798,1.3739999999999997,1.3739999999999997
2022,Monza,LAT,HARD,18,2,17,87.074,86.798,1.2109999999999963,1.2109999999999963
2022,Monza,LAT,HARD,19,2,18,87.496,86.798,1.6879999999999933,1.6879999999999933
2022,Monza,LAT,HARD,20,2,19,86.945,86.798,1.1919999999999913,1.1919999999999913
2022,Monza,LAT,HARD,21,2,20,87.266,86.798,1.5680000000000036,1.5680000000000036
2022,Monza,LAT,HARD,22,2,21,87.071,86.798,1.4279999999999962,1.4279999999999962
2022,Monza,LAT,HARD,23,2,22,88.025,86.798,2.437000000000004,2.437000000000004
2022,Monza,LAT,HARD,24,2,23,87.309,86.798,1.7759999999999956,1.7759999999999956
2022,Monza,LAT,HARD,25,2,24,87.284,86.798,1.8060000000000043,1.8060000000000043
2022,Monza,LAT,HARD,26,2,25,88.779,86.798,3.3559999999999945,3.3559999999999945
2022,Monza,LAT,HARD,27,2,26,88.415,86.798,3.047000000000004,3.047000000000004
2022,Monza,LAT,HARD,28,2,27,87.331,86.798,2.0180000000000016,2.0180000000000016
2022,Monza,LAT,HARD,29,2,28,87.99,86.798,2.731999999999993,2.731999999999993
2022,Monza,LAT,HARD,30,2,29,87.452,86.798,2.248999999999996,2.248999999999996
2022,Monza,RUS,SOFT,2,1,1,86.724,85.288,1.491000000000007,1.491000000000007
2022,Monza,RUS,SOFT,3,1,2,86.432,85.288,1.2540000000000056,1.2540000000000056
2022,Monza,RUS,SOFT,4,1,3,86.143,85.288,1.020000000000004,1.020000000000004
2022,Monza,RUS,SOFT,5,1,4,86.878,85.288,1.8100000000000034,1.8100000000000034
2022,Monza,RUS,SOFT,6,1,5,85.761,85.288,0.747999999999999,0.747999999999999
2022,Monza,RUS,SOFT,7,1,6,86.255,85.288,1.2969999999999988,1.2969999999999988
2022,Monza,RUS,SOFT,8,1,7,86.273,85.288,1.3699999999999994,1.3699999999999994
2022,Monza,RUS,SOFT,9,1,8,86.404,85.288,1.5559999999999996,1.5559999999999996
2022,Monza,RUS,SOFT,10,1,9,86.169,85.288,1.3760000000000003,1.3760000000000003
2022,Monza,RUS,SOFT,14,1,10,86.289,85.288,1.5510000000000048,1.5510000000000048
2022,Monza,RUS,SOFT,15,1,11,86.302,85.288,1.61900000000001,1.61900000000001
2022,Monza,RUS,SOFT,16,1,12,86.396,85.288,1.7680000000000042,1.7680000000000042
2022,Monza,RUS,SOFT,17,1,13,86.234,85.288,1.6609999999999978,1.6609999999999978
2022,Monza,RUS,SOFT,18,1,14,86.412,85.288,1.8940000000000095,1.8940000000000095
2022,Monza,RUS,SOFT,19,1,15,86.452,85.288,1.9890000000000014,1.9890000000000014
2022,Monza,RUS,SOFT,20,1,16,86.537,85.288,2.1290000000000093,2.1290000000000093
2022,Monza,RUS,SOFT,21,1,17,86.491,85.288,2.138000000000003,2.138000000000003
2022,Monza,RUS,SOFT,22,1,18,86.714,85.288,2.416000000000002,2.416000000000002
2022,Monza,RUS,HARD,2,2,1,85.678,85.288,0.44500000000000056,0.44500000000000056
2022,Monza,RUS,HARD,3,2,2,85.593,85.288,0.4150000000000068,0.4150000000000068
2022,Monza,RUS,HARD,4,2,3,85.917,85.288,0.7940000000000049,0.7940000000000049
2022,Monza,RUS,HARD,5,2,4,85.792,85.288,0.7240000000000049,0.7240000000000049
2022,Monza,RUS,HARD,6,2,5,86.159,85.288,1.1460000000000092,1.1460000000000092
2022,Monza,RUS,HARD,7,2,6,86.14,85.288,1.182000000000004,1.182000000000004
2022,Monza,RUS,HARD,8,2,7,85.938,85.288,1.0350000000000057,1.0350000000000057
2022,Monza,RUS,HARD,9,2,8,86.041,85.288,1.193,1.193
2022,Monza,RUS,HARD,10,2,9,85.957,85.288,1.163999999999997,1.163999999999997
2022,Monza,RUS,HARD,11,2,10,86.087,85.288,1.3490000000000066,1.3490000000000066
2022,Monza,RUS,HARD,12,2,11,85.714,85.288,1.031000000000002,1.031000000000002
2022,Monza,RUS,HARD,13,2,12,85.893,85.288,1.2650000000000041,1.2650000000000041
2022,Monza,RUS,HARD,14,2,13,85.985,85.288,1.4120000000000026,1.4120000000000026
2022,Monza,RUS,HARD,15,2,14,85.645,85.288,1.1269999999999993,1.1269999999999993
2022,Monza,RUS,HARD,16,2,15,85.652,85.288,1.1890000000000043,1.1890000000000043
2022,Monza,RUS,HARD,17,2,16,85.288,85.288,0.88,0.88
2022,Monza,RUS,HARD,18,2,17,85.366,85.288,1.013000000000003,1.013000000000003
2022,Monza,RUS,HARD,19,2,18,85.431,85.288,1.1330000000000007,1.1330000000000007
2022,Monza,RUS,HARD,20,2,19,85.509,85.288,1.2660000000000036,1.2660000000000036
2022,Monza,RUS,HARD,21,2,20,86.052,85.288,1.86400000000001,1.86400000000001
2022,Monza,RUS,HARD,22,2,21,86.052,85.288,1.91900000000001,1.91900000000001
2022,Monza,RUS,HARD,23,2,22,85.833,85.288,1.7550000000000017,1.7550000000000017
2022,Monza,BOT,MEDIUM,2,1,1,89.846,85.706,4.195,4.195
2022,Monza,BOT,MEDIUM,3,1,2,89.643,85.706,4.046999999999998,4.046999999999998
2022,Monza,BOT,MEDIUM,4,1,3,88.362,85.706,2.8209999999999917,2.8209999999999917
2022,Monza,BOT,MEDIUM,5,1,4,87.56,85.706,2.0739999999999994,2.0739999999999994
2022,Monza,BOT,MEDIUM,6,1,5,87.704,85.706,2.2729999999999904,2.2729999999999904
2022,Monza,BOT,MEDIUM,7,1,6,88.065,85.706,2.6889999999999947,2.6889999999999947
2022,Monza,BOT,MEDIUM,8,1,7,88.043,85.706,2.722000000000003,2.722000000000003
2022,Monza,BOT,MEDIUM,9,1,8,88.987,85.706,3.7209999999999916,3.7209999999999916
2022,Monza,BOT,MEDIUM,10,1,9,87.942,85.706,2.73099999999999,2.73099999999999
2022,Monza,BOT,MEDIUM,13,1,10,87.509,85.706,2.352999999999997,2.352999999999997
2022,Monza,BOT,MEDIUM,14,1,11,87.992,85.706,2.8910000000000013,2.8910000000000013
2022,Monza,BOT,MEDIUM,15,1,12,88.072,85.706,3.026,3.026
2022,Monza,BOT,MEDIUM,16,1,13,88.411,85.706,3.419999999999998,3.419999999999998
2022,Monza,BOT,MEDIUM,17,1,14,87.57,85.706,2.63399999999999,2.63399999999999
2022,Monza,BOT,MEDIUM,18,1,15,87.434,85.706,2.5529999999999946,2.5529999999999946
2022,Monza,BOT,MEDIUM,19,1,16,87.491,85.706,2.6649999999999965,2.6649999999999965
2022,Monza,BOT,MEDIUM,20,1,17,87.637,85.706,2.8659999999999974,2.8659999999999974
2022,Monza,BOT,MEDIUM,21,1,18,87.669,85.706,2.952999999999994,2.952999999999994
2022,Monza,BOT,MEDIUM,22,1,19,88.688,85.706,4.026999999999999,4.026999999999999
2022,Monza,BOT,MEDIUM,23,1,20,87.671,85.706,3.0650000000000035,3.0650000000000035
2022,Monza,BOT,MEDIUM,24,1,21,87.827,85.706,3.2759999999999954,3.2759999999999954
2022,Monza,BOT,MEDIUM,25,1,22,87.549,85.706,3.0530000000000035,3.0530000000000035
2022,Monza,BOT,MEDIUM,26,1,23,87.771,85.706,3.3299999999999974,3.3299999999999974
2022,Monza,BOT,MEDIUM,27,1,24,87.813,85.706,3.4269999999999996,3.4269999999999996
2022,Monza,BOT,MEDIUM,28,1,25,87.648,85.706,3.316999999999993,3.316999999999993
2022,Monza,BOT,MEDIUM,29,1,26,88.377,85.706,4.100999999999992,4.100999999999992
2022,Monza,BOT,MEDIUM,30,1,27,87.303,85.706,3.0819999999999945,3.0819999999999945
2022,Monza,BOT,MEDIUM,31,1,28,87.602,85.706,3.436000000000001,3.436000000000001
2022,Monza,BOT,MEDIUM,32,1,29,87.322,85.706,3.2109999999999994,3.2109999999999994
2022,Monza,BOT,MEDIUM,33,1,30,87.182,85.706,3.125999999999999,3.125999999999999
2022,Monza,BOT,MEDIUM,34,1,31,86.993,85.706,2.991999999999992,2.991999999999992
2022,Monza,BOT,SOFT,2,2,1,86.481,85.706,0.8299999999999915,0.8299999999999915
2022,Monza,BOT,SOFT,3,2,2,86.105,85.706,0.5090000000000009,0.5090000000000009
2022,Monza,BOT,SOFT,4,2,3,86.123,85.706,0.5820000000000016,0.5820000000000016
2022,Monza,BOT,SOFT,5,2,4,86.104,85.706,0.6179999999999961,0.6179999999999961
2022,Monza,BOT,SOFT,6,2,5,86.356,85.706,0.9249999999999915,0.9249999999999915
2022,Monza,BOT,SOFT,7,2,6,86.197,85.706,0.8209999999999997,0.8209999999999997
2022,Monza,BOT,SOFT,8,2,7,86.25,85.706,0.9289999999999969,0.9289999999999969
2022,Monza,BOT,SOFT,9,2,8,86.062,85.706,0.7959999999999945,0.7959999999999945
2022,Monza,BOT,SOFT,10,2,9,85.706,85.706,0.495,0.495
